{
  "type": "FeatureCollection",
  "features": [
    {
      "type": "Feature",
      "geometry": {
        "type": "Polygon",
        "coordinates": [
          [
            [115.187444437, -8.06251882299999],
            [115.45284831199994, -8.162106613000024],
            [115.710874693, -8.400543599999992],
            [115.369924859, -8.574904859000025],
            [115.23742539599999, -8.802056214999958],
            [114.938444272, -8.480292783999925],
            [114.58158677799999, -8.398280328999956],
            [114.43231731600004, -8.119155246999991],
            [114.87557774900002, -8.195333000000009],
            [115.187444437, -8.06251882299999]
          ]
        ]
      },
      "properties": { "PROVINSI": "BALI", "REGION": "", "NEGARA": "", "IBU_PROV": "", "id": 51 }
    },
    {
      "type": "Feature",
      "geometry": {
        "type": "Polygon",
        "coordinates": [
          [
            [106.70184347400007, -6.096583856999953],
            [106.70147724900006, -6.096313479999964],
            [106.77989978000001, -6.316544077999968],
            [106.46925378000012, -6.303490077999989],
            [106.39715600200009, -6.9787319069999505],
            [105.96082000000015, -6.81202],
            [105.53846000000011, -6.874829999999925],
            [105.2412800000001, -6.8404299999999125],
            [105.36992, -6.646619999999974],
            [105.44757000000006, -6.825699999999994],
            [105.64970000000014, -6.481600000000036],
            [105.80810000000017, -6.472459999999984],
            [105.88215000000025, -6.073499999999925],
            [106.02898000000008, -5.886539999999922],
            [106.72423656200014, -6.088236755999958],
            [106.70184347400007, -6.096583856999953]
          ]
        ]
      },
      "properties": { "PROVINSI": "BANTEN", "REGION": "", "NEGARA": "", "IBU_PROV": "", "id": 36 }
    },
    {
      "type": "Feature",
      "geometry": {
        "type": "Polygon",
        "coordinates": [
          [
            [110.82964094500015, -8.201578865999963],
            [110.70596000000015, -8.19979000000001],
            [110.00293705400017, -7.8879987409999615],
            [110.1435089020001, -7.645124400999929],
            [110.44607544000019, -7.541897270999957],
            [110.53176879900016, -7.798240641999936],
            [110.7856063990002, -7.816842044999987],
            [110.82964094500015, -8.201578865999963]
          ]
        ]
      },
      "properties": {
        "PROVINSI": "DAERAH ISTIMEWA YOGYAKARTA",
        "REGION": "",
        "NEGARA": "",
        "IBU_PROV": "",
        "id": 34
      }
    },
    {
      "type": "Feature",
      "geometry": {
        "type": "Polygon",
        "coordinates": [
          [
            [106.86452285692883, -6.111101693131353],
            [106.77989978000001, -6.316544077999968],
            [106.70147724900006, -6.096313479999964],
            [106.70184347400007, -6.096583856999953],
            [106.72423656200014, -6.088236755999958],
            [106.86452285692883, -6.111101693131353]
          ]
        ]
      },
      "properties": {
        "PROVINSI": "DKI JAKARTA",
        "REGION": "",
        "NEGARA": "",
        "IBU_PROV": "",
        "id": 31
      }
    },
    {
      "type": "Feature",
      "geometry": {
        "type": "Polygon",
        "coordinates": [
          [
            [108.57232666015625, -6.71337890625],
            [108.57208251953125, -6.71551513671875],
            [108.57232666015625, -6.71337890625],
            [108.66912841796875, -6.75848388671875],
            [108.78009033203125, -6.875],
            [108.714111328125, -7.134521484375],
            [108.67608642578125, -7.3572998046875],
            [108.796875, -7.68780517578125],
            [108.506103515625, -7.7540283203125],
            [108.13787841796875, -7.77899169921875],
            [107.69427490234375, -7.669189453125],
            [107.44171142578125, -7.507080078125],
            [106.8770751953125, -7.4329833984375],
            [106.58050537109375, -7.41522216796875],
            [106.3992919921875, -7.368408203125],
            [106.49530029296875, -7.10101318359375],
            [106.4268798828125, -6.35382080078125],
            [106.91131591796875, -6.29217529296875],
            [107.0308837890625, -5.91400146484375],
            [107.29791259765625, -5.95770263671875],
            [107.67230224609375, -6.2457275390625],
            [107.85089111328125, -6.18701171875],
            [108.12969970703125, -6.33441162109375],
            [108.34747314453125, -6.2366943359375],
            [108.53948974609375, -6.4835205078125],
            [108.57232666015625, -6.71337890625]
          ]
        ]
      },
      "properties": {
        "PROVINSI": "JAWA BARAT",
        "REGION": "",
        "NEGARA": "",
        "IBU_PROV": "",
        "id": 32
      }
    },
    {
      "type": "Feature",
      "geometry": {
        "type": "Polygon",
        "coordinates": [
          [
            [111.69161095200012, -6.753840726999975],
            [111.61925503500012, -6.821625642999944],
            [111.61920162200006, -6.821607073000006],
            [111.61015316400021, -7.143398226999935],
            [111.42604061800009, -7.312661612999964],
            [111.20831297700013, -7.244931659999924],
            [111.11906433100016, -7.423327885999946],
            [111.2725448350002, -7.93983741100001],
            [110.95322417500023, -8.062421765999954],
            [110.90871303000002, -8.21095985599997],
            [110.82964094500015, -8.201578865999963],
            [110.7856063990002, -7.816842044999987],
            [110.53176879900016, -7.798240641999936],
            [110.44607544000019, -7.541897270999957],
            [110.1435089020001, -7.645124400999929],
            [110.00293705400017, -7.8879987409999615],
            [109.08855000000008, -7.687709999999985],
            [108.78546000000011, -7.735739999999939],
            [108.7228775490001, -7.430495171000022],
            [108.5576248670001, -7.193068881000013],
            [108.714111328125, -7.134521484375],
            [108.78009033203125, -6.875],
            [108.8330900000001, -6.769159999999978],
            [109.12356000000013, -6.84744999999997],
            [109.56184000000013, -6.8303999999999405],
            [109.99885000000015, -6.922349999999959],
            [110.47556000000002, -6.921260000000011],
            [110.66432000000009, -6.502349999999961],
            [111.04700000000005, -6.425079999999987],
            [111.14890000000008, -6.6582300000000245],
            [111.49268000000012, -6.6206700000000325],
            [111.69161095200012, -6.753840726999975]
          ]
        ]
      },
      "properties": {
        "PROVINSI": "JAWA TENGAH",
        "REGION": "",
        "NEGARA": "",
        "IBU_PROV": "",
        "id": 33
      }
    },
    {
      "type": "Feature",
      "geometry": {
        "type": "MultiPolygon",
        "coordinates": [
          [
            [
              [113.90917185100007, -6.863505359999948],
              [114.10321021200008, -6.9376462810000135],
              [113.5492781190001, -7.232867825999982],
              [112.71971122000005, -7.172357865999938],
              [112.88204185100022, -6.890490802999942],
              [113.90917185100007, -6.863505359999948]
            ]
          ],
          [
            [
              [115.26723435100011, -6.827546563000013],
              [115.5759808730002, -6.930961799999917],
              [115.19811212300016, -6.921414948999953],
              [115.26723435100011, -6.827546563000013]
            ]
          ],
          [
            [
              [110.90871303000002, -8.21095985599997],
              [110.95322417500023, -8.062421765999954],
              [111.2725448350002, -7.93983741100001],
              [111.11906433100016, -7.423327885999946],
              [111.20831297700013, -7.244931659999924],
              [111.42604061800009, -7.312661612999964],
              [111.61015316400021, -7.143398226999935],
              [111.61920162200006, -6.821607073000006],
              [111.61925503500012, -6.821625642999944],
              [111.69161095200012, -6.753840726999975],
              [112.0527600000001, -6.886739999999929],
              [112.5467100000001, -6.834580000000027],
              [112.66003000000009, -7.207139999999949],
              [112.84428000000023, -7.28669999999995],
              [112.90860000000012, -7.628949999999961],
              [113.34560000000019, -7.771050000000017],
              [113.75590000000015, -7.7373500000000135],
              [114.03023000000013, -7.608549999999951],
              [114.44786000000013, -7.795709999999982],
              [114.34004000000003, -8.423249999999964],
              [114.53896000000026, -8.780159999999963],
              [114.30835000000006, -8.619480000000028],
              [113.9614300000001, -8.617299999999954],
              [113.78947000000015, -8.489620000000013],
              [113.26002000000008, -8.288639999999951],
              [112.65104094400019, -8.447849916999932],
              [112.33424000000005, -8.33297000000001],
              [111.77670000000009, -8.256659999999975],
              [111.65171000000014, -8.366339999999976],
              [111.45019000000016, -8.271729999999959],
              [110.90871303000002, -8.21095985599997]
            ]
          ]
        ]
      },
      "properties": {
        "PROVINSI": "JAWA TIMUR",
        "REGION": "",
        "NEGARA": "",
        "IBU_PROV": "",
        "id": 35
      }
    },
    {
      "type": "Feature",
      "geometry": {
        "type": "MultiPolygon",
        "coordinates": [
          [
            [
              [109.49801399300016, -0.978585587000028],
              [109.7606753410002, -1.0042074420000855],
              [109.78048414800014, -1.14421453900008],
              [109.50113107200022, -1.30942707500005],
              [109.38175726500018, -1.259409177000018],
              [109.49801399300016, -0.978585587000028]
            ]
          ],
          [
            [
              [109.25377465900024, -0.6613845690000151],
              [109.74306801200024, -0.9012875520000438],
              [109.30027817000028, -0.9001558019999276],
              [109.25377465900024, -0.6613845690000151]
            ]
          ],
          [
            [
              [109.20007005500027, -0.22135250399998618],
              [109.35638823100008, -0.46942505100006393],
              [109.09271348600022, -0.27239868599992256],
              [109.20007005500027, -0.22135250399998618]
            ]
          ],
          [
            [
              [114.21070814400018, 1.4107477909999968],
              [113.98612951300021, 1.1442246910000033],
              [113.84323861100009, 0.6656452660000003],
              [113.43796522600017, 0.2654058239999504],
              [113.42073043700013, -0.13924894400002863],
              [113.02663773000009, -0.47562395300004034],
              [112.56797803600016, -0.6961957600000321],
              [112.23137978700014, -0.6154532609999794],
              [111.62170930200014, -0.9999549780000425],
              [111.5682884790001, -1.180327029000031],
              [111.11867348300024, -1.5527542200000664],
              [110.8589019780002, -1.6304969790000765],
              [111.01614834000017, -1.744279996000012],
              [111.14632155800025, -2.7414789810000486],
              [111.06124970617863, -2.781581815904547],
              [110.65997759200023, -3.0408307909999857],
              [110.56460174500026, -2.8376379230000617],
              [110.30373344200008, -2.9942342540000646],
              [110.08806080600017, -2.2410773220000433],
              [110.09030904500011, -1.9594567230001],
              [109.92606382700025, -1.8581686829999864],
              [110.07398934500011, -1.3873088830000189],
              [109.94661251500021, -1.1250035430000391],
              [109.7324222830002, -0.9874444259999979],
              [109.65436901000018, -0.6717105690000533],
              [109.14252168700021, -0.5627079250000531],
              [109.09798266700018, -0.361071018000084],
              [109.35568048000023, -0.47048523199994285],
              [109.35510293200022, -0.26936671000005497],
              [109.18329616000008, -0.19998608100003956],
              [109.17635525400017, 0.07402213799994861],
              [108.92777375000017, 0.31842238999993633],
              [108.84214755200007, 0.8158114079999859],
              [108.97874638700024, 1.0146045379999382],
              [108.9069643230004, 1.1581723050000239],
              [109.04242949400019, 1.4822239119999328],
              [109.33979001375535, 1.7947692578983299],
              [109.34000024200039, 1.9439449429999511],
              [109.58988661100017, 1.9906844630000675],
              [109.66336090000014, 1.6173105079999441],
              [109.93167926400027, 1.4249314360000067],
              [110.2785442420002, 0.9958305389999946],
              [110.49185913900016, 0.8765929359999394],
              [110.80457063300014, 0.9005084809999477],
              [110.9082669250002, 1.0291236329999034],
              [111.23382981100019, 1.0859155809999823],
              [111.52230315600022, 0.9582459109999188],
              [112.14429937200025, 1.1349282109999717],
              [112.21357747500022, 1.4494043329999453],
              [112.48733015600011, 1.5795468329999753],
              [113.06001875000008, 1.5584781359999713],
              [113.01634606400015, 1.4051462469999745],
              [113.53899610300006, 1.322538935999992],
              [113.62043128600023, 1.2292665249999803],
              [113.97602527800022, 1.4496524999999618],
              [114.21070814400018, 1.4107477909999968]
            ]
          ]
        ]
      },
      "properties": {
        "PROVINSI": "KALIMANTAN BARAT",
        "REGION": "",
        "NEGARA": "",
        "IBU_PROV": "",
        "id": 61
      }
    },
    {
      "type": "Feature",
      "geometry": {
        "type": "MultiPolygon",
        "coordinates": [
          [
            [
              [116.26886954400018, -3.2212713340000456],
              [116.30990673400021, -3.9168503480000596],
              [116.09550363100017, -4.056532730000098],
              [116.00894436400014, -3.6121470510000067],
              [116.11366264400013, -3.3086170600000444],
              [116.26886954400018, -3.2212713340000456]
            ]
          ],
          [
            [
              [114.35493584300015, -3.462913946000038],
              [114.58726596672052, -2.821197120583078],
              [114.73586921669529, -2.7682159731242586],
              [114.77907920548766, -3.0043652248190313],
              [114.59775111822516, -3.1172642331228553],
              [114.48465917300014, -3.5006737340000407],
              [114.35493584300015, -3.462913946000038]
            ]
          ],
          [
            [
              [116.55409830400006, -2.417412878000006],
              [116.35659952900018, -2.5499554980000263],
              [116.36373844800013, -2.8788651449999905],
              [116.03089528100023, -3.364776198000078],
              [115.9692798800002, -3.608359459000058],
              [114.63680399100024, -4.173367730000047],
              [114.61677123800024, -3.6544664220000613],
              [114.51322198200018, -3.542417416000069],
              [114.59691003234937, -3.121905694288222],
              [114.78091130430174, -3.006187028487665],
              [114.73800637876171, -2.7657331135381527],
              [114.90435621313503, -2.4538214722441034],
              [115.29454581200007, -2.199307164000045],
              [115.43944652100012, -1.9775429480000692],
              [115.32438552800014, -1.7889150570000876],
              [115.42950885700016, -1.4683768420000884],
              [115.75398405900012, -1.3150418390000116],
              [115.54553904100013, -1.4888873780000953],
              [115.81837365500009, -2.066196424000003],
              [115.83567710900003, -2.3865853470000844],
              [116.00328714800014, -2.3262968220000655],
              [116.55409830400006, -2.417412878000006]
            ]
          ]
        ]
      },
      "properties": {
        "PROVINSI": "KALIMANTAN SELATAN",
        "REGION": "",
        "NEGARA": "",
        "IBU_PROV": "",
        "id": 63
      }
    },
    {
      "type": "Feature",
      "geometry": {
        "type": "MultiPolygon",
        "coordinates": [
          [
            [
              [114.35493584300015, -3.462913946000038],
              [114.2496141034446, -3.394328149563434],
              [114.34759545166263, -3.0933140425714414],
              [114.58726596672052, -2.821197120583078],
              [114.35493584300015, -3.462913946000038]
            ]
          ],
          [
            [
              [115.75398405900012, -1.3150418390000116],
              [115.42950885700016, -1.4683768420000884],
              [115.32438552800014, -1.7889150570000876],
              [115.43944652100012, -1.9775429480000692],
              [115.29454581200007, -2.199307164000045],
              [114.90435621313503, -2.4538214722441034],
              [114.76086768746818, -2.7189009419090007],
              [114.54687531155106, -2.8273313712226114],
              [114.1828104240002, -3.393212285000017],
              [114.06834702339809, -3.3220909762160447],
              [113.62929468400013, -3.4656492129999585],
              [113.60386275100034, -3.1656396800000466],
              [113.34280772500024, -3.279736663999936],
              [113.06293376500012, -3.0125554380000232],
              [112.92308987500023, -3.238838001000014],
              [112.54216338900022, -3.4447048580000286],
              [112.26342223200022, -3.3126761219999836],
              [111.89348460300012, -3.543815082999983],
              [111.77341957300017, -3.5078726320000677],
              [111.8256144480002, -3.052176497000018],
              [111.71830322600017, -2.8457098970000296],
              [111.54907024700017, -3.022825129000021],
              [111.2979191410002, -2.9263243100000538],
              [111.03882501400017, -3.0545716530000413],
              [110.73523107600015, -2.988393458999964],
              [111.06124970617863, -2.781581815904547],
              [111.14632155800025, -2.7414789810000486],
              [111.01614834000017, -1.744279996000012],
              [110.8589019780002, -1.6304969790000765],
              [111.11867348300024, -1.5527542200000664],
              [111.5682884790001, -1.180327029000031],
              [111.62170930200014, -0.9999549780000425],
              [112.23137978700014, -0.6154532609999794],
              [112.56797803600016, -0.6961957600000321],
              [113.02663773000009, -0.47562395300004034],
              [113.42073043700013, -0.13924894400002863],
              [113.43796522600017, 0.2654058239999504],
              [113.84323861100009, 0.6656452660000003],
              [114.10447665300013, 0.6983274199999858],
              [114.41105615400016, 0.49559922799996237],
              [114.70132401000016, 0.7282597550000016],
              [114.97974340400009, 0.7444928710000323],
              [115.13527616900011, 0.4298198109999287],
              [114.7912592810002, 0.09346340399994624],
              [114.9287943280002, -0.18218611500004123],
              [115.29688956500019, -0.03357020400006938],
              [115.22791987100015, -0.2972385670000275],
              [115.39253159600005, -0.8222751490000544],
              [115.8469609380002, -1.1572596600000349],
              [115.75398405900012, -1.3150418390000116]
            ]
          ]
        ]
      },
      "properties": {
        "PROVINSI": "KALIMANTAN TENGAH",
        "REGION": "",
        "NEGARA": "",
        "IBU_PROV": "",
        "id": 62
      }
    },
    {
      "type": "Feature",
      "geometry": {
        "type": "MultiPolygon",
        "coordinates": [
          [
            [
              [116.82664821489014, -1.1819806427019106],
              [116.55492424200028, -1.4496911069999872],
              [116.55792950500008, -1.6021956500000076],
              [116.28230375200027, -1.7289249759999823],
              [116.45133551200006, -1.7723848650000793],
              [116.40440706200012, -2.2120901180000683],
              [116.5963079890002, -2.2028440630000343],
              [116.55409830400006, -2.417412878000006],
              [116.00328714800014, -2.3262968220000655],
              [115.83567710900003, -2.3865853470000844],
              [115.81837365500009, -2.066196424000003],
              [115.54553904100013, -1.4888873780000953],
              [115.75398405900012, -1.3150418390000116],
              [115.8469609380002, -1.1572596600000349],
              [115.39253159600005, -0.8222751490000544],
              [115.22791987100015, -0.2972385670000275],
              [115.29688956500019, -0.03357020400006938],
              [114.9287943280002, -0.18218611500004123],
              [114.7912592810002, 0.09346340399994624],
              [115.13527616900011, 0.4298198109999287],
              [114.97974340400009, 0.7444928710000323],
              [114.70132401000016, 0.7282597550000016],
              [114.41105615400016, 0.49559922799996237],
              [114.10447665300013, 0.6983274199999858],
              [113.84323861100009, 0.6656452660000003],
              [113.98612951300021, 1.1442246910000033],
              [114.21070814400018, 1.4107477909999968],
              [114.38820027800017, 1.5185183330000154],
              [114.56745280200008, 1.4251925250000692],
              [114.75507529600009, 1.276564740000092],
              [115.29147038600006, 1.1717553629999902],
              [115.38118867000007, 1.3586709410000903],
              [115.76421906000007, 1.258449931000067],
              [116.12931037100012, 1.6629403600000376],
              [116.21905868800005, 2.094959425000093],
              [116.43673720400001, 2.510202553000058],
              [116.59069034000007, 2.4130539790000523],
              [117.02862284100001, 2.599275761000081],
              [117.40230933799998, 2.6068974340000945],
              [117.74942044900004, 2.327323117000044],
              [117.98614345314516, 2.435977345228877],
              [118.01943848400029, 2.1971357060000285],
              [117.68723814900001, 2.1806302739999373],
              [117.91849708300008, 1.813226049000014],
              [118.99013531300008, 1.0224809169999762],
              [118.79854674600027, 0.8087970909999544],
              [118.0640285800002, 0.9031244739999469],
              [118.0276879300001, 0.7777113509999847],
              [117.75561297800012, 0.7594733959999846],
              [117.52356505500013, 0.321115208999986],
              [117.45308669300006, -0.446088813000026],
              [117.27963087100008, -0.5774250130000578],
              [117.24853327100018, -0.9083950860000609],
              [117.0015652030002, -1.199286406000036],
              [116.82664821489014, -1.1819806427019106]
            ]
          ],
          [
            [
              [117.79205067181275, 2.6909283627333336],
              [117.79191579595258, 2.6901179267521647],
              [117.7917947259391, 2.6893904467195062],
              [117.79212789760268, 2.6915769616009255],
              [117.79205067181275, 2.6909283627333336]
            ]
          ],
          [
            [
              [117.5222530000001, 2.9160100000001554],
              [117.54770900000003, 2.9125900000001117],
              [117.5222530000001, 2.9160100000001554],
              [117.51801700000009, 2.9155190000000744],
              [117.49374600000007, 2.92521700000011],
              [117.493288, 2.9256350000000566],
              [117.5222530000001, 2.9160100000001554]
            ]
          ],
          [
            [
              [117.51359299999997, 2.9532330000001075],
              [117.51044882100015, 2.9553353809999328],
              [117.50727463400015, 2.9560977459999505],
              [117.50180199999996, 2.9579360000000356],
              [117.50727463400015, 2.9560977459999505],
              [117.49977300000003, 2.9586370000000386],
              [117.49883200000006, 2.958799000000031],
              [117.48043400000006, 2.957531000000099],
              [117.47947694095632, 2.9574693066998092],
              [117.55766800000008, 2.990277000000038],
              [117.55727496630693, 2.985784020669189],
              [117.51044882100015, 2.9553353809999328],
              [117.51359299999997, 2.9532330000001075]
            ]
          ],
          [
            [
              [117.44679949419591, 3.0636263677448516],
              [117.44174693584394, 3.0553550203222235],
              [117.44057000000012, 3.0573860000000366],
              [117.44667, 3.06384000000007],
              [117.44679949419591, 3.0636263677448516]
            ]
          ],
          [
            [
              [117.55218092524107, 3.0594189170358588],
              [117.55461000000001, 3.0566970000000495],
              [117.5136648259775, 3.0174972868654093],
              [117.4991050000001, 3.000853000000067],
              [117.49725954900026, 2.9992924689999567],
              [117.4991050000001, 3.000853000000067],
              [117.49320999495573, 2.9952820044253903],
              [117.49087999435021, 2.9926259912633624],
              [117.43832600000009, 3.056070000000175],
              [117.44325800000004, 3.0518480000000316],
              [117.477753, 3.0599410000000518],
              [117.48225000000004, 3.061404000000042],
              [117.55218092524107, 3.0594189170358588]
            ]
          ],
          [
            [
              [117.48279600000001, 3.0696290000000594],
              [117.48184000000003, 3.067355000000113],
              [117.47975876300025, 3.0654024379999845],
              [117.48184000000003, 3.067355000000113],
              [117.46585761000007, 3.059938158999951],
              [117.46502200000012, 3.060526000000049],
              [117.48279600000001, 3.0696290000000594]
            ]
          ],
          [
            [
              [117.50859700000005, 3.093931000000069],
              [117.4991039930002, 3.0848560699999394],
              [117.49846053100016, 3.0826526339999694],
              [117.4991039930002, 3.0848560699999394],
              [117.50073700000004, 3.0872530000001097],
              [117.50752300000009, 3.093583000000052],
              [117.50859700000005, 3.093931000000069]
            ]
          ],
          [
            [
              [117.49591300000013, 3.0917320000001105],
              [117.49435900000007, 3.091503000000081],
              [117.49074698500019, 3.0912896059999673],
              [117.49435900000007, 3.091503000000081],
              [117.48841900000002, 3.0956450000000437],
              [117.49149600000007, 3.0988130000000638],
              [117.49591300000013, 3.0917320000001105]
            ]
          ],
          [
            [
              [117.45814679900015, 3.51535768499994],
              [117.45630239500021, 3.5152677109999564],
              [117.45262500000004, 3.5146230000001246],
              [117.45047300000007, 3.5136700000000545],
              [117.45262500000004, 3.5146230000001246],
              [117.45630239500021, 3.5152677109999564],
              [117.45814679900015, 3.51535768499994]
            ]
          ],
          [
            [
              [117.28323400000012, 3.5720730000000733],
              [117.3253120000001, 3.491003000000056],
              [117.32863593400023, 3.4901497829999384],
              [117.3253120000001, 3.491003000000056],
              [117.32352598787, 3.4911971389655383],
              [117.28269452550039, 3.572745925833174],
              [117.28323400000012, 3.5720730000000733]
            ]
          ],
          [
            [
              [117.46005500000001, 4.045946000000086],
              [117.45927900000002, 4.046710000000061],
              [117.45941100000002, 4.046703000000104],
              [117.46005500000001, 4.045946000000086]
            ]
          ],
          [
            [
              [117.49389496363928, 4.117891547291506],
              [117.49159800000007, 4.117774000000093],
              [117.54536800000004, 4.166875000000022],
              [117.54609700000006, 4.166875000000022],
              [117.49389496363928, 4.117891547291506]
            ]
          ],
          [
            [
              [117.45900231000005, 4.17808968800005],
              [117.45050109600008, 4.189454266000045],
              [117.45008487400003, 4.189825738000095],
              [117.44956108400002, 4.19088929900003],
              [117.45900231000005, 4.17808968800005]
            ]
          ]
        ]
      },
      "properties": {
        "PROVINSI": "KALIMANTAN TIMUR",
        "REGION": "",
        "NEGARA": "",
        "IBU_PROV": "",
        "id": 64
      }
    },
    {
      "type": "Feature",
      "geometry": {
        "type": "MultiPolygon",
        "coordinates": [
          [
            [
              [117.62955586000025, 2.7995354659999228],
              [117.62761079800016, 2.7996249839999576],
              [117.62447300000005, 2.800197000000079],
              [117.62383800000009, 2.8004230000001265],
              [117.62113600000009, 2.8015070000001563],
              [117.61787200000003, 2.8024030000001288],
              [117.61607968600015, 2.803230678999955],
              [117.61494600000005, 2.8037130000001156],
              [117.6132174010002, 2.806376521999918],
              [117.61269975100018, 2.8071825249999938],
              [117.61236653800015, 2.80874064999995],
              [117.61085283000004, 2.811345363999993],
              [117.61067756400011, 2.8125343349999588],
              [117.61090257500017, 2.8130648439999772],
              [117.61173300000003, 2.81324100000003],
              [117.62195100000011, 2.808322000000082],
              [117.62544897900008, 2.8053822119999827],
              [117.62756200000003, 2.804079000000068],
              [117.62830473100011, 2.8033713409999583],
              [117.6290700000001, 2.802563000000088],
              [117.63015400000008, 2.801364000000092],
              [117.6305450000001, 2.8010100000001117],
              [117.63091600000007, 2.8004400000000684],
              [117.62955586000025, 2.7995354659999228]
            ]
          ],
          [
            [
              [117.6492370000001, 2.804324000000044],
              [117.649898, 2.8031010000001046],
              [117.65022098612265, 2.8022651434003043],
              [117.650159, 2.80209500000009],
              [117.65011300000002, 2.802033000000023],
              [117.64985200000001, 2.801969000000102],
              [117.64260351200024, 2.803659140999968],
              [117.63974100000007, 2.804512000000056],
              [117.63924862900002, 2.8047596209999837],
              [117.63844800000004, 2.8048840000001496],
              [117.63589999000025, 2.8060483999999475],
              [117.63429952800017, 2.8066837510000253],
              [117.63049953600017, 2.810213752999977],
              [117.62953000000005, 2.8110500000001117],
              [117.62893000000005, 2.8113290000001037],
              [117.6321338510002, 2.8131260839999817],
              [117.63284200000008, 2.813373000000116],
              [117.63732100000004, 2.813541000000072],
              [117.63790600000004, 2.8134940000001363],
              [117.639768, 2.8132460000000883],
              [117.64086100000011, 2.8126570000000264],
              [117.64298400000008, 2.8110310000000496],
              [117.64375371900002, 2.8104582719999582],
              [117.64552999999998, 2.8089060000000856],
              [117.64683700000003, 2.8073740000000704],
              [117.64802200000011, 2.8062740000000943],
              [117.6492370000001, 2.804324000000044]
            ]
          ],
          [
            [
              [117.6982370000001, 2.839056000000081],
              [117.69845861100016, 2.8391240259999817],
              [117.70060200000003, 2.8394990000000533],
              [117.7009420000001, 2.839379000000072],
              [117.706905, 2.838434000000042],
              [117.70812, 2.837833000000053],
              [117.70849400000012, 2.83752500000006],
              [117.71364700000007, 2.835196000000092],
              [117.71395300000007, 2.8350590000000366],
              [117.71547581500023, 2.8342681369999267],
              [117.71697200000003, 2.833566000000096],
              [117.71751670600025, 2.833497243999914],
              [117.71840100000013, 2.833240000000078],
              [117.721945, 2.829760000000089],
              [117.72209799644885, 2.8291269991712253],
              [117.72315188700013, 2.8277750899999488],
              [117.72469993700014, 2.827791217999951],
              [117.72512500000003, 2.8278250000000362],
              [117.72560177200015, 2.8281840109999434],
              [117.7266906940001, 2.828491183999957],
              [117.72709899500012, 2.828525122000012],
              [117.72776200000008, 2.8282850000000828],
              [117.72827200000009, 2.827652000000022],
              [117.729061, 2.827093000000044],
              [117.72962200000006, 2.826528000000014],
              [117.73065900000006, 2.825313000000026],
              [117.73099900000004, 2.824971000000062],
              [117.73149199200024, 2.8242180429999797],
              [117.73179800000007, 2.823944000000086],
              [117.73601392545335, 2.818723068787974],
              [117.73648571300016, 2.8185423369999496],
              [117.73772900000009, 2.8170160000001365],
              [117.73804000000005, 2.815998000000061],
              [117.73778899999999, 2.815542000000124],
              [117.73748687200013, 2.814912362999986],
              [117.73723500000007, 2.814275000000052],
              [117.73706300000005, 2.813863000000114],
              [117.73689200000001, 2.813372000000033],
              [117.73671800000001, 2.812948000000034],
              [117.73656500000006, 2.812509000000172],
              [117.73546600000007, 2.8103740000000457],
              [117.73516600000002, 2.809966000000127],
              [117.73501900000012, 2.809757000000065],
              [117.73388700000007, 2.8087840000000277],
              [117.73351300000004, 2.8085400000000895],
              [117.73289581800023, 2.808278546999907],
              [117.73249600000008, 2.808047000000066],
              [117.73154496800011, 2.807666753000002],
              [117.73131253100023, 2.807591489999992],
              [117.73080473600022, 2.807500702999941],
              [117.73035993900011, 2.8074294619999973],
              [117.72983300000011, 2.8073820000001106],
              [117.72936300000003, 2.807357000000085],
              [117.72894000000012, 2.8073950000000316],
              [117.72827167600025, 2.8074933539999547],
              [117.727834, 2.8075540000000423],
              [117.72675453700005, 2.8075876270000277],
              [117.72629758200016, 2.807653652999984],
              [117.72603769900006, 2.807679859999932],
              [117.7255660000001, 2.8076840000000516],
              [117.72466099700002, 2.8077169419999803],
              [117.7239450000001, 2.8077770000000193],
              [117.72345365900013, 2.807830900999906],
              [117.7229908630002, 2.807817589999959],
              [117.72276761600013, 2.807801582999967],
              [117.7223220000001, 2.80776700000008],
              [117.72168400000007, 2.8076970000000614],
              [117.72098690200013, 2.807601507999933],
              [117.72054900000005, 2.807574000000055],
              [117.71701900000009, 2.807868000000088],
              [117.71653200000003, 2.807781000000084],
              [117.71582499999998, 2.807626000000049],
              [117.71538400000009, 2.8075860000001596],
              [117.71493688300014, 2.8075535999999657],
              [117.71449600000005, 2.8075390000000446],
              [117.71426386600014, 2.807542362999924],
              [117.7134958890001, 2.8076148419999702],
              [117.71324999999999, 2.8076440000000282],
              [117.71274400000004, 2.807667000000066],
              [117.71252500000006, 2.8077070000001347],
              [117.71228700000007, 2.8077850000000595],
              [117.71100475200012, 2.807832774999972],
              [117.70802700000003, 2.807545000000097],
              [117.70194600000004, 2.8060410000000893],
              [117.70039400000006, 2.8054070000000797],
              [117.69758599999997, 2.80357600000006],
              [117.69606400000008, 2.802641000000058],
              [117.69137375600025, 2.8005324819999933],
              [117.68767476200016, 2.8004027630000072],
              [117.68424400000006, 2.799665000000026],
              [117.67914100000007, 2.798429000000077],
              [117.67542200000003, 2.7985900000000754],
              [117.67380899999998, 2.7989340000001164],
              [117.66812354300022, 2.7993605430000157],
              [117.66603819400025, 2.799823187999926],
              [117.66404494700026, 2.8006418869998972],
              [117.65859400000008, 2.8005270000000726],
              [117.65584000000003, 2.8014780000001096],
              [117.6543563170002, 2.8024990519999937],
              [117.65139353800019, 2.8052830389999484],
              [117.65015981300026, 2.806660162999939],
              [117.64753793300021, 2.8095098620000014],
              [117.6471448140002, 2.8102352609999803],
              [117.64549113100024, 2.812377602999958],
              [117.64492699439533, 2.8129319939479513],
              [117.64427194000008, 2.8135386250000094],
              [117.64327560900016, 2.8147391429999535],
              [117.6425558690002, 2.817759122999983],
              [117.64641954700022, 2.8214448649999424],
              [117.65117490100022, 2.8271183379999654],
              [117.6538830000001, 2.83140800000011],
              [117.6549070000001, 2.8329500000000643],
              [117.657322, 2.835810000000002],
              [117.65939699999998, 2.8380640000000703],
              [117.67321994000018, 2.8476531709999398],
              [117.67865500000002, 2.851330000000093],
              [117.68004800000007, 2.85145400000005],
              [117.68592000000001, 2.8521510000000774],
              [117.68863058500011, 2.8525993150000017],
              [117.69100899999998, 2.8531270000000966],
              [117.69143100000008, 2.853092000000043],
              [117.69205200000013, 2.852922000000099],
              [117.69241200000008, 2.8526370000001],
              [117.6929060000001, 2.8522600000000367],
              [117.69341300000012, 2.8518700000000976],
              [117.694295, 2.8510610000000405],
              [117.6946106840002, 2.8507553149999287],
              [117.69477198400004, 2.8506051829999413],
              [117.69555899627103, 2.8498789949071712],
              [117.69579100000014, 2.849464000000065],
              [117.69621600000005, 2.8490190000000615],
              [117.69698100000002, 2.8483860000000893],
              [117.69754199999998, 2.8477700000000574],
              [117.69812000000002, 2.847205000000116],
              [117.69886800000009, 2.8460930000000353],
              [117.70120000000013, 2.843894000000077],
              [117.70138700000007, 2.8437400000001247],
              [117.70188000000009, 2.8432270000000903],
              [117.70198200000009, 2.842594000000073],
              [117.70160700000005, 2.841705000000058],
              [117.70065400000007, 2.840782000000072],
              [117.6982370000001, 2.839056000000081]
            ]
          ],
          [
            [
              [117.53519615800025, 2.9107842759999647],
              [117.53866147600009, 2.9101272469999584],
              [117.53953700000004, 2.9097830000000293],
              [117.5411467600001, 2.9092791999999568],
              [117.54342300000005, 2.908406000000049],
              [117.5430896300001, 2.908104471999926],
              [117.53697074900018, 2.9064467179998976],
              [117.53474667800018, 2.9055818169999226],
              [117.53367, 2.905004000000119],
              [117.53104260100012, 2.9040995339999354],
              [117.52971199999998, 2.9041510000000628],
              [117.52897800000008, 2.9042020000000193],
              [117.52623399900017, 2.904328705999979],
              [117.52115100000005, 2.905172000000075],
              [117.51907475300023, 2.9062709270000076],
              [117.51839100000004, 2.9069340000001134],
              [117.51696595700008, 2.909675908999918],
              [117.51770034600018, 2.910245732999992],
              [117.51959375700018, 2.9105233189999558],
              [117.52043625300026, 2.9105480989999633],
              [117.52237152500015, 2.9107903279999325],
              [117.5239103440001, 2.9111760259999597],
              [117.52616263600012, 2.91166122999996],
              [117.53242700000008, 2.9114480000000356],
              [117.53519615800025, 2.9107842759999647]
            ]
          ],
          [
            [
              [117.57305500000008, 2.917077000000109],
              [117.57335067400022, 2.9171810699999723],
              [117.57453100000009, 2.917107000000061],
              [117.57491079500008, 2.915928458999981],
              [117.57339599999997, 2.914553000000083],
              [117.57223137400015, 2.9141143909999867],
              [117.5719889132835, 2.914008890934059],
              [117.57168900000013, 2.9136030000000837],
              [117.57098578000013, 2.9134646969999656],
              [117.57073496600016, 2.9133997549999213],
              [117.57062986100017, 2.913277870999962],
              [117.55852253000009, 2.913373844999998],
              [117.55700200000004, 2.9137410000000443],
              [117.5563865430001, 2.9139126249999903],
              [117.5560388380001, 2.914067269999996],
              [117.55613600000007, 2.914514000000054],
              [117.55683184400017, 2.9149691929999255],
              [117.55992177200014, 2.9166340319999184],
              [117.56293868100018, 2.9177461710000108],
              [117.56659866000022, 2.9186663079999375],
              [117.57117900000003, 2.9175090000000594],
              [117.571462, 2.9173870000000903],
              [117.57305500000008, 2.917077000000109]
            ]
          ],
          [
            [
              [117.49589600000006, 2.919427000000038],
              [117.49518400000012, 2.9199660000000485],
              [117.49460800000007, 2.9200980000000456],
              [117.49416952900022, 2.920315808999905],
              [117.49213878400015, 2.9222676279999282],
              [117.4897895460001, 2.924413491999931],
              [117.49025700000004, 2.9254160000000553],
              [117.4929820000001, 2.924796000000093],
              [117.49346090800012, 2.9242972999999983],
              [117.49458500000003, 2.922983000000009],
              [117.49521200000004, 2.9221460000000334],
              [117.49597700000001, 2.9211350000000493],
              [117.49652379400005, 2.9196907169999653],
              [117.49589600000006, 2.919427000000038]
            ]
          ],
          [
            [
              [117.510973, 2.9150070000001227],
              [117.50743882200007, 2.915434849999996],
              [117.5006186890002, 2.9178354830000286],
              [117.49626654600009, 2.922212288999968],
              [117.49446189200016, 2.9242296409999957],
              [117.49374600000007, 2.92521700000011],
              [117.51801700000009, 2.9155190000000744],
              [117.510973, 2.9150070000001227]
            ]
          ],
          [
            [
              [117.69117575381404, 2.933118160921686],
              [117.69177200000006, 2.933067000000097],
              [117.6921546750002, 2.932982080999955],
              [117.692893, 2.9329620000001135],
              [117.69302800000006, 2.9328530000000654],
              [117.69401939500021, 2.932455884000027],
              [117.69438083100027, 2.9324632469999257],
              [117.69476290400009, 2.9322761009999843],
              [117.69514800000005, 2.932078000000068],
              [117.69554100000006, 2.931903000000066],
              [117.6961640000001, 2.9317860000000664],
              [117.69720200000009, 2.931445000000096],
              [117.69842882700019, 2.931442252999914],
              [117.69940398400004, 2.931476051999957],
              [117.6995796220001, 2.931467293999943],
              [117.70013200000005, 2.9314290000001497],
              [117.7005105550002, 2.9313872989999856],
              [117.70183600000009, 2.9310390000000766],
              [117.70288992800026, 2.930544077999939],
              [117.70302400000006, 2.9304700000000707],
              [117.70392988900015, 2.9298582269999462],
              [117.70447400000003, 2.9293300000000713],
              [117.70467400000007, 2.9290720000000405],
              [117.70476200000007, 2.9289410000000373],
              [117.70493900000005, 2.9286500000000295],
              [117.70511400000007, 2.9283240000000568],
              [117.70520100000006, 2.9281490000000545],
              [117.70558700000002, 2.9272630000000213],
              [117.70574900000011, 2.926842000000093],
              [117.70586300000004, 2.9265360000000875],
              [117.70592100000013, 2.926377000000077],
              [117.70603900000003, 2.926054000000086],
              [117.70615700000012, 2.9257270000000304],
              [117.70627300000004, 2.9254040000000847],
              [117.70638600000005, 2.9250920000000704],
              [117.7066860000001, 2.9242800000000315],
              [117.70675800000001, 2.9240910000001143],
              [117.70690100000003, 2.923719000000066],
              [117.70697200000005, 2.9235380000001454],
              [117.70729899800011, 2.922715040999999],
              [117.70748900000001, 2.9222420000000717],
              [117.70764200000006, 2.9218570000000588],
              [117.70771199999999, 2.9216770000000416],
              [117.70791800000006, 2.921079000000123],
              [117.70802600000003, 2.920396000000011],
              [117.70804200000012, 2.9200820000000993],
              [117.70808400000013, 2.9199220000000494],
              [117.70886888300006, 2.9196121409999476],
              [117.70940800000008, 2.9192440000001296],
              [117.70985400000004, 2.918684000000069],
              [117.71003500000009, 2.918406000000026],
              [117.71137900000008, 2.9162410000000385],
              [117.71157700000003, 2.9159620000001354],
              [117.71167399999999, 2.9158310000000434],
              [117.71188098500024, 2.9155571329999885],
              [117.71220000000007, 2.915135000000099],
              [117.71240400000008, 2.9148570000000573],
              [117.71258800000011, 2.9145920000001126],
              [117.71284900000003, 2.9141620000000614],
              [117.71301100000002, 2.913845000000034],
              [117.71315200000006, 2.9135290000000005],
              [117.71331600000003, 2.9130820000000526],
              [117.7134510000001, 2.9125270000000505],
              [117.71347400000005, 2.912402000000011],
              [117.71353200000014, 2.9120580000000587],
              [117.71360200000008, 2.911219000000095],
              [117.71363500000005, 2.91052000000008],
              [117.71363300000007, 2.9102050000000856],
              [117.71357, 2.9096350000001294],
              [117.71347900000002, 2.9092680000000506],
              [117.71317900000007, 2.908653000000058],
              [117.71295700000009, 2.9083600000000622],
              [117.71269300000009, 2.9080710000000423],
              [117.70967400000006, 2.9060020000000932],
              [117.70018300000001, 2.9033800000001753],
              [117.69821379800015, 2.902750683999975],
              [117.69725568200028, 2.9029789259999417],
              [117.6963840000001, 2.9027520000000386],
              [117.69218500000012, 2.9030350000000515],
              [117.6788727740001, 2.9041813729999566],
              [117.66918400000012, 2.903119000000074],
              [117.66063400000012, 2.9017230000001204],
              [117.65669192000018, 2.9016538749999965],
              [117.6509028970002, 2.901978579999951],
              [117.64222277900018, 2.901949546999947],
              [117.63007754000007, 2.9044198359999696],
              [117.62308167900024, 2.9060659560000124],
              [117.61975600000004, 2.906638000000047],
              [117.6161340000001, 2.90781800000007],
              [117.59741667000016, 2.9071854480000026],
              [117.5937886860001, 2.9067614350000026],
              [117.58778700000008, 2.908050000000081],
              [117.58608237000027, 2.90840771499997],
              [117.58523, 2.908623000000108],
              [117.58203390000014, 2.9092309379999604],
              [117.58068495700009, 2.9107310489999128],
              [117.58842962500006, 2.914547126999909],
              [117.59080960900016, 2.9151170539999915],
              [117.59103800000004, 2.9150410000000484],
              [117.59345200000011, 2.915269000000084],
              [117.59695900000011, 2.915588000000099],
              [117.60652400000006, 2.9174100000000394],
              [117.61278357500011, 2.920178349999989],
              [117.63083400000004, 2.9245590000000687],
              [117.6363115610613, 2.9255489031287807],
              [117.63936599999997, 2.9264400000000492],
              [117.65437656800019, 2.9265171919999977],
              [117.66414600000009, 2.927866000000132],
              [117.66529871300017, 2.927935161999904],
              [117.66574300000006, 2.9282140000001036],
              [117.67284685400004, 2.930796276999934],
              [117.68758697400018, 2.93493726099999],
              [117.68889700000003, 2.9344770000000544],
              [117.68967900000007, 2.9340530000000555],
              [117.69053790237588, 2.933554078865117],
              [117.69088189100005, 2.9334062899999713],
              [117.69117575381404, 2.933118160921686]
            ]
          ],
          [
            [
              [117.55005538100029, 2.9468637139999343],
              [117.54831597100016, 2.947394649999988],
              [117.55076100000004, 2.9476410000000755],
              [117.55078800000005, 2.947380000000063],
              [117.55005538100029, 2.9468637139999343]
            ]
          ],
          [
            [
              [117.48040465200013, 2.9547281759999633],
              [117.48471854700018, 2.9536762949999718],
              [117.48734599999997, 2.9525010000000265],
              [117.48797700000004, 2.9514540000000835],
              [117.48858400000009, 2.948745000000116],
              [117.48861900000006, 2.947593000000012],
              [117.48884000000012, 2.946288000000038],
              [117.49038400000008, 2.9461220000001154],
              [117.49528500000004, 2.9474600000001097],
              [117.49616199631029, 2.9472129896681443],
              [117.4968989210001, 2.9467892909999938],
              [117.50022400000005, 2.94361000000006],
              [117.50358400000005, 2.9401580000000784],
              [117.51019100000005, 2.938497000000048],
              [117.51161300000001, 2.9381420000000738],
              [117.5144435280001, 2.9383641059999333],
              [117.51622100000009, 2.938751000000148],
              [117.51744900000008, 2.938915000000083],
              [117.51831400000006, 2.938762000000036],
              [117.52079900000005, 2.9386900000000296],
              [117.52120799999997, 2.938349000000059],
              [117.52291560900005, 2.9377252880000126],
              [117.52833805900018, 2.9399789409999633],
              [117.53286977300004, 2.9425212419999935],
              [117.53685790400007, 2.942531064000007],
              [117.5391330000001, 2.943236000000158],
              [117.54198700000008, 2.9439280000000814],
              [117.55083871200026, 2.9463243029999786],
              [117.55386799635278, 2.9476510075305695],
              [117.55574052600012, 2.949354805999991],
              [117.55762800000005, 2.9504400000001176],
              [117.55817785300026, 2.95089830099998],
              [117.55951100000007, 2.950874000000101],
              [117.56303796600012, 2.948095200999954],
              [117.5677157560002, 2.946921265999989],
              [117.57251562500024, 2.945305274999952],
              [117.5744570000001, 2.9436610000001053],
              [117.574295, 2.9431570000000598],
              [117.5731615380002, 2.94209943999991],
              [117.57244896500013, 2.9414815469999445],
              [117.57168699999997, 2.940278000000105],
              [117.57351400000005, 2.9350290000000747],
              [117.57626658300016, 2.9349952019998993],
              [117.57757774071439, 2.9346690574021705],
              [117.57888869800014, 2.9342941949999846],
              [117.58153400000006, 2.932482000000011],
              [117.58250493200003, 2.931489255999984],
              [117.5826820000001, 2.929911000000093],
              [117.58218000000014, 2.929244000000061],
              [117.5792007480002, 2.9278298969998984],
              [117.57814800000004, 2.9276840000000384],
              [117.57714477600018, 2.9275543689999273],
              [117.575963, 2.9275550000000683],
              [117.57095289700025, 2.92471870499996],
              [117.56889599999997, 2.922686000000038],
              [117.56513597900017, 2.920116774999957],
              [117.55965100000002, 2.918103000000091],
              [117.55704262100012, 2.9168495119999838],
              [117.55174451000016, 2.9139543569999793],
              [117.54770900000003, 2.9125900000001117],
              [117.5222530000001, 2.9160100000001554],
              [117.493288, 2.9256350000000566],
              [117.49123054900022, 2.926426986999995],
              [117.48719600000008, 2.9273030000000446],
              [117.4849805090002, 2.9280482069999314],
              [117.48243972000012, 2.929080008999949],
              [117.47894100000008, 2.9322190000000994],
              [117.47704769900011, 2.935289085999968],
              [117.47447470300011, 2.937430547999962],
              [117.47035120700008, 2.938799078999952],
              [117.46928099999998, 2.9389790000000495],
              [117.46682900000005, 2.9393160000000442],
              [117.455688, 2.935094000000035],
              [117.45529464600014, 2.9349114199999837],
              [117.4543109480002, 2.935353059000021],
              [117.45307000000001, 2.9371190000000738],
              [117.45088700000004, 2.9389040000000612],
              [117.44810300000009, 2.942344000000027],
              [117.44777079700023, 2.9440174979999822],
              [117.44819565600021, 2.946512791000031],
              [117.44896792100016, 2.947136343999932],
              [117.45341800000003, 2.9468910000000603],
              [117.45502300000012, 2.947514000000048],
              [117.45578052076013, 2.948046663014856],
              [117.45641678300018, 2.949385251999934],
              [117.45629656200009, 2.9504746420000094],
              [117.45561561000014, 2.9509923249999437],
              [117.45443563700022, 2.952879602999956],
              [117.45407274900012, 2.9538839780000137],
              [117.45407300000014, 2.9545990000000657],
              [117.45439100000006, 2.954827000000101],
              [117.45526900000006, 2.955344000000113],
              [117.45890175000008, 2.9539732489999393],
              [117.48040465200013, 2.9547281759999633]
            ]
          ],
          [
            [
              [117.5138370000001, 2.9475680000001203],
              [117.51441200000015, 2.947066000000106],
              [117.516205, 2.941319000000039],
              [117.51389193900012, 2.9397149089999663],
              [117.51157900000014, 2.939285000000055],
              [117.50299874900023, 2.941900431999964],
              [117.49987700000011, 2.9451850000000803],
              [117.49772296200015, 2.9472785389999734],
              [117.49381300000002, 2.9481430000000444],
              [117.48961700000002, 2.946755000000042],
              [117.4891885950002, 2.9472343339999574],
              [117.48909361400017, 2.9480731219999035],
              [117.48890388000018, 2.9502776069999603],
              [117.48762100000008, 2.9537570000000315],
              [117.48960800000009, 2.954374000000146],
              [117.5046450000001, 2.953103000000098],
              [117.50933700000009, 2.9506510000000787],
              [117.51112278900024, 2.949433194999904],
              [117.5138370000001, 2.9475680000001203]
            ]
          ],
          [
            [
              [117.50727463400015, 2.9560977459999505],
              [117.50180199999996, 2.9579360000000356],
              [117.49977300000003, 2.9586370000000386],
              [117.50727463400015, 2.9560977459999505]
            ]
          ],
          [
            [
              [117.49883200000006, 2.958799000000031],
              [117.49821667100015, 2.9585486559999685],
              [117.49224500000004, 2.9569440000001137],
              [117.48959499999998, 2.9564170000000303],
              [117.48867986700013, 2.9563315569999338],
              [117.48510589600018, 2.9564930159999703],
              [117.48272500000007, 2.9572800000001145],
              [117.48043400000006, 2.957531000000099],
              [117.49883200000006, 2.958799000000031]
            ]
          ],
          [
            [
              [117.66508698900023, 2.987856126999975],
              [117.66714194000018, 2.987025263999974],
              [117.66908900000007, 2.982615000000063],
              [117.67132900000004, 2.97593600000011],
              [117.67134300000014, 2.9736040000001607],
              [117.66976100000015, 2.9689000000001045],
              [117.668982, 2.9683530000000538],
              [117.66773600000012, 2.967884000000107],
              [117.66622592284374, 2.9676029690881434],
              [117.66591400000009, 2.9674780000001313],
              [117.66457498859852, 2.9672749982318924],
              [117.66513300000013, 2.9636750000000625],
              [117.67509700000005, 2.9618],
              [117.67550200000008, 2.9617840000000974],
              [117.67765100000008, 2.9616260000000807],
              [117.67850700000011, 2.9616410000000783],
              [117.6793560000001, 2.961592000000021],
              [117.67994800000005, 2.961701000000069],
              [117.68049300000004, 2.9619040000000787],
              [117.68078926200013, 2.9620606259999382],
              [117.68102319900021, 2.9626709439999876],
              [117.681272, 2.9628740000000455],
              [117.68209699999997, 2.9616840000000835],
              [117.68371599999999, 2.961417000000064],
              [117.68457200000003, 2.9605710000000975],
              [117.684883, 2.9603050000000266],
              [117.68746000000014, 2.9588610000000983],
              [117.68811400000008, 2.958469000000128],
              [117.69100899999998, 2.956307000000077],
              [117.69403400000007, 2.953948000000114],
              [117.69443889200019, 2.953666284999943],
              [117.69515400000002, 2.9522420000000906],
              [117.69588900000008, 2.95067200000004],
              [117.6959890000001, 2.9502090000001457],
              [117.69607799800009, 2.9496518699999674],
              [117.69608500000004, 2.9494340000000143],
              [117.69581493900017, 2.9484616389999863],
              [117.695682, 2.9481880000000373],
              [117.6954460000001, 2.947881000000038],
              [117.6949500000001, 2.9472280000000985],
              [117.69476483600025, 2.9470807589999515],
              [117.69417277723778, 2.946587718325442],
              [117.6939120000001, 2.9462930000000966],
              [117.69345000000007, 2.945999000000107],
              [117.69319864500007, 2.9458865009999924],
              [117.69131200000001, 2.945094000000057],
              [117.69071000000011, 2.944924000000068],
              [117.69031500000003, 2.944731000000086],
              [117.68992467200016, 2.944589391999961],
              [117.689707, 2.944514000000118],
              [117.68923200000003, 2.9443730000000414],
              [117.68901096100014, 2.9443134739999577],
              [117.68859000000012, 2.9442140000000308],
              [117.68810851100008, 2.944075843999925],
              [117.6876749830001, 2.9439916639999764],
              [117.68696400000015, 2.943846000000047],
              [117.68401500000003, 2.9426670000001067],
              [117.6721520000001, 2.9387540000000847],
              [117.66313760500023, 2.9361185689999436],
              [117.65441300000009, 2.934514000000096],
              [117.64885563900017, 2.9345369049999936],
              [117.64106100000005, 2.933379000000066],
              [117.63298900000008, 2.930945000000026],
              [117.63019982900006, 2.9302963949999628],
              [117.62696577300017, 2.9291606219999577],
              [117.62536889000012, 2.928653640999932],
              [117.606125, 2.9253660000000927],
              [117.59976390700012, 2.925460556999968],
              [117.59201781000003, 2.9236334139999576],
              [117.57902099999998, 2.921037000000112],
              [117.57325083000013, 2.9206745000000067],
              [117.57217999999999, 2.9207410000000458],
              [117.57075891400018, 2.921946324999989],
              [117.57087300000002, 2.9229120000000854],
              [117.5745740000001, 2.9259700000001088],
              [117.5782614410003, 2.9266113239999703],
              [117.58051271500013, 2.9270021499999777],
              [117.58258141200024, 2.9281713079999916],
              [117.58332957400005, 2.928954737999976],
              [117.5839506870002, 2.930299990999994],
              [117.58347300000001, 2.9320080000000495],
              [117.58230300000001, 2.933234000000059],
              [117.57938156200024, 2.9352513849999573],
              [117.57885885400016, 2.935503860999975],
              [117.57776399999997, 2.9357310000000716],
              [117.5771716540001, 2.935862027999945],
              [117.57583795100005, 2.936089455999933],
              [117.57449909500012, 2.936057883999985],
              [117.57321900000015, 2.936150000000101],
              [117.57217974400015, 2.9374044519999343],
              [117.57291794400012, 2.940255234999909],
              [117.57383798600021, 2.941263279999915],
              [117.57525000000007, 2.9426230000001077],
              [117.57552882300006, 2.9434908209999255],
              [117.57376391600013, 2.9460566040000336],
              [117.57096881100023, 2.9467898569999518],
              [117.5680464960002, 2.947947065999954],
              [117.56297464400022, 2.9532009249999858],
              [117.56796359800018, 2.9567281079999708],
              [117.5689879976341, 2.9574860031981265],
              [117.5752526170002, 2.9609023409999358],
              [117.57874080400016, 2.9635381859999788],
              [117.5798917990001, 2.9648202449999195],
              [117.58086279679586, 2.9653798828071265],
              [117.58234195700005, 2.966580038999953],
              [117.582665942893, 2.966796961752425],
              [117.58363680400025, 2.968078760999968],
              [117.58392467200026, 2.968620609999948],
              [117.58503979100024, 2.9700471769999437],
              [117.58530963000028, 2.9704987019999107],
              [117.58608286400013, 2.9712389509999637],
              [117.58671225100025, 2.971762530999942],
              [117.58822290300019, 2.9735141390000086],
              [117.58922976400001, 2.974001343999908],
              [117.59142255600015, 2.9740182489999745],
              [117.59305772400009, 2.973439287999944],
              [117.59538700000007, 2.972989000000034],
              [117.59722053100018, 2.9730063370000037],
              [117.59756200000001, 2.9736020000001275],
              [117.59828100000007, 2.9736920000001135],
              [117.60158800000013, 2.9730580000000586],
              [117.60439183900023, 2.9729120769999318],
              [117.60469754000022, 2.973164822999972],
              [117.60476974100015, 2.973670612999988],
              [117.6042486670002, 2.9739418999999634],
              [117.602793, 2.9752800000000548],
              [117.60277573000019, 2.975676943999903],
              [117.6025611910002, 2.977736549999963],
              [117.6049420000001, 2.9789500000000437],
              [117.6099507760001, 2.981320320999923],
              [117.61035300000007, 2.981467000000112],
              [117.61073370400005, 2.981640285999929],
              [117.61197100000001, 2.982072000000077],
              [117.6121598750001, 2.98202614799997],
              [117.61228699751662, 2.982008005330381],
              [117.61233871100015, 2.982032099000018],
              [117.6124088830001, 2.9821708159999494],
              [117.61336500000006, 2.9824680000000683],
              [117.61404950400022, 2.9825901440000058],
              [117.61470700000008, 2.98264800000004],
              [117.61503268700021, 2.982668123999974],
              [117.6153684590002, 2.982683268999984],
              [117.61574192500018, 2.982694015999896],
              [117.61820800000012, 2.982439000000112],
              [117.6184890000001, 2.982371000000036],
              [117.61860899838538, 2.9823409936138168],
              [117.61875300000008, 2.9822970000000417],
              [117.61899100000007, 2.982206000000062],
              [117.61910956500012, 2.9821462099999563],
              [117.619191, 2.982002000000058],
              [117.61915500000013, 2.981883000000071],
              [117.61921400000004, 2.9816840000001257],
              [117.61973800000014, 2.9815230000000383],
              [117.62191200000008, 2.980772000000073],
              [117.62339300000005, 2.980403000000095],
              [117.62332000000005, 2.98021800000011],
              [117.62403200000007, 2.9803290000000118],
              [117.62452473000018, 2.9802251409999903],
              [117.62492500000006, 2.980205000000055],
              [117.62528900000007, 2.9800780000000273],
              [117.62528600000009, 2.979892000000092],
              [117.62547900000007, 2.979878000000088],
              [117.6256586370002, 2.979989953999982],
              [117.62606928700025, 2.9800203149999183],
              [117.62648888100006, 2.979987244000024],
              [117.62715500000002, 2.979783000000044],
              [117.62847599200016, 2.97958404299997],
              [117.62891700000004, 2.9794520000000126],
              [117.62911800000006, 2.979580000000034],
              [117.6311290000001, 2.9793080000000884],
              [117.63134199869515, 2.9792649935674076],
              [117.63267400000004, 2.9790530000000395],
              [117.63290899200013, 2.979027090999984],
              [117.6335399680002, 2.978990041999938],
              [117.63461038000004, 2.979062164999955],
              [117.63542016300008, 2.97910099399997],
              [117.6356245580002, 2.979126042],
              [117.63608195800012, 2.9792372389999633],
              [117.63665960300013, 2.979507312999927],
              [117.63703800000008, 2.9796640000000565],
              [117.63795853200023, 2.979870885999989],
              [117.63815100000015, 2.9799970000000755],
              [117.63880500000008, 2.980435000000078],
              [117.63921690000015, 2.9806393399999775],
              [117.6394590000001, 2.9807850000000826],
              [117.63990963700019, 2.9810138319999657],
              [117.64024389700013, 2.981184045000016],
              [117.64065078900005, 2.981349340999926],
              [117.64134350900017, 2.9816848839999777],
              [117.64225469600015, 2.9822060160000197],
              [117.64242856900006, 2.9822823019999367],
              [117.64317490500017, 2.982561103000001],
              [117.64346794900008, 2.9826461310000196],
              [117.64368100000003, 2.9827750000000677],
              [117.64392300000006, 2.98283800000004],
              [117.64436695480491, 2.98299399249474],
              [117.64451909500019, 2.983083705999987],
              [117.64489693500019, 2.9832441490000283],
              [117.64570586500015, 2.9835601439999726],
              [117.64631380600018, 2.9838300040000076],
              [117.64684667900022, 2.984112073999987],
              [117.64741588900016, 2.9844160339999126],
              [117.64753976100019, 2.984573812999911],
              [117.64793552800016, 2.984752932999899],
              [117.64827876900023, 2.9849193029999865],
              [117.6486766430002, 2.9851122819999665],
              [117.64903078200018, 2.9853333309999597],
              [117.65005600000009, 2.9859600000000732],
              [117.6503589130002, 2.9861329649999524],
              [117.65056965700006, 2.986261859999959],
              [117.65097899999999, 2.986495000000019],
              [117.6515310000001, 2.986821000000126],
              [117.65171200000006, 2.9868560000000457],
              [117.65217368100018, 2.9872923099999538],
              [117.65863141800007, 2.987828048999961],
              [117.65933200000003, 2.987718000000047],
              [117.66229900000012, 2.9877010000000617],
              [117.66377896500019, 2.987841267999989],
              [117.66508698900023, 2.987856126999975]
            ]
          ],
          [
            [
              [117.54518886200006, 2.956261823999937],
              [117.53726800000007, 2.951242000000174],
              [117.53511877480564, 2.9500156800205657],
              [117.52806657800026, 2.945277486999962],
              [117.52564800000007, 2.9434260000000236],
              [117.52315055200022, 2.9402807439999767],
              [117.52179531500026, 2.9402077339999755],
              [117.52013561900007, 2.9420003849999743],
              [117.51935397600015, 2.943921645999956],
              [117.51763458400008, 2.9483896849999836],
              [117.51499672300022, 2.9518453590000027],
              [117.51359299999997, 2.9532330000001075],
              [117.51044882100015, 2.9553353809999328],
              [117.55727496630693, 2.985784020669189],
              [117.557637, 2.985209000000064],
              [117.55856400000005, 2.9832450000000534],
              [117.55960100000004, 2.9813300000000567],
              [117.55983295974356, 2.9808880766956625],
              [117.55960100000004, 2.980250000000048],
              [117.56083300000003, 2.97941500000006],
              [117.56433400000006, 2.970304000000098],
              [117.5596736610002, 2.9642395819999257],
              [117.55193696300019, 2.9599564840000125],
              [117.54518886200006, 2.956261823999937]
            ]
          ],
          [
            [
              [117.62940484200027, 2.992679030999965],
              [117.63005700000005, 2.9927170000001304],
              [117.63304972800023, 2.9920211999999813],
              [117.6351930000001, 2.9906770000001393],
              [117.63640400000011, 2.989820000000062],
              [117.63710400000002, 2.9887160000001103],
              [117.63776600000008, 2.987707000000025],
              [117.63786000000005, 2.9867740000001],
              [117.63750056200007, 2.986317386999935],
              [117.63642080200017, 2.985423468999957],
              [117.63411900000006, 2.9836890000001084],
              [117.63289131700017, 2.983419805999996],
              [117.63162500000011, 2.9833440000000735],
              [117.62847891000014, 2.983846639999963],
              [117.62656059900021, 2.9842720329999883],
              [117.62464252500014, 2.9851217009999464],
              [117.62387499999996, 2.985508000000067],
              [117.62245600000006, 2.986319000000023],
              [117.62134383000014, 2.9872836009999437],
              [117.62065300000009, 2.9874770000000908],
              [117.6202697450001, 2.987824212999999],
              [117.62000153300019, 2.9885186599999924],
              [117.6203857990001, 2.989521306999996],
              [117.62146070500013, 2.9904078519999855],
              [117.62272760100025, 2.9915642729999226],
              [117.62387900000012, 2.9920650000001414],
              [117.62940484200027, 2.992679030999965]
            ]
          ],
          [
            [
              [117.52438095000014, 3.009135441999997],
              [117.51774400000015, 3.0050840000001102],
              [117.5152745500002, 3.0039096269999765],
              [117.51395967000022, 3.0040420700000103],
              [117.5142705740001, 3.005564653999957],
              [117.51484353400025, 3.006355766999955],
              [117.52125099999998, 3.0104410000000605],
              [117.5218956040002, 3.01033308499997],
              [117.52438095000014, 3.009135441999997]
            ]
          ],
          [
            [
              [117.51366083191624, 3.0103283293072414],
              [117.51122500000007, 3.0051370000000546],
              [117.5108700000001, 3.004575000000006],
              [117.5006174580001, 2.997423492000081],
              [117.49882200000005, 2.9964450000000786],
              [117.51366083191624, 3.0103283293072414]
            ]
          ],
          [
            [
              [117.55563076900019, 3.010963192999969],
              [117.55800700000006, 3.008046000000184],
              [117.55947600000002, 3.003411000000109],
              [117.55766800000008, 2.990277000000038],
              [117.47947694095632, 2.9574693066998092],
              [117.47922100000005, 2.95745300000004],
              [117.47721070800019, 2.956949906999937],
              [117.47420683700007, 2.956337593999989],
              [117.46905881000026, 2.9557508899999396],
              [117.463198, 2.9561220000000468],
              [117.45755000000005, 2.9569350000000796],
              [117.45660956700014, 2.956812730999956],
              [117.45584000000005, 2.9567890000000787],
              [117.45364300000008, 2.957870000000127],
              [117.45244690800016, 2.9589990009999267],
              [117.4505077830002, 2.9611529339999754],
              [117.45022722100018, 2.961852613999958],
              [117.45092355700014, 2.962785051000014],
              [117.45522283300024, 2.9660110279999463],
              [117.45880800000013, 2.9672760000001155],
              [117.46173881200008, 2.9680112599999786],
              [117.46450298100017, 2.968489179999998],
              [117.4683120000001, 2.9684750000001117],
              [117.46959400000003, 2.9681310000000707],
              [117.47215300000002, 2.966903000000073],
              [117.4764755570002, 2.9662628680000003],
              [117.4789199070002, 2.971018995999972],
              [117.47889692300025, 2.9742344360000095],
              [117.47901994200022, 2.9763943170000173],
              [117.47965675200015, 2.978573083999989],
              [117.48075695200023, 2.9815671800000088],
              [117.48433861500011, 2.9844672319999743],
              [117.49024500000012, 2.9882580000000516],
              [117.50970191500018, 2.998644128999959],
              [117.51121199999997, 2.999628000000051],
              [117.51181063700012, 2.9998612119999413],
              [117.51492489300014, 3.0012342459999486],
              [117.51772162500018, 3.002595208999934],
              [117.52635652100018, 3.007691835999924],
              [117.52771200000005, 3.008366000000059],
              [117.52817616300018, 3.008464154999966],
              [117.52970294100021, 3.0093470840000114],
              [117.53047200000006, 3.0093710000000797],
              [117.53224293200014, 3.009861277000012],
              [117.53438678000025, 3.010486129999932],
              [117.53642590800021, 3.010583287999977],
              [117.53805000000003, 3.010938000000105],
              [117.54361300000005, 3.012102000000091],
              [117.54866800000006, 3.0119890000001126],
              [117.55095100000004, 3.011460000000085],
              [117.55468755300012, 3.0112290849999424],
              [117.55563076900019, 3.010963192999969]
            ],
            [
              [117.4991050000001, 3.000853000000067],
              [117.49725954900026, 2.9992924689999567],
              [117.49320999495573, 2.9952820044253903],
              [117.4991050000001, 3.000853000000067]
            ]
          ],
          [
            [
              [117.62378700000014, 3.057849000000065],
              [117.62464900000005, 3.0566730000000177],
              [117.625271, 3.0556950000000995],
              [117.62541983900016, 3.0554612479999887],
              [117.6255910000001, 3.0551950000001185],
              [117.62574100000008, 3.0549420000000573],
              [117.62606300000007, 3.05444300000007],
              [117.62635000000002, 3.053942000000095],
              [117.62652999999999, 3.05343300000008],
              [117.62659400000004, 3.0531940000001114],
              [117.62674500000001, 3.0527490000000626],
              [117.62682200000008, 3.052532000000049],
              [117.62815500000015, 3.04943200000006],
              [117.62844600000007, 3.0485590000000364],
              [117.62846800000003, 3.0476870000000957],
              [117.62819100000002, 3.046793000000111],
              [117.62795914300011, 3.0465168039999524],
              [117.62589954700006, 3.0464625649999943],
              [117.62467051800016, 3.0464886669999336],
              [117.6225370000001, 3.0465470000000963],
              [117.62022990300018, 3.0467055419999367],
              [117.619819, 3.046771000000067],
              [117.61920086500021, 3.0467814859999143],
              [117.61881900000004, 3.046761000000039],
              [117.61787799999999, 3.046238000000109],
              [117.61784996239506, 3.045307122080252],
              [117.62309100000002, 3.0421330000000992],
              [117.62378900000013, 3.0414190000001318],
              [117.62381195000007, 3.0407875729999345],
              [117.62279950600025, 3.040600969999949],
              [117.62202000000005, 3.040871000000042],
              [117.62120568100018, 3.0411866809999166],
              [117.6207400000001, 3.0410350000001563],
              [117.62082100000013, 3.040544000000075],
              [117.62100700000008, 3.0400530000000847],
              [117.62110000000004, 3.0398300000001077],
              [117.62141400000009, 3.0391410000000754],
              [117.62172596400015, 3.038858282999999],
              [117.62261398300016, 3.038124222999925],
              [117.623285, 3.0375570000000662],
              [117.62364975900007, 3.0372552279999665],
              [117.62511300000007, 3.0361680000001137],
              [117.62548600000002, 3.0357480000000905],
              [117.62576995960431, 3.034935874334397],
              [117.62459500000003, 3.032510000000097],
              [117.62244167800013, 3.030737448999985],
              [117.62097700000007, 3.0289190000001156],
              [117.62058085600017, 3.0283095579999175],
              [117.62029200000006, 3.0277010000000573],
              [117.62003197500023, 3.0270985709999954],
              [117.61980100000002, 3.0264290000000607],
              [117.61971196000013, 3.0260093649999353],
              [117.61970500000008, 3.0259560000001384],
              [117.6196719940002, 3.025705657999942],
              [117.61962200000005, 3.025181000000096],
              [117.61952196600022, 3.0244316229999546],
              [117.61944600000005, 3.0234500000000466],
              [117.619675, 3.022021000000027],
              [117.61972700000004, 3.021500000000085],
              [117.61977300000002, 3.0207390000000913],
              [117.61954499999999, 3.019243000000035],
              [117.61927300000004, 3.018253000000101],
              [117.61909900000003, 3.017824000000089],
              [117.61888894600024, 3.0174867109999814],
              [117.61831564700014, 3.0169564519999836],
              [117.61792700000005, 3.0167070000001273],
              [117.61749300000011, 3.0165250000000334],
              [117.61663900000006, 3.016190000000072],
              [117.61621800000005, 3.0160550000000477],
              [117.61534600000002, 3.015866000000087],
              [117.61494960400009, 3.0157923719999458],
              [117.6145120000001, 3.0157550000000946],
              [117.61343880900023, 3.0156734179999622],
              [117.61302084000019, 3.0157009850000227],
              [117.61254691200024, 3.0157559209999496],
              [117.61209700000003, 3.015943000000018],
              [117.6117240000001, 3.0163320000000517],
              [117.61164664000017, 3.016352379999918],
              [117.61160590100019, 3.01635240299992],
              [117.61152400000006, 3.016297000000087],
              [117.61044900000002, 3.0163010000000625],
              [117.61002300000004, 3.016293000000111],
              [117.60954300000002, 3.016250000000106],
              [117.60929361600017, 3.0162397330000124],
              [117.60852300000009, 3.016205000000113],
              [117.60804500000006, 3.016141000000058],
              [117.60731781200012, 3.016116460999938],
              [117.60471898000021, 3.016107958999945],
              [117.60383265900015, 3.0160199419999456],
              [117.60336898200016, 3.016014880999971],
              [117.60288183724008, 3.0160108568497135],
              [117.60271600000013, 3.0158650000000478],
              [117.6025988050002, 3.015711697999932],
              [117.60243400000006, 3.0153990000000377],
              [117.60239800000011, 3.0149800000001425],
              [117.60241000000012, 3.014899000000102],
              [117.60250400000008, 3.014567000000077],
              [117.60276600000009, 3.0141230000000654],
              [117.60332500000007, 3.0135980000000586],
              [117.60343900000008, 3.0134310000000966],
              [117.60351899279328, 3.013252926491492],
              [117.60372800000002, 3.012015000000087],
              [117.60436900000002, 3.010969000000049],
              [117.60453600000008, 3.0107780000001005],
              [117.60491292008074, 3.010381138807303],
              [117.60485800000006, 3.010283000000044],
              [117.60476400000002, 3.01026900000004],
              [117.60436200000007, 3.01015700000001],
              [117.60424174000016, 3.0100913609999536],
              [117.6039760000001, 3.009921000000112],
              [117.60384100000013, 3.009823000000086],
              [117.60359200000003, 3.0096290000001105],
              [117.60331198800024, 3.0094035439999756],
              [117.60303100000007, 3.009179000000092],
              [117.60251500000001, 3.008781000000024],
              [117.60226100000004, 3.0085820000000787],
              [117.60214799420706, 3.0084900071622434],
              [117.60202, 3.0083830000000447],
              [117.60133687600015, 3.0077146269999444],
              [117.60116183500024, 3.007518592999978],
              [117.60085683700014, 3.0071697369999795],
              [117.6004229020002, 3.0066803779999907],
              [117.60009292400008, 3.006332375999974],
              [117.59983500000013, 3.0060810000000906],
              [117.59957500000012, 3.0058380000000575],
              [117.59921200000011, 3.0055060000001212],
              [117.59883999999997, 3.0051580000000158],
              [117.59870600000006, 3.005031000000077],
              [117.59844000000008, 3.004777000000022],
              [117.59793700000003, 3.0043160000000704],
              [117.59767000000015, 3.004080000000129],
              [117.597534, 3.0039600000001023],
              [117.59715000000003, 3.0036160000001066],
              [117.59701493700014, 3.003491659999944],
              [117.59673768500029, 3.0032306390000185],
              [117.5962289310002, 3.0027365129999906],
              [117.5959670000001, 3.002476000000062],
              [117.59558100000005, 3.0020790000000765],
              [117.59546299999997, 3.001954000000037],
              [117.59525700000006, 3.001729000000072],
              [117.59504200000003, 3.0014910000000086],
              [117.59483600000014, 3.001264000000056],
              [117.59435800000003, 3.000762000000087],
              [117.59399700000009, 3.000394000000103],
              [117.5937146460001, 3.0001104749999596],
              [117.59304986200016, 2.9995196539999247],
              [117.59280797500004, 2.9992884279999776],
              [117.58688467000013, 2.9937963639999543],
              [117.58425300000006, 2.991055000000106],
              [117.57895756000015, 2.985209670999942],
              [117.57810200000006, 2.9840540000001106],
              [117.57655600000012, 2.9818080000000826],
              [117.57586500000006, 2.9812130000001025],
              [117.5744840000001, 2.9808510000001256],
              [117.5733998820002, 2.9812145139999613],
              [117.57228273300024, 2.9822724429999203],
              [117.57119882700026, 2.984024218999912],
              [117.56958985800027, 2.9875275709999682],
              [117.56495973800016, 3.0053802059999724],
              [117.56105054900019, 3.0109333449999864],
              [117.55532100000003, 3.0152460000000794],
              [117.54817682700019, 3.017398968999916],
              [117.52968493300014, 3.0164495619999654],
              [117.52721900000003, 3.0158890000000795],
              [117.52350385800014, 3.0151639299999955],
              [117.52084200000006, 3.0153640000000728],
              [117.51650200000006, 3.0164890000000746],
              [117.5136648259775, 3.0174972868654093],
              [117.55461000000001, 3.0566970000000495],
              [117.5572840000001, 3.054414000000069],
              [117.56133800000006, 3.050719000000054],
              [117.57195670122061, 3.046009037947459],
              [117.57726000000002, 3.047129000000023],
              [117.58722535600016, 3.053157064999943],
              [117.59244358700009, 3.055421095999953],
              [117.596218, 3.0568060000000976],
              [117.59902365000016, 3.0576419169999403],
              [117.60070738200002, 3.058033905999955],
              [117.60625000000005, 3.058161000000034],
              [117.61342799900014, 3.058619285999984],
              [117.61766099999997, 3.058770000000063],
              [117.61990300000002, 3.0593780000000095],
              [117.62100889100023, 3.0595081959999915],
              [117.62143200000006, 3.0594780000001123],
              [117.62187683900011, 3.059382051999946],
              [117.62245300000008, 3.059102000000088],
              [117.62271800000006, 3.058737000000086],
              [117.62293282070769, 3.0584932034761847],
              [117.62378700000014, 3.057849000000065]
            ]
          ],
          [
            [
              [117.44178866900016, 3.055361802999932],
              [117.44174693584394, 3.0553550203222235],
              [117.44679949419591, 3.0636263677448516],
              [117.44716799999999, 3.0638670000000836],
              [117.448745, 3.062496000000067],
              [117.44886200000009, 3.0621240000000185],
              [117.44911499999998, 3.061008000000051],
              [117.44917000000008, 3.059974000000029],
              [117.44929400000004, 3.0597730000000958],
              [117.44923600000004, 3.058831000000093],
              [117.44904500000004, 3.058370000000096],
              [117.44601600000007, 3.0563390000000936],
              [117.44367800000006, 3.0557530000000135],
              [117.44178866900016, 3.055361802999932]
            ]
          ],
          [
            [
              [117.46601200000013, 3.0597310000000846],
              [117.46585761000007, 3.059938158999951],
              [117.48184000000003, 3.067355000000113],
              [117.47975876300025, 3.0654024379999845],
              [117.47637400000005, 3.0631370000001246],
              [117.46601200000013, 3.0597310000000846]
            ]
          ],
          [
            [
              [117.5303778990001, 3.068129256000005],
              [117.5350560000001, 3.0680060000000644],
              [117.55218092524107, 3.0594189170358588],
              [117.48225000000004, 3.061404000000042],
              [117.49809375600002, 3.06534906099992],
              [117.50325300000011, 3.066021000000183],
              [117.5097366690002, 3.06686609099994],
              [117.51781356600014, 3.0680542510000164],
              [117.5303778990001, 3.068129256000005]
            ]
          ],
          [
            [
              [117.44057000000012, 3.0573860000000366],
              [117.4403495700002, 3.0618042839999893],
              [117.4408960000001, 3.0643690000000525],
              [117.44136285600018, 3.0648682810000194],
              [117.4475010000001, 3.068899000000055],
              [117.44767600000002, 3.068155000000047],
              [117.44753900000005, 3.0665690000000936],
              [117.44736299999997, 3.065512000000079],
              [117.44711000000008, 3.064651000000115],
              [117.44699299999999, 3.0644160000000333],
              [117.44667, 3.06384000000007],
              [117.44057000000012, 3.0573860000000366]
            ]
          ],
          [
            [
              [117.49457653100013, 3.0725442259999047],
              [117.49538382800023, 3.0726739919999835],
              [117.49582200000006, 3.0724740000000885],
              [117.49584197320343, 3.0723132157131827],
              [117.49578200000005, 3.07216300000007],
              [117.49512393700013, 3.070961479999954],
              [117.49308080900019, 3.0704115650000174],
              [117.49030000000005, 3.0698820000000318],
              [117.48770891000008, 3.069392392999979],
              [117.48728043800016, 3.069502780999964],
              [117.48668285800018, 3.070043945999976],
              [117.48659356800016, 3.0709052920000124],
              [117.4875010000001, 3.072257000000075],
              [117.48849773000025, 3.0726070779999537],
              [117.49254360400006, 3.07257518999998],
              [117.49457653100013, 3.0725442259999047]
            ]
          ],
          [
            [
              [117.44595478299999, 3.0712313359999],
              [117.44606500000012, 3.071279000000068],
              [117.44641199999997, 3.07099300000003],
              [117.44650700000001, 3.070977000000127],
              [117.44685400000003, 3.0704700000000997],
              [117.44499000000009, 3.0681700000000447],
              [117.44399551800024, 3.0674556849999624],
              [117.44331600000014, 3.0669960000001195],
              [117.44274786100021, 3.066440699999915],
              [117.44222663600024, 3.065996603999941],
              [117.44124700000009, 3.0656800000000786],
              [117.44097900000013, 3.065585000000034],
              [117.44055300000005, 3.0658710000000724],
              [117.44077466100019, 3.0672983559999123],
              [117.4420070000001, 3.069424000000107],
              [117.44312849800018, 3.0708199959999716],
              [117.44341287900025, 3.0712958870000007],
              [117.4437919630001, 3.0716130679999543],
              [117.44428164200002, 3.072152358999989],
              [117.44440799300017, 3.072422101000014],
              [117.44469236900025, 3.0728821429999753],
              [117.44481876500005, 3.0729772729999416],
              [117.44515, 3.0728980000000874],
              [117.44541800000006, 3.0724060000000577],
              [117.44556, 3.071660000000062],
              [117.44560699999998, 3.071295000000105],
              [117.44595478299999, 3.0712313359999]
            ]
          ],
          [
            [
              [117.52934400000008, 3.0737780000000683],
              [117.5297895800001, 3.0736660659999115],
              [117.53018856900025, 3.07375909199997],
              [117.53157300000012, 3.072947000000056],
              [117.53160100000005, 3.0726770000000982],
              [117.53158286000024, 3.0725646569999077],
              [117.53137860100004, 3.072452889999986],
              [117.5307385190002, 3.072406597999975],
              [117.52822400000005, 3.0720070000000845],
              [117.52777899900019, 3.071960596999932],
              [117.52700899800007, 3.0718863999999213],
              [117.52670278800022, 3.071839939999985],
              [117.52603492100012, 3.0718309479999517],
              [117.5229999960002, 3.0717827589999613],
              [117.52057599999999, 3.071611000000093],
              [117.51730494400016, 3.071918673000016],
              [117.51632493600007, 3.0720788429999457],
              [117.51596700000002, 3.072226000000086],
              [117.51607360199998, 3.0727312569999254],
              [117.51746399999999, 3.073742000000066],
              [117.51869599587154, 3.0731959895864724],
              [117.52327870600007, 3.0731803349999565],
              [117.523994, 3.0732730000001176],
              [117.52703400000009, 3.0737510000000547],
              [117.52808280000019, 3.0738440429999825],
              [117.52934400000008, 3.0737780000000683]
            ]
          ],
          [
            [
              [117.53502200000004, 3.0724120000000212],
              [117.53347800000009, 3.072525000000045],
              [117.53286583600008, 3.0725998119999742],
              [117.53212578500013, 3.0727997769999993],
              [117.53188472100025, 3.0731448269999495],
              [117.53169899999997, 3.073425000000082],
              [117.53087400000003, 3.0741530000000985],
              [117.53092066400016, 3.074693018999972],
              [117.53123625500017, 3.075047206999968],
              [117.53152398400016, 3.075280122999966],
              [117.53332431000018, 3.076454031999929],
              [117.53713780100023, 3.078065071],
              [117.53916900000006, 3.077952000000014],
              [117.54239300000009, 3.077074000000021],
              [117.54503600000011, 3.075982000000085],
              [117.546513, 3.075514000000087],
              [117.54687488600021, 3.0752432349999337],
              [117.54732897370205, 3.074562645462673],
              [117.54705965500004, 3.0737887509999373],
              [117.5467255610002, 3.0735837370000274],
              [117.54573284300012, 3.0733978000000084],
              [117.54432270300016, 3.0731654639999695],
              [117.54355269300022, 3.073072634000016],
              [117.54162700000003, 3.0727070000000936],
              [117.53502200000004, 3.0724120000000212]
            ]
          ],
          [
            [
              [117.5102497750002, 3.0765152619999325],
              [117.51286200000007, 3.0772490000000685],
              [117.51415200000004, 3.076885000000104],
              [117.51450689300019, 3.076357146999995],
              [117.51590300000007, 3.074499000000084],
              [117.51674087597604, 3.0739161830004447],
              [117.51625278299997, 3.07334449399995],
              [117.51583100000005, 3.072936000000123],
              [117.51425400000005, 3.072237000000108],
              [117.50974600000009, 3.0706770000001304],
              [117.50847400000009, 3.0704400000001044],
              [117.50803800000007, 3.0701950000000835],
              [117.50020355300013, 3.0708244839999876],
              [117.49902090900017, 3.071315401999928],
              [117.498784, 3.07136800000006],
              [117.49828899797905, 3.071456998071862],
              [117.49811184100018, 3.071642675000006],
              [117.49794195200006, 3.071910215999938],
              [117.49857170500012, 3.0749338520000036],
              [117.50329000000015, 3.079209000000013],
              [117.50356377500026, 3.079060135999998],
              [117.50393300000006, 3.078807000000058],
              [117.50415500000005, 3.078666000000072],
              [117.5102497750002, 3.0765152619999325]
            ]
          ],
          [
            [
              [117.46161661900018, 3.08078936899999],
              [117.46106379000018, 3.0803453910000256],
              [117.46027400000001, 3.0802030000000116],
              [117.46003790043514, 3.080218845430891],
              [117.4598950000001, 3.07999700000002],
              [117.45972199439888, 3.0798860087702584],
              [117.45969000000001, 3.0797910000000286],
              [117.45980000000006, 3.0796320000001067],
              [117.45975300000006, 3.0793460000000685],
              [117.45937387700025, 3.0788386729999706],
              [117.45746200000005, 3.0769670000000495],
              [117.45676700000001, 3.076174000000118],
              [117.45627799857702, 3.075603001417302],
              [117.45585100000007, 3.0751750000001046],
              [117.45503000000008, 3.074350000000056],
              [117.45469799999998, 3.0740490000000653],
              [117.45406684500007, 3.0735094959999243],
              [117.45338786400012, 3.0732559339999943],
              [117.45310365900005, 3.0732084169999707],
              [117.45259800000012, 3.073114000000107],
              [117.45124900000006, 3.0731060000000667],
              [117.44951200000006, 3.072218000000091],
              [117.44891200000005, 3.071615000000069],
              [117.44777500000012, 3.0705530000000394],
              [117.44648083200008, 3.0716003809999703],
              [117.44592866500014, 3.07244159999994],
              [117.44577086300013, 3.0727907959999667],
              [117.44573975500022, 3.0739491349999737],
              [117.44585074500017, 3.074837619999946],
              [117.44648258000014, 3.0758053149999887],
              [117.4465617450002, 3.0761226209999526],
              [117.44678300000011, 3.0767570000000823],
              [117.44744641600012, 3.0776613999999958],
              [117.44841057900022, 3.0788756260000083],
              [117.44976854100014, 3.0793669079999786],
              [117.45043163800013, 3.0795411440000064],
              [117.45126800000003, 3.079509000000055],
              [117.45196300000008, 3.0795720000000273],
              [117.4522947740001, 3.079699020000013],
              [117.45328961600006, 3.0801429059999696],
              [117.45442600000003, 3.080396000000082],
              [117.45520000000012, 3.080618000000065],
              [117.45633687000023, 3.0806810920000016],
              [117.45978529000017, 3.081139293999988],
              [117.46043284600002, 3.081488140999986],
              [117.46128500000009, 3.0815350000000876],
              [117.46201098760586, 3.0810270376335636],
              [117.46161661900018, 3.08078936899999]
            ]
          ],
          [
            [
              [117.63161999999997, 3.0826730000001445],
              [117.63194700000011, 3.082436000000164],
              [117.63239200000007, 3.082120000000085],
              [117.63256200000001, 3.0815680000000647],
              [117.63144951500026, 3.081436562999982],
              [117.63070300000003, 3.0813450000000877],
              [117.6305590000001, 3.0810819999999985],
              [117.63101700000007, 3.0807790000000637],
              [117.63116099999999, 3.08067400000008],
              [117.6322990000001, 3.080357000000098],
              [117.63295500000002, 3.079697000000067],
              [117.63374053800018, 3.0793541479999886],
              [117.63425083100005, 3.0790512619999744],
              [117.63499800000004, 3.078075000000066],
              [117.63546900000001, 3.0777590000000323],
              [117.63652892099998, 3.0767582879999678],
              [117.636934, 3.076192000000052],
              [117.63812481500013, 3.075139129000024],
              [117.63903000000005, 3.074160000000056],
              [117.639082, 3.073805000000082],
              [117.63919900000009, 3.0721870000001017],
              [117.63895, 3.0715820000000917],
              [117.63847866300009, 3.071200533000016],
              [117.63764069900013, 3.0707405689999723],
              [117.63747000000002, 3.070491000000061],
              [117.63702500000015, 3.070070000000044],
              [117.63672399200004, 3.069925450999942],
              [117.6358468640002, 3.069636541000018],
              [117.63474700000006, 3.069506000000053],
              [117.63445900000012, 3.0694270000000436],
              [117.63338700000006, 3.0694280000000376],
              [117.63277097100017, 3.0696383749999923],
              [117.63219500000002, 3.0698630000001037],
              [117.6313038210001, 3.070119708999939],
              [117.63119454900021, 3.0701327049999483],
              [117.63095971300005, 3.070142048000011],
              [117.62894473900005, 3.0717866529999283],
              [117.62870900000007, 3.0719450000001514],
              [117.62823824300021, 3.072313304999983],
              [117.62772800000008, 3.0729720000000817],
              [117.62625, 3.074683000000075],
              [117.62564862200009, 3.0757354079999777],
              [117.62420500000009, 3.0781260000000676],
              [117.62391764600012, 3.0788492759999597],
              [117.62379998904785, 3.079217997246473],
              [117.62355194000024, 3.0802045720000093],
              [117.62321188500017, 3.080652077999999],
              [117.62281900000008, 3.080995000000083],
              [117.62264945200018, 3.081336529999965],
              [117.62264989600021, 3.0820995799999507],
              [117.6228202600001, 3.082454680999933],
              [117.6233830000001, 3.082533000000062],
              [117.62462663200016, 3.0825851799999837],
              [117.62576500000002, 3.0827160000001044],
              [117.62757176100004, 3.0827281640000015],
              [117.62844879900013, 3.082846044999985],
              [117.62928667000018, 3.083134981999911],
              [117.63037300000008, 3.0831080000000313],
              [117.63161999999997, 3.0826730000001445]
            ]
          ],
          [
            [
              [117.60966700000006, 3.0808350000000786],
              [117.61030560100015, 3.0804932139999996],
              [117.61073200000007, 3.0803030000001144],
              [117.61116164800002, 3.080070309999914],
              [117.61227500000011, 3.0794940000000572],
              [117.61337699999999, 3.079030000000035],
              [117.61399900000004, 3.078765000000181],
              [117.61820700000013, 3.0768010000001267],
              [117.619368, 3.076297000000036],
              [117.62055400000007, 3.07565000000006],
              [117.62077099474554, 3.075538989768609],
              [117.62132100000011, 3.075181000000068],
              [117.62236993100022, 3.074500133],
              [117.62252800000006, 3.074383000000033],
              [117.62283499999998, 3.074083000000125],
              [117.62295200000005, 3.0739070000000837],
              [117.62316700000008, 3.073524000000102],
              [117.62341799999999, 3.072882000000096],
              [117.623605, 3.0719830000000528],
              [117.62371200000007, 3.0713420000000857],
              [117.62314350200019, 3.0698104269999282],
              [117.62283299999999, 3.0694370000000717],
              [117.62273965500009, 3.0692754809999867],
              [117.62226400000007, 3.068747000000136],
              [117.62187600000003, 3.0685170000000674],
              [117.62170100000003, 3.068363000000115],
              [117.621295, 3.0680930000000686],
              [117.6211340000001, 3.0679930000000546],
              [117.6201839980002, 3.0671767189999732],
              [117.6200304750001, 3.06703557299993],
              [117.61970891800006, 3.066811959999991],
              [117.61946500000012, 3.0666950000000384],
              [117.61437396200024, 3.065587642999943],
              [117.61356796120232, 3.06575699202861],
              [117.60813891500021, 3.0645815259999187],
              [117.59959463974116, 3.063307821191006],
              [117.59864000000002, 3.0628340000000556],
              [117.5951200000001, 3.0623130000001133],
              [117.58389400000011, 3.0579620000000887],
              [117.58163499999999, 3.057139000000028],
              [117.57881800000006, 3.0557620000000476],
              [117.57551499999997, 3.0539070000000414],
              [117.57239799999999, 3.0521280000000175],
              [117.570526879, 3.0511155829999614],
              [117.56964563500017, 3.050942656999953],
              [117.56865571100016, 3.051080129999959],
              [117.56751694700009, 3.051649492999995],
              [117.56678156600007, 3.052361925999967],
              [117.56537486100012, 3.0545719809999516],
              [117.56376454900021, 3.0563386780000235],
              [117.56272969300021, 3.057672137999954],
              [117.56085700000006, 3.059503000000049],
              [117.55794285296109, 3.062243058389522],
              [117.55759778400014, 3.062380214999947],
              [117.55656078800023, 3.0639468259999836],
              [117.55618859200007, 3.0644125809999734],
              [117.55584372500013, 3.064878320999962],
              [117.55510856700015, 3.0660564020000036],
              [117.5547999920002, 3.0664674009999926],
              [117.55341700000007, 3.0687190000001285],
              [117.553117681, 3.0690928109999716],
              [117.55297265278487, 3.0694762201854386],
              [117.55272699999999, 3.069632000000041],
              [117.55234600000009, 3.069888000000084],
              [117.55223700000013, 3.070390000000053],
              [117.5515656730002, 3.07135765499996],
              [117.5558960000001, 3.0742600000001152],
              [117.56410700000002, 3.0766770000000356],
              [117.56577894800017, 3.077214978000007],
              [117.57478965000008, 3.0795691530000147],
              [117.57777800000007, 3.0799050000000463],
              [117.59918256600017, 3.0822711360000232],
              [117.60499400000005, 3.0832480000000686],
              [117.6057008590001, 3.082968330999978],
              [117.60671493400015, 3.0824803049999216],
              [117.60694200000002, 3.082342000000068],
              [117.60799800000008, 3.081786000000072],
              [117.60848200000007, 3.0815160000001143],
              [117.60895600000003, 3.08123100000007],
              [117.60966700000006, 3.0808350000000786]
            ]
          ],
          [
            [
              [117.49588882700019, 3.0802017509999535],
              [117.49578700000009, 3.080063000000063],
              [117.49569289200014, 3.080179934999925],
              [117.49510567200014, 3.080865597999991],
              [117.49462000000008, 3.0818360000000347],
              [117.49456976900011, 3.082768752999896],
              [117.49459180700008, 3.0836071139999843],
              [117.49461369400011, 3.0838623529999643],
              [117.49520100000011, 3.0837240000001067],
              [117.49543300000003, 3.083082000000057],
              [117.49570100000008, 3.082375000000045],
              [117.49582400000006, 3.082076000000086],
              [117.49589600000006, 3.0805660000001147],
              [117.49588882700019, 3.0802017509999535]
            ]
          ],
          [
            [
              [117.49398200000006, 3.0828160000001636],
              [117.49434900000004, 3.081653000000081],
              [117.49547200000006, 3.0795830000000493],
              [117.49558300000001, 3.0793260000000577],
              [117.49573900000004, 3.0790240000000715],
              [117.49628500000009, 3.077327000000082],
              [117.4968519060002, 3.0751347199999257],
              [117.49670700000001, 3.0748890000000664],
              [117.4959619630002, 3.0743568019999534],
              [117.49481800000004, 3.0739860000000476],
              [117.49205799200013, 3.073727766999954],
              [117.49118959400022, 3.0737454159999933],
              [117.48857100000008, 3.073736000000057],
              [117.48689399999996, 3.072959000000072],
              [117.48645500000006, 3.072726000000067],
              [117.48567275400018, 3.0719567319999674],
              [117.48547488700007, 3.071844486000006],
              [117.48501000000013, 3.0712050000000737],
              [117.48450899999999, 3.070901000000056],
              [117.48315900000001, 3.0699080000000514],
              [117.48279600000001, 3.0696290000000594],
              [117.46502200000012, 3.060526000000049],
              [117.462117, 3.059375000000073],
              [117.46071454100006, 3.0585477949999307],
              [117.45562100000005, 3.057551000000056],
              [117.45229300000003, 3.0578320000000794],
              [117.45119194000014, 3.0578770069999406],
              [117.45071357600018, 3.058358159999961],
              [117.45062565100001, 3.0611433999999305],
              [117.45047037800013, 3.062441070000008],
              [117.44969000000003, 3.0650450000000298],
              [117.44894500000012, 3.0670030000000317],
              [117.44964700000003, 3.0688140000001276],
              [117.45013690600015, 3.0690600299999238],
              [117.45133900000005, 3.0694620000000086],
              [117.45845400000006, 3.073726000000118],
              [117.45934488700016, 3.0744082469999467],
              [117.46184461600004, 3.076962931999936],
              [117.46938750300019, 3.082132029999971],
              [117.47824200000005, 3.0830680000000967],
              [117.48185281100022, 3.0826971509999224],
              [117.48424600000007, 3.083602000000049],
              [117.48732358000017, 3.085819263999965],
              [117.4879914750001, 3.0861209119999655],
              [117.49183100000008, 3.0860630000001024],
              [117.49266578800022, 3.0858950969999333],
              [117.49296600000001, 3.0857160000000796],
              [117.4931710000001, 3.0853330000000545],
              [117.49398200000006, 3.0828160000001636]
            ]
          ],
          [
            [
              [117.48424300000009, 3.0845430000000142],
              [117.48373892200014, 3.0844709199999576],
              [117.48360900000003, 3.084312000000086],
              [117.48291700000007, 3.0835300000000423],
              [117.4813180000001, 3.0830390000000065],
              [117.4803817810001, 3.0831115519999264],
              [117.47976200000005, 3.0831700000000986],
              [117.47827872000018, 3.0835178479999703],
              [117.47800500000008, 3.083576000000029],
              [117.4765357160002, 3.0837358489999778],
              [117.4752100000001, 3.0837510000000314],
              [117.47375500000007, 3.0835490000001498],
              [117.47368370300003, 3.0843452369999502],
              [117.47427471800017, 3.085242542999942],
              [117.47515374900016, 3.085966133999949],
              [117.47992284800006, 3.0875999849999536],
              [117.4816947430002, 3.0876860639999704],
              [117.48271756600009, 3.0877000469999727],
              [117.48453200000003, 3.086990000000064],
              [117.48489200000006, 3.0864830000000367],
              [117.48489200000006, 3.0860490000000986],
              [117.48489200000006, 3.085860198742316],
              [117.48481990400005, 3.0856866380000048],
              [117.4842580000001, 3.084978000000169],
              [117.4843440000001, 3.0847600000001165],
              [117.48424300000009, 3.0845430000000142]
            ]
          ],
          [
            [
              [117.50073700000004, 3.0872530000001097],
              [117.50304254800021, 3.090754392999915],
              [117.50500990700019, 3.0928629409999386],
              [117.50609272500016, 3.093395292999932],
              [117.50752300000009, 3.093583000000052],
              [117.50073700000004, 3.0872530000001097]
            ]
          ],
          [
            [
              [117.49435900000007, 3.091503000000081],
              [117.49074698500019, 3.0912896059999673],
              [117.4886250000001, 3.091317000000057],
              [117.4867838970002, 3.091665552999898],
              [117.48633400000008, 3.0925780000000316],
              [117.48648156300023, 3.093906725999971],
              [117.48841900000002, 3.0956450000000437],
              [117.49435900000007, 3.091503000000081]
            ]
          ],
          [
            [
              [117.60474400000014, 3.0958550000000997],
              [117.6049827424044, 3.095840016167215],
              [117.60561399800011, 3.0959293229999885],
              [117.60602700000007, 3.096107000000078],
              [117.60647000000004, 3.096051000000063],
              [117.6069699530002, 3.095934188999947],
              [117.60758200000012, 3.09565200000009],
              [117.60913899999998, 3.0955580000000396],
              [117.60952856600025, 3.095655226999958],
              [117.61015877921271, 3.0957700551969536],
              [117.61011700000009, 3.0955250000000625],
              [117.60997600000005, 3.095362000000076],
              [117.60962379700014, 3.0951076759999507],
              [117.60941089500002, 3.0949715589999682],
              [117.60889600000004, 3.094351000000092],
              [117.60885400000004, 3.093886000000076],
              [117.60901700000011, 3.0934680000001293],
              [117.60952300000005, 3.093052000000082],
              [117.60928800000015, 3.092406000000011],
              [117.60908100000007, 3.0919670000001034],
              [117.60893500000007, 3.0914770000000615],
              [117.60876300000005, 3.090981000000056],
              [117.6085670000001, 3.09049400000013],
              [117.60847700000011, 3.0902660000000948],
              [117.60812400000012, 3.089362000000037],
              [117.6074980000001, 3.088750000000071],
              [117.60730099999996, 3.08868100000009],
              [117.60632600000012, 3.087880000000073],
              [117.60597300000005, 3.0875630000000456],
              [117.60563289000015, 3.0872338879999495],
              [117.6052490000001, 3.086969000000148],
              [117.60449800000004, 3.0864730000000975],
              [117.59871157600018, 3.0856617429999877],
              [117.58678434100017, 3.083750917999981],
              [117.57852383133695, 3.0836479805525263],
              [117.57804689400012, 3.0835929589999678],
              [117.576415, 3.0835940000000974],
              [117.57465500000004, 3.083687000000065],
              [117.57372051600026, 3.0838348059999943],
              [117.57196271100022, 3.0877050039999387],
              [117.57381975200013, 3.0909552799999274],
              [117.5742176940002, 3.0913082769999134],
              [117.5759437290001, 3.0922550139999094],
              [117.57752500000001, 3.09259100000013],
              [117.5776795120001, 3.0926351780000116],
              [117.57794281200022, 3.09269717499999],
              [117.57831100000011, 3.092828000000022],
              [117.57876279300002, 3.093012035999929],
              [117.57964958500013, 3.093050041999965],
              [117.58009154200019, 3.0931122199999583],
              [117.58053000000004, 3.0932010000000645],
              [117.58129863400023, 3.0934752089999717],
              [117.58277300000009, 3.093926000000099],
              [117.58313500000011, 3.0938120000000815],
              [117.58379200000002, 3.093849000000123],
              [117.58472900000001, 3.0943110000000686],
              [117.58493476595497, 3.0942240988444203],
              [117.58700009400017, 3.0950908089999762],
              [117.58815900000005, 3.0953640000001093],
              [117.58861900000008, 3.095428000000119],
              [117.59051700000009, 3.095728000000072],
              [117.5917290000001, 3.0965590000000844],
              [117.59215900000007, 3.0971370000001244],
              [117.59246876500012, 3.0971769800000137],
              [117.59329699854818, 3.097328011853082],
              [117.59792000000004, 3.0970450000000618],
              [117.59900999999999, 3.0969570000000637],
              [117.59954100000006, 3.096914000000104],
              [117.60006559700004, 3.096831243999918],
              [117.60116285300015, 3.0966692730000167],
              [117.60172200000004, 3.0965830000000274],
              [117.60283273200011, 3.0963401029999593],
              [117.60390699629292, 3.0959879890433895],
              [117.60474400000014, 3.0958550000000997]
            ]
          ],
          [
            [
              [117.526478, 3.097841000000109],
              [117.52671349900014, 3.097825104999994],
              [117.52709580500014, 3.0978151959999733],
              [117.52790265200021, 3.0977813200000126],
              [117.52914089800016, 3.0976541549999714],
              [117.52935258700018, 3.0976063360000117],
              [117.53029700000006, 3.0974130000000457],
              [117.53056500000004, 3.0973730000000677],
              [117.53171793999996, 3.097082129999982],
              [117.534487, 3.0961830000000603],
              [117.53468069200022, 3.0961180939999755],
              [117.53582783700011, 3.095622223999981],
              [117.53606400000001, 3.095552000000076],
              [117.53668800000004, 3.0953030000000794],
              [117.537323, 3.0950750000000893],
              [117.53907999999998, 3.0945380000000213],
              [117.53954400000009, 3.094409000000006],
              [117.53994700000013, 3.0942990000000528],
              [117.5403639998777, 3.0941529996509542],
              [117.54177778200018, 3.0938122349999686],
              [117.54222400000006, 3.09373200000008],
              [117.54573700000002, 3.092940000000052],
              [117.54619799999998, 3.092860000000094],
              [117.54801779900018, 3.092637207999913],
              [117.54846500000005, 3.0926110000000975],
              [117.5492418350002, 3.0925672739999888],
              [117.54948892600014, 3.0925572119999556],
              [117.54995800000003, 3.0925690000000863],
              [117.55085751800021, 3.092536352000006],
              [117.55109595100024, 3.0925323090000267],
              [117.5519457430002, 3.092538098999973],
              [117.55427552300014, 3.0928000979999792],
              [117.5544638470001, 3.092813215999999],
              [117.55616400000007, 3.0930200000000987],
              [117.55707900000002, 3.093153000000135],
              [117.55747052100017, 3.0932110019999604],
              [117.55765142500005, 3.093246144000026],
              [117.55841984700012, 3.093339017999983],
              [117.55982800000001, 3.0934920000001176],
              [117.56029775600024, 3.093512105999916],
              [117.56067600000009, 3.0935670000000606],
              [117.56155558800005, 3.093505267999972],
              [117.561816, 3.0935000000000237],
              [117.56233378400013, 3.0934932269999527],
              [117.56260300000011, 3.0934780000000686],
              [117.5646190000001, 3.0931780000001154],
              [117.56487365100023, 3.0931570649999385],
              [117.56663500000002, 3.0928030000000852],
              [117.56703900000005, 3.092594000000112],
              [117.5674387700002, 3.092473110999925],
              [117.56781700000012, 3.092292000000082],
              [117.56862172900018, 3.0919683359999928],
              [117.56931600000007, 3.091328000000079],
              [117.56949900000002, 3.0911070000000898],
              [117.56982200000002, 3.089871000000052],
              [117.56976600000009, 3.088756000000078],
              [117.5683750000001, 3.0824670000001078],
              [117.56107558500021, 3.078694421999937],
              [117.55881553100018, 3.077622795999999],
              [117.54909085800016, 3.076666552999927],
              [117.54680396500011, 3.0774618170000023],
              [117.54577800000004, 3.0778810000001355],
              [117.54050380700019, 3.0788879279999604],
              [117.53728788500013, 3.0791404299999803],
              [117.53320460200023, 3.0784028509999706],
              [117.52687499999999, 3.076158000000081],
              [117.520706, 3.074851000000165],
              [117.51901469700023, 3.0744616539999248],
              [117.51851564800015, 3.074434023999948],
              [117.51780886200011, 3.0746851429999422],
              [117.50882959900012, 3.078080904999978],
              [117.50688880400013, 3.078053960999969],
              [117.5054199990001, 3.0791274919999756],
              [117.50245431817828, 3.0803409122617564],
              [117.50116469800017, 3.0801743759999978],
              [117.4994646030001, 3.080276234999899],
              [117.49846053100016, 3.0826526339999694],
              [117.4991039930002, 3.0848560699999394],
              [117.50859700000005, 3.093931000000069],
              [117.51331200000008, 3.0963270000000733],
              [117.51454599999995, 3.0971830000001113],
              [117.51501600000003, 3.097322000000066],
              [117.5158346450001, 3.0975172490000125],
              [117.51687299965178, 3.0977220020888074],
              [117.51752177500025, 3.0977841289999786],
              [117.51776074800013, 3.0978323219999693],
              [117.5196950000001, 3.0978910000000717],
              [117.51971682300024, 3.0978912649999613],
              [117.52047900000005, 3.097956000000032],
              [117.52071188800014, 3.0979760209999574],
              [117.5212278710002, 3.0979800989999395],
              [117.52284900000004, 3.0979090000000964],
              [117.52363146900021, 3.098022980999935],
              [117.52472700000007, 3.0979580000001086],
              [117.526478, 3.097841000000109]
            ]
          ],
          [
            [
              [117.52956061600017, 3.100768316999978],
              [117.53058100000011, 3.100079000000097],
              [117.53069637500016, 3.099276385999903],
              [117.53021905300011, 3.0993129779999995],
              [117.52949700000013, 3.0994310000000835],
              [117.52542252200026, 3.099890776999934],
              [117.52463291000021, 3.099962430999912],
              [117.52411200000009, 3.0999850000000917],
              [117.5238288330002, 3.0999939809999466],
              [117.52265361300013, 3.099974480999932],
              [117.52238168700019, 3.0999707879999816],
              [117.5219910000001, 3.099947000000011],
              [117.52160579000021, 3.099921488999988],
              [117.52092800000007, 3.0999870000000342],
              [117.52049100000015, 3.1001350000001118],
              [117.52033481300012, 3.1002838599999505],
              [117.5201865170001, 3.100424210000017],
              [117.52068000000007, 3.1008600000000577],
              [117.521028, 3.1009860000001366],
              [117.52165799999999, 3.1011480000000837],
              [117.52185674500019, 3.1011963399999543],
              [117.5222398470001, 3.101261285999999],
              [117.52312400000005, 3.101381000000134],
              [117.52364400000009, 3.1013980000000743],
              [117.52427686600015, 3.101424115999971],
              [117.52527877800009, 3.10152227100001],
              [117.52609600000002, 3.1016280000000975],
              [117.52657700000012, 3.1017790000001133],
              [117.52705800000004, 3.1018070000000755],
              [117.52870100000008, 3.1012070000000804],
              [117.52956061600017, 3.100768316999978]
            ]
          ],
          [
            [
              [117.54954954500018, 3.102203135999946],
              [117.55047186500019, 3.1022841379999866],
              [117.55133800000009, 3.102089000000138],
              [117.55147000000008, 3.101905000000013],
              [117.552726, 3.1010690000000762],
              [117.55409400000012, 3.099989000000022],
              [117.5547120000001, 3.099642000000088],
              [117.55512700000006, 3.0994690000000737],
              [117.5562519995987, 3.098561998032099],
              [117.55625200000006, 3.098368000000015],
              [117.55606953300017, 3.098174843999977],
              [117.55427500000009, 3.0978600000000824],
              [117.55357599999999, 3.097555000000116],
              [117.55308900000001, 3.097229000000098],
              [117.55267384700005, 3.0971886179999997],
              [117.54772469600017, 3.0957698869999417],
              [117.54417177900011, 3.0959477170000005],
              [117.54048298600016, 3.0965098289999693],
              [117.53974300000003, 3.0969590000000515],
              [117.53910500000009, 3.0972240000000397],
              [117.53791999242226, 3.0994349952928912],
              [117.53762671900017, 3.099964216999971],
              [117.53717979600006, 3.1020157739999865],
              [117.53777786200025, 3.1022089959999866],
              [117.54040292200003, 3.102462298999984],
              [117.54211584500008, 3.1027160519999297],
              [117.5433420000001, 3.1029190000000675],
              [117.54524261900016, 3.102959104999967],
              [117.54734000000005, 3.1025200000000943],
              [117.54954954500018, 3.102203135999946]
            ]
          ],
          [
            [
              [117.55871969600015, 3.0995664100000075],
              [117.55736951400017, 3.100202451999965],
              [117.55705359500014, 3.100505842999932],
              [117.55600500000006, 3.1010410000001123],
              [117.55568919800014, 3.1014595539999723],
              [117.55639396700019, 3.102931988999944],
              [117.559654, 3.1012410000000514],
              [117.55966800000009, 3.099956000000045],
              [117.55871969600015, 3.0995664100000075]
            ]
          ],
          [
            [
              [117.50824700000014, 3.1014440000001064],
              [117.50806600000008, 3.100604000000149],
              [117.50822286206724, 3.1002138219842967],
              [117.50775467300018, 3.099609590999939],
              [117.50709400000004, 3.0991290000000973],
              [117.504674, 3.097074000000063],
              [117.50390200000007, 3.096630000000097],
              [117.50041700000011, 3.093842000000077],
              [117.49962196300015, 3.092951366999972],
              [117.49591300000013, 3.0917320000001105],
              [117.49149600000007, 3.0988130000000638],
              [117.49221575100003, 3.099467814000021],
              [117.49306800000011, 3.100325000000068],
              [117.4936659460002, 3.10088904199993],
              [117.49399272300015, 3.101187810999959],
              [117.49436000000007, 3.1014950000000177],
              [117.49521790000018, 3.102102269999949],
              [117.49543500000001, 3.1022200000000524],
              [117.49610858700025, 3.1024281129999975],
              [117.49674089700008, 3.1025141649999233],
              [117.49707856100012, 3.10246130099999],
              [117.49965887400019, 3.1016383369999323],
              [117.50016400000005, 3.1015660000000302],
              [117.50091875900016, 3.1016033159999656],
              [117.50205300000003, 3.1020740000000515],
              [117.50267852400019, 3.102551021999953],
              [117.503053, 3.1028190000000535],
              [117.50362558600004, 3.1032177619999635],
              [117.50393934700016, 3.1034292319999635],
              [117.50455900000009, 3.1037990000000937],
              [117.50499080800012, 3.104008204999995],
              [117.50570581100021, 3.1040302239999518],
              [117.5075327780002, 3.103320229000004],
              [117.50798600000003, 3.103125000000059],
              [117.50816200000011, 3.102983000000034],
              [117.50838000000013, 3.102351000000101],
              [117.50824700000014, 3.1014440000001064]
            ]
          ],
          [
            [
              [117.50066100000005, 3.1023810000001397],
              [117.50020093800019, 3.102357920999963],
              [117.49929154400009, 3.102636053999972],
              [117.4988656500002, 3.102821385999941],
              [117.49849700000006, 3.1030300000000146],
              [117.49787577000009, 3.103330959999915],
              [117.49765718900022, 3.103689752000025],
              [117.5007665780001, 3.105551148999939],
              [117.50107787593454, 3.105805898274503],
              [117.50133095600007, 3.1060599849999404],
              [117.50258600000008, 3.106661000000063],
              [117.50300064500011, 3.10670714899993],
              [117.50521100000003, 3.1071690000000842],
              [117.50525697200011, 3.1062663789999645],
              [117.50468088500023, 3.10531786299991],
              [117.50273400000006, 3.103549000000058],
              [117.50164000000005, 3.1028090000001143],
              [117.50122573300015, 3.102669849999926],
              [117.50066100000005, 3.1023810000001397]
            ]
          ],
          [
            [
              [117.48893985200006, 3.1086054429999654],
              [117.48862391900012, 3.1080885460000074],
              [117.48846000000005, 3.1078660000000227],
              [117.48804700000007, 3.1070660000000885],
              [117.48749700000012, 3.1060790000000473],
              [117.48713400000011, 3.1058090000000895],
              [117.48667800000013, 3.105492000000062],
              [117.48607, 3.1047990000000993],
              [117.48574200000004, 3.104423000000075],
              [117.48410500000004, 3.1043420000001234],
              [117.48388352200011, 3.1047177999999986],
              [117.48363848600009, 3.105846026999912],
              [117.48301899999998, 3.1063870000000406],
              [117.48229482700012, 3.1080323619999772],
              [117.48181562900017, 3.10849087799999],
              [117.48171061500018, 3.1089609719999833],
              [117.48192100000009, 3.1095130000000495],
              [117.48213184200013, 3.1095953479999805],
              [117.48472699999999, 3.109065000000019],
              [117.48602870400006, 3.1093118619999727],
              [117.4866830000001, 3.1091940000000795],
              [117.48698700000003, 3.1086770000000676],
              [117.48726797474653, 3.1085240137502224],
              [117.48745500000011, 3.1091119999999997],
              [117.48720986400009, 3.1097461109999314],
              [117.48739721000022, 3.1103218309999603],
              [117.48775984900021, 3.110685945999978],
              [117.48905699999997, 3.1096160000000905],
              [117.48899800000007, 3.1089110000000666],
              [117.48893985200006, 3.1086054429999654]
            ]
          ],
          [
            [
              [117.47933100000002, 3.107048000000109],
              [117.4787587200001, 3.1073770049999316],
              [117.47845486600018, 3.1077061779999893],
              [117.47818600000005, 3.1080240000000847],
              [117.4772978900002, 3.109069842999932],
              [117.4773687860002, 3.1107032219998976],
              [117.47761440000028, 3.1108441350000104],
              [117.47883000000004, 3.1102210000000987],
              [117.47922700000002, 3.1094570000001234],
              [117.47930900000006, 3.109163000000045],
              [117.47967100000008, 3.108552000000162],
              [117.47977600000006, 3.107717000000129],
              [117.47976400000005, 3.1074120000000285],
              [117.47933100000002, 3.107048000000109]
            ]
          ],
          [
            [
              [117.47315700000006, 3.111743000000086],
              [117.47215168300028, 3.1119896310000206],
              [117.47106400000007, 3.1124490000000584],
              [117.47079562000026, 3.112648310999986],
              [117.47050371100018, 3.113588534999976],
              [117.47163818700017, 3.1141873329999603],
              [117.47219900000002, 3.114081000000133],
              [117.473064, 3.113164000000065],
              [117.47309900000005, 3.1128940000000185],
              [117.47315700000006, 3.112213000000117],
              [117.47323893802417, 3.111930857909271],
              [117.47315700000006, 3.111743000000086]
            ]
          ],
          [
            [
              [117.58727800000007, 3.111935000000119],
              [117.5879580000001, 3.109837000000123],
              [117.58845300000011, 3.1091790000000366],
              [117.58887700000002, 3.1085030000000593],
              [117.589249, 3.10669400000004],
              [117.58580586700013, 3.1044345729999234],
              [117.58491200000006, 3.103662000000127],
              [117.58415984600009, 3.1029598209999376],
              [117.58378800000006, 3.1024890000000163],
              [117.58281489100001, 3.102062734999964],
              [117.57943999877877, 3.1002930043583765],
              [117.5790237070002, 3.1000886479999634],
              [117.57535600000004, 3.098711000000062],
              [117.57477287100012, 3.098621957000023],
              [117.57417100000005, 3.0984180000000663],
              [117.57393241100013, 3.098302394999961],
              [117.57305600000008, 3.098152000000084],
              [117.5719065990002, 3.097823452999946],
              [117.56960064100018, 3.0970848129999373],
              [117.56875600000001, 3.096975000000043],
              [117.56693565400013, 3.097809124000004],
              [117.56643100000011, 3.098154000000072],
              [117.56616068100023, 3.0983712579999745],
              [117.56441262600009, 3.0998942679999564],
              [117.5639620000001, 3.1003300000000813],
              [117.56356575300019, 3.1008731979999515],
              [117.56234074700018, 3.1027764399999525],
              [117.56205236300012, 3.1029396629999573],
              [117.56174700000007, 3.103248000000156],
              [117.5614757960002, 3.1036466489999226],
              [117.5612955800002, 3.1038098270000125],
              [117.56091700000005, 3.104481000000078],
              [117.56034061900014, 3.1049518810000043],
              [117.55989082400015, 3.1067459929999464],
              [117.56030584100012, 3.1073980849999883],
              [117.56064875800007, 3.1080502289999457],
              [117.56232573900009, 3.1084660789999807],
              [117.56333574500007, 3.1091359729999857],
              [117.56546350900018, 3.109624073999959],
              [117.56672589000019, 3.1102032210000052],
              [117.56748300000002, 3.1104020000000645],
              [117.56941252400016, 3.1105822950000173],
              [117.570189, 3.1109260000000774],
              [117.57062079500021, 3.1111071139999202],
              [117.57159399999999, 3.1110340000000427],
              [117.57272478600012, 3.1114721200000117],
              [117.57478599855862, 3.1121910054803115],
              [117.5759095890002, 3.112394882999978],
              [117.57766682484664, 3.1126609878904565],
              [117.5780027400002, 3.1128650709999794],
              [117.57920626600013, 3.1139044839999164],
              [117.58272998300009, 3.115301126999923],
              [117.58497600000011, 3.114402000000002],
              [117.58727800000007, 3.111935000000119]
            ]
          ],
          [
            [
              [117.52455677700013, 3.109030429999957],
              [117.52363372500014, 3.1094484289999924],
              [117.52213399715733, 3.1102609940811687],
              [117.52114159500017, 3.110818289999915],
              [117.51957285045515, 3.1123500074002086],
              [117.51908799999998, 3.1123740000001154],
              [117.51636498400019, 3.1134187079999576],
              [117.51530365800012, 3.114277512999961],
              [117.51505000000009, 3.1149510000000404],
              [117.51530400000006, 3.115553000000112],
              [117.51772800000006, 3.116735000000034],
              [117.52079896000015, 3.1181023029999677],
              [117.52153770600017, 3.1183802989999654],
              [117.52379976900019, 3.118495151999965],
              [117.52513800000007, 3.1182390000000417],
              [117.52546100000006, 3.1177990000000513],
              [117.52550700000005, 3.1174510000000346],
              [117.52638398800013, 3.116638103999967],
              [117.5269839375747, 3.116197045882738],
              [117.53120700000014, 3.1149190000000573],
              [117.53243000000006, 3.1142920000001375],
              [117.5328910000001, 3.1135730000000663],
              [117.53074400000001, 3.1119270000001222],
              [117.52968192100008, 3.1111387809999647],
              [117.52924300000008, 3.1108380000000793],
              [117.52792700000008, 3.1103050000000323],
              [117.52739600000011, 3.110050000000072],
              [117.52658800000005, 3.109540000000063],
              [117.52455677700013, 3.109030429999957]
            ]
          ],
          [
            [
              [117.6049860000001, 3.126572000000113],
              [117.60567678200006, 3.1266661449999544],
              [117.60656261000008, 3.126398248999993],
              [117.60751300000001, 3.126175000000039],
              [117.60848800000012, 3.12594100000004],
              [117.60925393500018, 3.1257062969999394],
              [117.60971300000006, 3.1255260000001206],
              [117.61083500000007, 3.1249770000000368],
              [117.61157500000002, 3.124561000000078],
              [117.61267500000008, 3.1239680000000405],
              [117.61283087700019, 3.1238451249999555],
              [117.613915, 3.123106000000039],
              [117.61425500000007, 3.12280700000008],
              [117.61514994600014, 3.12211513499999],
              [117.61565200000011, 3.121704000000122],
              [117.6161350000001, 3.121291000000056],
              [117.616296, 3.1211340000000334],
              [117.61729499999998, 3.120151000000102],
              [117.61855581100012, 3.1189282540000063],
              [117.61893384300014, 3.118484188999946],
              [117.61953800000003, 3.11758800000009],
              [117.61970000000011, 3.1171600000001156],
              [117.61971700000001, 3.116714000000118],
              [117.61969200000007, 3.1162760000001155],
              [117.61967200000001, 3.1160800000001068],
              [117.6196580000001, 3.1156530000000826],
              [117.61969600000013, 3.1151810000000637],
              [117.62003800000001, 3.1146030000000238],
              [117.61984400000003, 3.1142580000000777],
              [117.61945599999999, 3.1131710000001114],
              [117.61939700000008, 3.1129610000000554],
              [117.61915400000014, 3.112332000000059],
              [117.61890800000003, 3.111965000000069],
              [117.61852100000007, 3.1114030000000206],
              [117.61810300000005, 3.1108690000000685],
              [117.61756678400019, 3.110490490999971],
              [117.61739700000007, 3.1103340000001225],
              [117.61695763300023, 3.110239439999982],
              [117.61677500000012, 3.1101350000000885],
              [117.61655067100013, 3.1100844039999442],
              [117.61591900000008, 3.1094820000000603],
              [117.61552967400011, 3.109185381999988],
              [117.61457700000007, 3.1086780000000616],
              [117.61393991100022, 3.108584826999947],
              [117.61303400000011, 3.1084190000001257],
              [117.61216100000001, 3.108188000000065],
              [117.61118800000006, 3.1082680000000664],
              [117.61085100000007, 3.108095000000052],
              [117.61033200000011, 3.1080260000000726],
              [117.60999000000005, 3.1079570000000913],
              [117.60926673400009, 3.107827388999982],
              [117.60880263400023, 3.107758759999988],
              [117.60854263600021, 3.1077016179999672],
              [117.60813200000007, 3.107627000000054],
              [117.60792000000002, 3.107595000000071],
              [117.60744077800008, 3.1074847499999647],
              [117.6072350000001, 3.1074320000000846],
              [117.60678583300007, 3.107283798999947],
              [117.60606784400026, 3.1071887909999907],
              [117.60557700000005, 3.1071660000001025],
              [117.60535400000008, 3.107094000000096],
              [117.60494661700012, 3.1070503739999067],
              [117.6044879200001, 3.10696084999996],
              [117.6029980000001, 3.106570000000083],
              [117.6023787640002, 3.1064124769999735],
              [117.60195070100022, 3.1064164209999445],
              [117.60153899999999, 3.1062750000000108],
              [117.60114300000009, 3.1061100000000366],
              [117.59992900000009, 3.1060860000000936],
              [117.59939384300006, 3.1061448949999493],
              [117.59919375500012, 3.1061709289999717],
              [117.59876800000005, 3.1063460000001575],
              [117.59803690000014, 3.106663539999963],
              [117.59759319300011, 3.106847337999983],
              [117.59709378800008, 3.1071488809999748],
              [117.59679054700023, 3.1073800660000073],
              [117.59648465200013, 3.1076312900000103],
              [117.59627898500008, 3.107797611000005],
              [117.59594551899994, 3.1081007059999477],
              [117.59549551300019, 3.1085813970000187],
              [117.59522998600006, 3.108866719999912],
              [117.59493899300006, 3.1091166979999896],
              [117.59467800000003, 3.109398000000038],
              [117.59440000000004, 3.1096880000000517],
              [117.59397899475765, 3.110166996274031],
              [117.59382254000013, 3.1103764559999503],
              [117.59346200000005, 3.1108250000000695],
              [117.5932038630002, 3.111135359999948],
              [117.59291571500007, 3.111464729000022],
              [117.59259500000007, 3.111753000000114],
              [117.59232879400018, 3.1120511309999577],
              [117.5916237840002, 3.1128704519999806],
              [117.59157900000004, 3.113066000000039],
              [117.59055198400007, 3.113985618999968],
              [117.59020432900009, 3.11431257700002],
              [117.5897328924771, 3.114775925331368],
              [117.58940681400027, 3.114830605999983],
              [117.58902200000003, 3.115188000000021],
              [117.58867600000009, 3.1154300000000603],
              [117.58849199656655, 3.115572995604352],
              [117.58829867400014, 3.1157239999999176],
              [117.5878849190001, 3.1160286299999873],
              [117.58724250900016, 3.1164290569999897],
              [117.58646482000012, 3.116941482999933],
              [117.58543080600018, 3.1175091009999134],
              [117.58521268800025, 3.1176150239999734],
              [117.584686, 3.117893000000013],
              [117.58445293900019, 3.118114075999965],
              [117.58441585800023, 3.1181889119999395],
              [117.58310000000006, 3.1187450000001204],
              [117.58275700000002, 3.11889200000007],
              [117.58227350300007, 3.119085481999959],
              [117.58146600000012, 3.1194750000000795],
              [117.58108745300017, 3.1197809019999445],
              [117.58119352400016, 3.1202769119999507],
              [117.58133100000006, 3.120427000000112],
              [117.58158187300005, 3.120760162999967],
              [117.58183098100014, 3.121138269999988],
              [117.58231268600021, 3.122079723999991],
              [117.58244355700019, 3.1221867249999624],
              [117.58253264911299, 3.1222427792172303],
              [117.58269875814308, 3.1224852036692097],
              [117.58268858200013, 3.1226045409999825],
              [117.58305278900015, 3.122938038999954],
              [117.58489776000013, 3.12347507899998],
              [117.58708970800012, 3.124783883000002],
              [117.58749086900019, 3.124975949999995],
              [117.5876778170002, 3.1250361310000008],
              [117.58807200000004, 3.1251380000000806],
              [117.58876700000008, 3.1255780000001145],
              [117.58956080700004, 3.126224202999981],
              [117.58996200000001, 3.12640700000005],
              [117.59043487300006, 3.1266572310000162],
              [117.59152196200013, 3.1268450639999257],
              [117.59218800000006, 3.1267560000000607],
              [117.59240355500006, 3.1267510589999636],
              [117.59283689700021, 3.126773038000006],
              [117.59346700000002, 3.126842000000071],
              [117.59336100000004, 3.1265350000000716],
              [117.59405799999999, 3.1260820000000713],
              [117.59424800000008, 3.126039000000066],
              [117.59470989100011, 3.1259811609999444],
              [117.5959358180002, 3.1261380689999596],
              [117.59614091400012, 3.126166078999968],
              [117.59736079100016, 3.126473967999952],
              [117.59799693199994, 3.126804290999927],
              [117.59833899999998, 3.1270360000001354],
              [117.59910520300006, 3.127321333999986],
              [117.59931400000002, 3.1273690000000656],
              [117.59974100000008, 3.1273180000000202],
              [117.59994800000007, 3.1272460000001026],
              [117.60110356599995, 3.127035164999934],
              [117.60130699999998, 3.1270120000001036],
              [117.60172100000004, 3.126962000000052],
              [117.60241992400023, 3.126850181999994],
              [117.60318000000005, 3.126755000000067],
              [117.60364500000007, 3.126718000000025],
              [117.60478463200013, 3.1265921269999586],
              [117.6049860000001, 3.126572000000113]
            ]
          ],
          [
            [
              [117.61786400000008, 3.127636000000087],
              [117.61711166000019, 3.1277478969999306],
              [117.61600260600017, 3.1279715139999587],
              [117.61552751700012, 3.1283858399999565],
              [117.61552764200013, 3.1286008789999853],
              [117.61574172500016, 3.1289351949999356],
              [117.61618556700012, 3.1291020609999753],
              [117.6169540000001, 3.129157000000169],
              [117.61728684500021, 3.1291332879999834],
              [117.61811800000012, 3.1284160000000973],
              [117.61786400000008, 3.127636000000087]
            ]
          ],
          [
            [
              [117.62997800000008, 3.158964000000072],
              [117.62984990700024, 3.1585777009999516],
              [117.62963900000001, 3.1583020000000097],
              [117.62940099000014, 3.158062702999973],
              [117.6282929280002, 3.1574193819999463],
              [117.62753300000011, 3.157365000000154],
              [117.62718538800023, 3.157843232999933],
              [117.62701178500016, 3.1583493819999786],
              [117.62711283200026, 3.1589657259999937],
              [117.62728686500027, 3.159177209999995],
              [117.62765327100021, 3.1594070319999146],
              [117.62838558699997, 3.15943417799994],
              [117.628779, 3.159066000000074],
              [117.62893478889619, 3.1591029150996297],
              [117.62899884360466, 3.1592406627725422],
              [117.62891678000013, 3.159645444000012],
              [117.6295028140002, 3.1599671309999833],
              [117.62973100000008, 3.1599950000000234],
              [117.6300060000001, 3.1597370000000815],
              [117.63009700000006, 3.1593410000000013],
              [117.62997800000008, 3.158964000000072]
            ]
          ],
          [
            [
              [117.30457129300015, 3.232403012999927],
              [117.30534094600014, 3.2320820799999295],
              [117.30631599013039, 3.2291519603111807],
              [117.30622199507039, 3.2287740027615675],
              [117.30383700000004, 3.2262850000001144],
              [117.30316100000007, 3.2252860000001027],
              [117.30065599800021, 3.2209763609999476],
              [117.30016700000014, 3.219053000000102],
              [117.29990400000005, 3.217883000000107],
              [117.29947200000002, 3.216978000000057],
              [117.2967120000001, 3.215715000000049],
              [117.29541682400014, 3.214526609999999],
              [117.29494700000008, 3.214150000000057],
              [117.29374000000004, 3.2129330000001266],
              [117.29345873300014, 3.21257435599994],
              [117.292914, 3.211801000000122],
              [117.29236900000002, 3.210726000000083],
              [117.29143000000013, 3.208765000000099],
              [117.29047288311413, 3.208066809086527],
              [117.29032259800026, 3.207821620999982],
              [117.28985300000012, 3.2075390000000894],
              [117.2881630000001, 3.205898000000026],
              [117.28722454200026, 3.2054268499999017],
              [117.2859850000001, 3.2051820000001143],
              [117.28283200000007, 3.2054470000000137],
              [117.28085612700029, 3.206495145000008],
              [117.28029300000006, 3.2070430000001293],
              [117.27958000000004, 3.207722000000043],
              [117.27903579900023, 3.2084197570000006],
              [117.27642789500018, 3.2135514019999567],
              [117.2749069640002, 3.2169564649999627],
              [117.27460687800014, 3.2178431339999625],
              [117.27387500000006, 3.2192020000000845],
              [117.27359365400007, 3.2197675199999365],
              [117.27336850800017, 3.2203523940000123],
              [117.27297455400017, 3.2211259109999757],
              [117.27288081800023, 3.221503225999931],
              [117.27231796600012, 3.222578563999998],
              [117.27209277400023, 3.222993670999972],
              [117.27192390200011, 3.223389837999977],
              [117.27183000000005, 3.223843000000034],
              [117.27137986300022, 3.224465170999955],
              [117.2712109660001, 3.2247670849999777],
              [117.27104180200013, 3.2258501479999735],
              [117.27081693300018, 3.227491375999967],
              [117.27076069700006, 3.227830923999906],
              [117.27047951200015, 3.229509830999997],
              [117.27057366200022, 3.230245459999934],
              [117.27372753600012, 3.231018019999996],
              [117.27685200000009, 3.2307340000000764],
              [117.286876, 3.229769000000079],
              [117.29356998600011, 3.231238329999928],
              [117.30021556200009, 3.2322361379999753],
              [117.30413961200023, 3.2323843109999784],
              [117.30457129300015, 3.232403012999927]
            ]
          ],
          [
            [
              [117.62185600000007, 3.2936870000001086],
              [117.62187193948304, 3.2934968855677793],
              [117.62163490900016, 3.2932267919999125],
              [117.62143700000003, 3.2929100000000346],
              [117.62134199999998, 3.2925690000000642],
              [117.62105000000008, 3.2924020000000587],
              [117.62073400000013, 3.2923550000000326],
              [117.62040252800007, 3.2923546939999637],
              [117.62017364200005, 3.2925532179999584],
              [117.62049000000002, 3.2935130000001456],
              [117.6214377910001, 3.293703037999971],
              [117.62156400000006, 3.2937820000001095],
              [117.621793, 3.2938700000000622],
              [117.62185600000007, 3.2936870000001086]
            ]
          ],
          [
            [
              [117.50625399999998, 3.320246000000079],
              [117.50670300000002, 3.3199330000000273],
              [117.50748900000012, 3.318955000000109],
              [117.50788900000009, 3.318725000000086],
              [117.50837900000013, 3.3183520000000435],
              [117.510389, 3.316172000000104],
              [117.51280800000004, 3.312797000000053],
              [117.5129379528853, 3.31235108695894],
              [117.51327300000005, 3.3123330000001197],
              [117.51343200000007, 3.312210000000068],
              [117.51374300000013, 3.3120010000000946],
              [117.52014500000004, 3.3034080000001387],
              [117.52040100000008, 3.3030600000000767],
              [117.52080100000005, 3.30262600000005],
              [117.52088983400022, 3.3025681220000136],
              [117.52105000000005, 3.3024310000000803],
              [117.52131400000003, 3.3020510000000804],
              [117.52144000000007, 3.30185800000001],
              [117.52153500000011, 3.3018030000000778],
              [117.52173900000003, 3.301488000000038],
              [117.52206800000008, 3.301077000000049],
              [117.522181, 3.3009850000000753],
              [117.52230200000007, 3.3007370000000726],
              [117.52233295061176, 3.300667111522002],
              [117.52264700000002, 3.3004050000000476],
              [117.52271282600015, 3.3003382219999855],
              [117.52278700000014, 3.3001060000000884],
              [117.52282899999997, 3.300024000000054],
              [117.52287800000012, 3.2999150000000945],
              [117.52315700000011, 3.2996710000000675],
              [117.52315100000007, 3.299497000000059],
              [117.52291799999998, 3.2994400000000956],
              [117.522649, 3.299430000000111],
              [117.52215900000014, 3.2993720000001536],
              [117.52304100000002, 3.299087000000064],
              [117.5234220000001, 3.2987070000000642],
              [117.52337483600003, 3.29874288499997],
              [117.52239700000011, 3.298297000000069],
              [117.52273978700025, 3.298240314999954],
              [117.52344897300013, 3.297823117999985],
              [117.52349899999999, 3.2976230000000797],
              [117.52372500000004, 3.297397000000032],
              [117.52384600000002, 3.2971610000000453],
              [117.52387200000013, 3.297007000000093],
              [117.5238750000001, 3.296819000000081],
              [117.52392300000008, 3.2967710000001063],
              [117.52404496300014, 3.2964873359999514],
              [117.52405900000005, 3.2963460000001135],
              [117.52422300000003, 3.2956260000000936],
              [117.52416600000002, 3.295520000000071],
              [117.52393399783536, 3.295427007873939],
              [117.52372467400019, 3.295369457999917],
              [117.52321200000004, 3.2952200000001177],
              [117.52303400000007, 3.295032000000062],
              [117.5238760000001, 3.294611000000134],
              [117.52420100000008, 3.294137000000127],
              [117.52430400000007, 3.292769000000092],
              [117.52431200000002, 3.2922970000001186],
              [117.524172, 3.2911660000000644],
              [117.52383400000008, 3.29008200000008],
              [117.52374100000011, 3.289670000000097],
              [117.52345599999998, 3.288734000000101],
              [117.52301700000008, 3.2867170000001025],
              [117.52274700000012, 3.2860520000000584],
              [117.52271900000002, 3.2858160000000716],
              [117.52258174652549, 3.2853563473758873],
              [117.52249500000005, 3.285133000000048],
              [117.52233800000012, 3.284567000000024],
              [117.52220400000013, 3.283988000000079],
              [117.52219500000001, 3.2839060000000444],
              [117.52210000000005, 3.283587000000029],
              [117.52206299100011, 3.283267860999959],
              [117.52188494300022, 3.283006627999927],
              [117.52184096604667, 3.282923641602795],
              [117.52183199999999, 3.2828290000000173],
              [117.52168000000003, 3.282474000000132],
              [117.52168200000003, 3.282391000000149],
              [117.5213030000001, 3.2814590000000834],
              [117.52097500000005, 3.2811480000001083],
              [117.5208630000001, 3.2806020000000515],
              [117.52060800000007, 3.2801850000001442],
              [117.51990600000006, 3.279127000000045],
              [117.51962484200025, 3.278803570999975],
              [117.51934000000004, 3.278182000000104],
              [117.51910600000005, 3.2778230000001107],
              [117.51892600000008, 3.2772010000000265],
              [117.5187010000001, 3.276925000000105],
              [117.51829800000007, 3.2763600000001203],
              [117.51816400000008, 3.276150000000108],
              [117.51803200000009, 3.2758860000001135],
              [117.51780300000006, 3.275728000000097],
              [117.51777000000008, 3.2756560000000903],
              [117.51758800000003, 3.2754990000000674],
              [117.51726600000003, 3.2753400000000568],
              [117.51683496900009, 3.2749165559999716],
              [117.51665100000004, 3.2748070000000986],
              [117.5163040000001, 3.2746960000000627],
              [117.51477464000014, 3.2746206310000003],
              [117.51458555200021, 3.2746846389999673],
              [117.51433900000006, 3.274706000000002],
              [117.51391460100004, 3.274402366999971],
              [117.51294200000011, 3.274393000000128],
              [117.51245900000004, 3.274460000000121],
              [117.51208700000007, 3.27453900000004],
              [117.51074063700014, 3.274335823999972],
              [117.51031474800008, 3.2743005249999824],
              [117.50980800000006, 3.2743680000000133],
              [117.50957080000008, 3.2744010169999482],
              [117.50934382100013, 3.27451863499991],
              [117.50907300000009, 3.274516000000091],
              [117.50793649000003, 3.274714387999942],
              [117.50745250500022, 3.2747335469999284],
              [117.50704800000005, 3.274850000000149],
              [117.50664456400017, 3.274929235999955],
              [117.50652244300028, 3.2750717849999367],
              [117.5062800000001, 3.2752730000001087],
              [117.50539780700004, 3.275156472999927],
              [117.50511472500015, 3.2755488199999716],
              [117.5048178160001, 3.2755937719999606],
              [117.5045228580002, 3.2755669249999597],
              [117.5041597940001, 3.275850572999981],
              [117.50409800000004, 3.27592800000017],
              [117.50366000000012, 3.275936000000076],
              [117.50322200000004, 3.2763500000001358],
              [117.50303686400018, 3.2766108410000028],
              [117.50297200000004, 3.2768020000000533],
              [117.5028600000001, 3.276992000000053],
              [117.50263785007756, 3.277311450827489],
              [117.50251900000004, 3.2768090000000996],
              [117.5024498350001, 3.2766607449999574],
              [117.50203200000007, 3.2762420000000816],
              [117.50139100000005, 3.2756890000000674],
              [117.49863100000005, 3.274969000000091],
              [117.4978318940001, 3.27516187399993],
              [117.49674500000005, 3.275693000000043],
              [117.49453900000005, 3.2766900000001122],
              [117.4942358120002, 3.2769147590000136],
              [117.49380400000007, 3.277526000000094],
              [117.49254900000005, 3.2772210000000825],
              [117.492165, 3.2769800000000373],
              [117.49182960300006, 3.2769798859999844],
              [117.49112600000001, 3.276884000000088],
              [117.48967100000006, 3.2764030000001254],
              [117.48748077600013, 3.275905657000009],
              [117.4866810000001, 3.275858000000106],
              [117.48541800000005, 3.2758430000001084],
              [117.48503483100006, 3.275858655000028],
              [117.48320277700019, 3.275811508999946],
              [117.482563, 3.2757000000000893],
              [117.48130000000003, 3.2753950000000778],
              [117.47989300000006, 3.2754440000000464],
              [117.47820000000004, 3.275814000000107],
              [117.47783100000007, 3.2759430000000336],
              [117.47738389500003, 3.276167745999934],
              [117.47639300000002, 3.2768430000000706],
              [117.47607300000001, 3.2770360000000522],
              [117.47578500000007, 3.276956000000051],
              [117.476001, 3.2754780000001062],
              [117.47505700000013, 3.275205000000078],
              [117.4740345430002, 3.275189350999983],
              [117.47313900000007, 3.275335000000087],
              [117.47227600000008, 3.2755440000000604],
              [117.47065400000008, 3.2754000000000927],
              [117.47030200000009, 3.2751110000000274],
              [117.46975875900017, 3.2749181949999295],
              [117.46932700000006, 3.27516000000013],
              [117.46815976000022, 3.2741638809999563],
              [117.46659300000007, 3.274004000000139],
              [117.46568179400009, 3.2740043819999043],
              [117.46438672100014, 3.2736515490000206],
              [117.46341900000009, 3.27299400000006],
              [117.46265200000003, 3.2725760000000683],
              [117.46222, 3.2724160000000637],
              [117.46068563600024, 3.272207457999996],
              [117.45943800000012, 3.272160000000021],
              [117.4586230000001, 3.2722570000000983],
              [117.4572651330002, 3.273494236999972],
              [117.45688168300018, 3.274008506999979],
              [117.45676991100017, 3.274281664999932],
              [117.45691435200004, 3.2755186259999602],
              [117.45811399400019, 3.276980014999906],
              [117.45865768800013, 3.277317126999999],
              [117.41461462455158, 3.3215217611255765],
              [117.41471678134207, 3.321377310837401],
              [117.4212936380002, 3.3258122559999803],
              [117.42385752399997, 3.327796289999916],
              [117.43646357000019, 3.3377700719999437],
              [117.44447470000019, 3.3412001979999806],
              [117.45672200000001, 3.3357200000000056],
              [117.47829100000003, 3.3287350000000906],
              [117.49166999999998, 3.326149000000086],
              [117.50625399999998, 3.320246000000079]
            ]
          ],
          [
            [
              [117.52351168500007, 3.3503813509999736],
              [117.5240379830001, 3.350111217999916],
              [117.5242850000001, 3.34996000000006],
              [117.52439200000006, 3.349712000000057],
              [117.52467099999997, 3.3491390000000756],
              [117.52504749400022, 3.349322655999951],
              [117.52543400000005, 3.3493870000001236],
              [117.5257995860001, 3.3493222499999176],
              [117.52611100000001, 3.349268000000091],
              [117.52634700000009, 3.348622000000109],
              [117.52654400000004, 3.3480420000000812],
              [117.52688200000003, 3.3469980000000312],
              [117.52698200000005, 3.346100000000071],
              [117.526962, 3.3458840000000514],
              [117.52722500000009, 3.3455020000000637],
              [117.52729000000014, 3.345317000000122],
              [117.52722900000006, 3.34447800000007],
              [117.52691999999999, 3.3442820000001516],
              [117.52685800000009, 3.343875000000093],
              [117.52658900000004, 3.342541000000029],
              [117.52619500000003, 3.3421230000000826],
              [117.52604262900014, 3.3421088179999314],
              [117.52558795800017, 3.3424240409999895],
              [117.52539457800016, 3.3425726499999397],
              [117.5248785930002, 3.3426436889999556],
              [117.5242528490001, 3.3427046099999336],
              [117.52345899999997, 3.342679000000124],
              [117.52293900000011, 3.3425830000000403],
              [117.52184874400015, 3.3430062120000192],
              [117.52103155300021, 3.3439360369999482],
              [117.52096600000002, 3.3445030000000955],
              [117.52088671300012, 3.3449979039999667],
              [117.52083754200024, 3.3454231219999775],
              [117.5208596890002, 3.345617988999936],
              [117.52093953800023, 3.346052035999967],
              [117.5209926880001, 3.346751749999952],
              [117.52112035600028, 3.3475783599999565],
              [117.52126090300018, 3.347710894999998],
              [117.5214050000001, 3.3488610000000776],
              [117.52151278300015, 3.349292116],
              [117.52156668600017, 3.3496375329999806],
              [117.52196471100007, 3.3506952819999247],
              [117.52209368800017, 3.350695212999919],
              [117.52351168500007, 3.3503813509999736]
            ]
          ],
          [
            [
              [117.41691579000016, 3.3616452419999865],
              [117.41665697700016, 3.362706965999993],
              [117.41643861800021, 3.364850513999982],
              [117.41635899485844, 3.3654319989171766],
              [117.4161207780002, 3.3676349499999736],
              [117.41566459200011, 3.3709455449999792],
              [117.41540622700023, 3.373068975999991],
              [117.41540664400027, 3.374050517999936],
              [117.41526790300016, 3.3758734689999548],
              [117.4152489040001, 3.3785034139999537],
              [117.4154488410002, 3.3797853919999765],
              [117.4156087290002, 3.3806666609999736],
              [117.41606789600009, 3.382128802999982],
              [117.41662684400006, 3.3836509299999795],
              [117.41756400000006, 3.3827310000001134],
              [117.41883900000003, 3.3794960000000565],
              [117.41981400000006, 3.3751490000000963],
              [117.41997300000007, 3.373807000000081],
              [117.42001200000001, 3.372185000000125],
              [117.42005100000004, 3.3697210000000446],
              [117.41929200000004, 3.3664760000001825],
              [117.417414, 3.3621060000000504],
              [117.41691579000016, 3.3616452419999865]
            ]
          ],
          [
            [
              [117.49021497400022, 3.4080921749999638],
              [117.49075700000003, 3.4079810000000457],
              [117.49136794200014, 3.407904225999956],
              [117.49201300000003, 3.4077840000000883],
              [117.49213200000011, 3.407699000000072],
              [117.4936326470002, 3.407434200999968],
              [117.49466078300019, 3.4070403119999737],
              [117.49471165800013, 3.4070232279999813],
              [117.49772288500006, 3.4052992819999828],
              [117.49836700000006, 3.404975000000107],
              [117.49929000000013, 3.4033390000001473],
              [117.49984900000001, 3.401606000000065],
              [117.49983200000011, 3.4011290000001217],
              [117.49982300000008, 3.4008560000000934],
              [117.4996369592603, 3.400549676119744],
              [117.49957700000007, 3.400073000000056],
              [117.49977100000004, 3.397513000000071],
              [117.50032300000007, 3.393657000000058],
              [117.5008280000001, 3.3926950000000424],
              [117.50137600000006, 3.3905910000001285],
              [117.501428, 3.390140000000116],
              [117.50210186900017, 3.3886283319999633],
              [117.50215500000003, 3.381725000000099],
              [117.5019960000001, 3.379312000000109],
              [117.50193600000003, 3.3767580000000876],
              [117.50200200000008, 3.375753000000067],
              [117.50248400000008, 3.37128800000007],
              [117.50266700000012, 3.3703230000000275],
              [117.50347800000007, 3.367224000000121],
              [117.50417200000004, 3.3649380000000697],
              [117.50448300000009, 3.36363400000009],
              [117.50497800000002, 3.36145900000012],
              [117.50509797300019, 3.360491260999985],
              [117.50531300000003, 3.3573810000001236],
              [117.50535500000004, 3.355883000000034],
              [117.50483800000006, 3.35294600000012],
              [117.50413599999999, 3.3510000000000906],
              [117.50357400000011, 3.349426000000019],
              [117.50228400000005, 3.346677000000028],
              [117.50170400000002, 3.3450070000000522],
              [117.50161400000003, 3.3448350000000318],
              [117.50143400000006, 3.3443560000001007],
              [117.50108, 3.3439790000000826],
              [117.5002880000001, 3.3431600000000863],
              [117.49955781100017, 3.342768466999977],
              [117.49837197100021, 3.342144732999972],
              [117.49804300000007, 3.3420110000000527],
              [117.49648456200028, 3.341509609000002],
              [117.4951450000001, 3.340997000000087],
              [117.49429290300021, 3.341045867999912],
              [117.49372077100021, 3.341009524999925],
              [117.49292899999998, 3.3409490000001574],
              [117.49174271000015, 3.3408139369999956],
              [117.49028197700025, 3.3410959879999735],
              [117.48895500000006, 3.34136600000011],
              [117.48869900000001, 3.3414150000000333],
              [117.48835857900019, 3.341610741999932],
              [117.48818800000001, 3.3417700000000963],
              [117.4868, 3.3422110000000806],
              [117.48607, 3.3422480000000334],
              [117.48558300000003, 3.3424690000000226],
              [117.4851695250002, 3.3428111449999554],
              [117.48496199999998, 3.34288500000007],
              [117.48409573200009, 3.3431215179999674],
              [117.48331676400011, 3.34357454699997],
              [117.48276900000008, 3.3438930000000724],
              [117.4797923770001, 3.3445796329999977],
              [117.479013, 3.3446050000001426],
              [117.47817300000013, 3.344740000000076],
              [117.47500789100017, 3.3448266590000086],
              [117.47466700000011, 3.344864000000122],
              [117.47257800000003, 3.3450860000000615],
              [117.47177457400008, 3.345085868999962],
              [117.4711415280001, 3.3451106899999727],
              [117.4708250000001, 3.3451720000000265],
              [117.46920588400017, 3.3455519629999797],
              [117.46801291100014, 3.345833854000033],
              [117.46685599999998, 3.3459450000001247],
              [117.46619900000006, 3.346031000000046],
              [117.46413482900017, 3.3461295159999827],
              [117.46369652300022, 3.3460930909999886],
              [117.46313654800016, 3.3462523789999343],
              [117.46301481000005, 3.3463013739999914],
              [117.46251574600014, 3.346399392000019],
              [117.460640866, 3.346485942999986],
              [117.46038500000004, 3.3465840000000604],
              [117.45974100000005, 3.346731000000055],
              [117.45899700000004, 3.34689100000006],
              [117.4565200000001, 3.3474080000001605],
              [117.45585065400023, 3.347456774999933],
              [117.45550979300018, 3.347554808999962],
              [117.45471858585852, 3.347701975991977],
              [117.4545115130001, 3.347689874999946],
              [117.45408500000005, 3.3477270000000416],
              [117.45395163100004, 3.347800220999928],
              [117.45296599294869, 3.348509990274926],
              [117.45284400000006, 3.348572000000103],
              [117.45261289900012, 3.348926209999923],
              [117.45246694300012, 3.3493177749999914],
              [117.45209011800011, 3.3504678309999347],
              [117.45193198400018, 3.350883729999974],
              [117.45166465900017, 3.3518747139999894],
              [117.45153097900022, 3.3524619279999923],
              [117.45137197800013, 3.3535685389999825],
              [117.45128689800019, 3.3540823709999534],
              [117.45120195800008, 3.354645047999969],
              [117.45115435200015, 3.3568836850000094],
              [117.45111790500006, 3.3571405989999503],
              [117.45110600000012, 3.357765000000054],
              [117.45100883100018, 3.3582293829999754],
              [117.45098464600014, 3.3586452200000094],
              [117.45099776700025, 3.361193856999942],
              [117.45101100000008, 3.3613040000000396],
              [117.45105892100015, 3.361658683999944],
              [117.45104691800013, 3.362062303999944],
              [117.45097398700005, 3.36249056099994],
              [117.45107178400015, 3.3631266039999863],
              [117.45107190200017, 3.363383407999918],
              [117.45099969800013, 3.3653948949999934],
              [117.45107323700019, 3.3665447420000083],
              [117.45109798987886, 3.3673640000047333],
              [117.45103742100007, 3.367914810999948],
              [117.45104978400019, 3.3682939979999693],
              [117.45104998700022, 3.368734337999988],
              [117.45117186800017, 3.3689911779999226],
              [117.45120838200017, 3.369137971999989],
              [117.45119600000012, 3.369273000000148],
              [117.45101484000024, 3.3712984709999594],
              [117.45097873100009, 3.3720324509999378],
              [117.45084598000021, 3.37463810899997],
              [117.4507492040001, 3.376221851000003],
              [117.45067684200016, 3.3778854649999834],
              [117.4506406660001, 3.3784726339999827],
              [117.45039794100018, 3.380985408999968],
              [117.4504346360002, 3.3812667099999727],
              [117.45034994400011, 3.3823676939999414],
              [117.45036226800015, 3.3826612179999804],
              [117.45039879300025, 3.3828325269999437],
              [117.45044768200003, 3.3831260329999813],
              [117.45031386400015, 3.383419717999945],
              [117.45022882200013, 3.383762223999951],
              [117.45011955000024, 3.384422878999991],
              [117.44988977300005, 3.3862755109999787],
              [117.44980492300023, 3.3870340279999445],
              [117.4497079690002, 3.38797599599999],
              [117.44952589300014, 3.389089235999996],
              [117.44912562800015, 3.3912709909999483],
              [117.44904094700026, 3.392396395999895],
              [117.44902891700023, 3.3927389609999947],
              [117.44888300000005, 3.3933140000000996],
              [117.44872568600027, 3.3951797109999715],
              [117.44871378000018, 3.395534487000016],
              [117.4486656020001, 3.3967822649999624],
              [117.44864198700019, 3.3984336459999964],
              [117.4487645070002, 3.3992945079999926],
              [117.4487525280001, 3.399747157999964],
              [117.44883784800014, 3.400003920999981],
              [117.4490208750001, 3.4006888609999875],
              [117.44927687600006, 3.4015450929999558],
              [117.44988653000023, 3.4033062619999255],
              [117.44998500000011, 3.4035390000000865],
              [117.45061749400023, 3.40433350300001],
              [117.45178049000017, 3.405327169999981],
              [117.45232800000008, 3.4055590000000215],
              [117.45393599200025, 3.406109049999926],
              [117.45469097300011, 3.406353283999972],
              [117.45613980200017, 3.4064382579999863],
              [117.45632199999996, 3.406365000000097],
              [117.45671200000008, 3.406340000000071],
              [117.45757599999997, 3.4062050000000923],
              [117.45786856000021, 3.406156116000001],
              [117.45827000000011, 3.40600900000004],
              [117.4585016110001, 3.40605793899996],
              [117.45874500000006, 3.406131000000098],
              [117.45901300000004, 3.406143000000025],
              [117.45967052900018, 3.4060451679999693],
              [117.46093983300004, 3.4061122309999226],
              [117.4613806340002, 3.406112018999994],
              [117.46625262000025, 3.4065531679999905],
              [117.467567, 3.406910000000071],
              [117.46899495200005, 3.4070720519999353],
              [117.47012262900009, 3.4071822369999927],
              [117.47031765500006, 3.407199198999975],
              [117.47733200000008, 3.407434000000084],
              [117.47928700000001, 3.407612000000068],
              [117.47977900000004, 3.4077480000001295],
              [117.48016077800011, 3.4077990809999603],
              [117.48083900000009, 3.407790000000097],
              [117.48331000000007, 3.4080020000000957],
              [117.48358130200025, 3.408087065999985],
              [117.48415784700016, 3.4081123149999426],
              [117.48492100000014, 3.4081800000000797],
              [117.48641654000018, 3.408145286000006],
              [117.48678962400022, 3.408323971999958],
              [117.48691686100018, 3.408374987999916],
              [117.48715423000029, 3.4083493269999243],
              [117.48731500000008, 3.4083150000000586],
              [117.48784099999999, 3.4082550000001133],
              [117.49021497400022, 3.4080921749999638]
            ]
          ],
          [
            [
              [117.36938100000006, 3.4410330000001244],
              [117.37395479900023, 3.4400122779999576],
              [117.375396, 3.4393500000000934],
              [117.40427400000009, 3.4266170000001175],
              [117.40656100000004, 3.425556000000082],
              [117.41070699999999, 3.4239630000000822],
              [117.41353600000002, 3.422907000000105],
              [117.41439065800013, 3.422638314999946],
              [117.42091300000004, 3.4210600000000504],
              [117.42274600000009, 3.420934000000017],
              [117.43165300000014, 3.4195710000000403],
              [117.43907299999998, 3.417404000000065],
              [117.44002400000007, 3.416129000000087],
              [117.44141099999999, 3.4136610000000758],
              [117.44292400000003, 3.409667000000147],
              [117.44418200000011, 3.3982880000000684],
              [117.44302300000005, 3.3926650000000924],
              [117.44186499999998, 3.3900020000000666],
              [117.44115300000013, 3.3892690000000805],
              [117.4402960000001, 3.3876870000001027],
              [117.43792494400013, 3.378955363999956],
              [117.43776397600023, 3.377292598999957],
              [117.43767400000004, 3.376077000000052],
              [117.43751100000006, 3.369649000000038],
              [117.43777700000014, 3.3677890000001076],
              [117.43873700000007, 3.3600380000000953],
              [117.43825600000007, 3.3589120000000996],
              [117.4363820000001, 3.3549350000001112],
              [117.43616700000007, 3.351895000000158],
              [117.43498700000012, 3.3483490000000806],
              [117.43391878200022, 3.347383638999921],
              [117.4315868640001, 3.345489451999959],
              [117.43053668000016, 3.344917769999909],
              [117.42898799999999, 3.3438820000000504],
              [117.42659700000004, 3.3416030000000454],
              [117.41615262800026, 3.3444681970000145],
              [117.41702700000012, 3.3482410000001153],
              [117.41775526600009, 3.350860682999932],
              [117.42166184700001, 3.3688622320000006],
              [117.42187749900019, 3.3739221579999734],
              [117.42024273900019, 3.3821940139999596],
              [117.41565199869052, 3.3912879991275657],
              [117.40398489000016, 3.4033825379999305],
              [117.39919388800006, 3.406481767999945],
              [117.39709260100018, 3.4076933989999203],
              [117.39229080800025, 3.409390476999916],
              [117.38589399999998, 3.411213000000166],
              [117.38432853300013, 3.4116425939999173],
              [117.38306500000012, 3.4118760000001336],
              [117.37920300000005, 3.4124320000000843],
              [117.37590393900011, 3.4131664539999695],
              [117.37506756600028, 3.413274072999992],
              [117.371829, 3.4144020000000133],
              [117.37040569700021, 3.41529631099998],
              [117.36969400000011, 3.4163700000001773],
              [117.36665579200009, 3.4333563619999152],
              [117.36672796500011, 3.436109792000006],
              [117.36687185400002, 3.44040840899996],
              [117.36769065600001, 3.441016034999964],
              [117.36779762100015, 3.4412841719999454],
              [117.36808200000004, 3.4414270000000826],
              [117.36938100000006, 3.4410330000001244]
            ]
          ],
          [
            [
              [117.55470900000003, 3.4423050000000757],
              [117.55629700000006, 3.440181000000017],
              [117.56068300000004, 3.439176000000085],
              [117.56196500000007, 3.438676000000015],
              [117.56346100000005, 3.4381840000000743],
              [117.564301, 3.4381379999999986],
              [117.56450880100023, 3.4381470899999966],
              [117.5654659430002, 3.4378652169999446],
              [117.56636900000004, 3.4381820000000864],
              [117.56661300000007, 3.4383180000001046],
              [117.56704678700027, 3.43848131999994],
              [117.56873958100017, 3.438254030999963],
              [117.56954300000011, 3.4383350000000448],
              [117.57128253700017, 3.438905864999895],
              [117.5713728870001, 3.4389693289999945],
              [117.57205000000006, 3.438887000000065],
              [117.57223073700011, 3.438769176999954],
              [117.57295300000008, 3.4387050000001054],
              [117.5732870000001, 3.4387140000000507],
              [117.57368483200015, 3.4388499679999773],
              [117.57423570100009, 3.4388042679999264],
              [117.57475000000008, 3.4386950000000773],
              [117.57497600000013, 3.438722000000002],
              [117.57659059900016, 3.4395119619999504],
              [117.57690673100002, 3.439566205999909],
              [117.58076346600018, 3.440189981999917],
              [117.58127800000003, 3.4402710000000916],
              [117.58208083898076, 3.440235028753622],
              [117.5833359377232, 3.4402340569568457],
              [117.58379648500022, 3.440270093999973],
              [117.58431151900021, 3.4406690489999425],
              [117.58552193100009, 3.4410312609999805],
              [117.58670800000007, 3.4413860000000653],
              [117.58783733500017, 3.4417213329999674],
              [117.58844258300024, 3.4419841109999494],
              [117.5890658400002, 3.4421470609999316],
              [117.59007756100016, 3.442482185999949],
              [117.59384099999997, 3.4422820000001266],
              [117.59493400000008, 3.442517000000076],
              [117.59563890200015, 3.4428163399999745],
              [117.59617169000018, 3.4427252559999877],
              [117.59654196300008, 3.4427250229999684],
              [117.598434585, 3.4427991429999727],
              [117.59904100000007, 3.4429730000000127],
              [117.5997636960002, 3.442682166999975],
              [117.60091900000012, 3.4425650000000942],
              [117.60207525500023, 3.4425500649999696],
              [117.60349100000012, 3.4424620000000985],
              [117.60377995300023, 3.4423312259999816],
              [117.6044440000001, 3.4422290000000935],
              [117.60603000000006, 3.4419520000001347],
              [117.60699842800017, 3.441937054999964],
              [117.60730182800005, 3.44192234399999],
              [117.60785072400016, 3.4417332849999793],
              [117.60819700000003, 3.441704000000132],
              [117.60855865400003, 3.441718314999984],
              [117.60990200000006, 3.4414270000000826],
              [117.61017664000023, 3.4414850179999545],
              [117.61049400000002, 3.441354000000082],
              [117.61254565398654, 3.4406560659074747],
              [117.61338300000004, 3.440612000000062],
              [117.61361459400021, 3.440568271999953],
              [117.61422100000001, 3.4404080000000583],
              [117.61584900000007, 3.43992300000012],
              [117.61654200000012, 3.4397190000001165],
              [117.61704800000007, 3.439501000000109],
              [117.61759700000002, 3.4393700000000607],
              [117.61792900000003, 3.439065000000049],
              [117.61927200000005, 3.437714000000134],
              [117.61990700000001, 3.4373510000001195],
              [117.62041291300012, 3.4369441569999415],
              [117.62148100000003, 3.435942000000111],
              [117.62216, 3.435375000000138],
              [117.62474452700015, 3.433960314999971],
              [117.62509200000011, 3.4337320000000418],
              [117.62531196800012, 3.4336961709999647],
              [117.62690094500023, 3.4331461889999337],
              [117.6271419630001, 3.432825228999934],
              [117.62786500000004, 3.4323330000001064],
              [117.6284850000001, 3.4320100000000267],
              [117.62866986669628, 3.431867103040296],
              [117.62912300000004, 3.4315320000000895],
              [117.62982571400002, 3.4312391429999733],
              [117.63131253300003, 3.430473269999932],
              [117.63187288700011, 3.4302091269999258],
              [117.63211399999997, 3.4301660000000425],
              [117.63343300000005, 3.4294950000001236],
              [117.63372400000006, 3.429381000000106],
              [117.63403600000002, 3.4291310000000266],
              [117.63825300000006, 3.4266740000000375],
              [117.63898800000004, 3.4265990000000492],
              [117.63996000000009, 3.4266270000000567],
              [117.64157700000011, 3.4259060000000865],
              [117.64429200000004, 3.4246940000000805],
              [117.64696000000008, 3.423397000000058],
              [117.64863000000005, 3.4226480000000805],
              [117.64968300000014, 3.4221730000000363],
              [117.64988300000007, 3.422118000000104],
              [117.65059093500022, 3.421789141000029],
              [117.65211597194771, 3.420456045729323],
              [117.6529320000001, 3.4201820000000573],
              [117.65358587126694, 3.4197801007820194],
              [117.65539299999999, 3.419829000000071],
              [117.65599200000008, 3.4197740000000953],
              [117.65682700000006, 3.419354000000027],
              [117.65706300000014, 3.4191350000000256],
              [117.65722600000004, 3.418898000000045],
              [117.6576980000001, 3.418605000000049],
              [117.65833375200013, 3.4183493349999905],
              [117.65938686600013, 3.41831212200002],
              [117.65996772400005, 3.4180562979999918],
              [117.66145600000009, 3.4175990000000347],
              [117.66174686700019, 3.417617210999988],
              [117.66249100000002, 3.417726000000062],
              [117.66407295500018, 3.4167672600000065],
              [117.66442900000006, 3.4165230000000015],
              [117.66611100000004, 3.4148450000000743],
              [117.66646700000001, 3.4133830000000778],
              [117.666994, 3.412437000000054],
              [117.6682350000001, 3.409634000000036],
              [117.66888895400022, 3.4060072989999446],
              [117.6692730000001, 3.404789000000128],
              [117.66950000000006, 3.402700000000123],
              [117.66915600000002, 3.4003930000001104],
              [117.66929800000004, 3.3998190000000896],
              [117.66988299300021, 3.398987286999975],
              [117.66988200000004, 3.397884000000171],
              [117.669568, 3.3975970000001388],
              [117.66931100000014, 3.3972100000000474],
              [117.66883800000008, 3.393877000000053],
              [117.66880899999998, 3.393389000000088],
              [117.66876599999998, 3.392644000000086],
              [117.66840900000003, 3.391999000000143],
              [117.66799500000005, 3.391598000000048],
              [117.6677380000001, 3.3914840000000304],
              [117.66640800000002, 3.3906730000001195],
              [117.66622200000008, 3.3897700000000555],
              [117.66622200000008, 3.389240000000079],
              [117.66612187900016, 3.3888525079999487],
              [117.66577897697782, 3.3879786300575843],
              [117.6657210000001, 3.3870470000000843],
              [117.66582000000004, 3.385628000000138],
              [117.66554800000009, 3.384825000000088],
              [117.66526100000014, 3.3830980000001034],
              [117.66447600000004, 3.382482000000028],
              [117.66406200000006, 3.3819520000000516],
              [117.66396200000005, 3.381536000000004],
              [117.6642739210001, 3.378583238999986],
              [117.66512926491163, 3.3777943114481657],
              [117.66562800000005, 3.377636000000126],
              [117.66618400000004, 3.376551000000102],
              [117.66631100000006, 3.3754040000000565],
              [117.6664380000001, 3.372853000000106],
              [117.66685100000008, 3.3719780000000945],
              [117.66720700000005, 3.3710460000000744],
              [117.66769100000012, 3.3699420000000337],
              [117.66784800000005, 3.3694980000000676],
              [117.66794699999998, 3.368495000000035],
              [117.66773300000004, 3.367936000000057],
              [117.66760473600002, 3.367964250999953],
              [117.66754779772431, 3.368093221202293],
              [117.66737672100015, 3.3682797429999445],
              [117.66719099999996, 3.368438000000115],
              [117.66713400000005, 3.3681220000000813],
              [117.66737600000008, 3.366780000000066],
              [117.66757500000003, 3.3658190000000445],
              [117.66776000000006, 3.3645290000000685],
              [117.66822899999997, 3.3626370000001096],
              [117.66782964500024, 3.362063364999943],
              [117.66687300000004, 3.3612470000000307],
              [117.66630200000013, 3.360789000000106],
              [117.6662169240002, 3.360817471999975],
              [117.66604582700016, 3.3609322539999686],
              [117.666017, 3.3610760000001383],
              [117.66588900000015, 3.3611480000000995],
              [117.66577500000004, 3.3613630000000363],
              [117.6656039790002, 3.361448562999967],
              [117.66541800000007, 3.3611910000001046],
              [117.66533200000006, 3.360546000000028],
              [117.66501800000003, 3.360145000000112],
              [117.664129, 3.359018000000077],
              [117.6636148920002, 3.3576713689999904],
              [117.66298600000003, 3.3567260000000623],
              [117.66294300000003, 3.356052000000118],
              [117.66268599999998, 3.355393000000081],
              [117.66178300000006, 3.3519300000000776],
              [117.66178200000006, 3.3510410000000626],
              [117.66175300000006, 3.350411000000072],
              [117.661381, 3.348576000000122],
              [117.66090400000007, 3.3390900000000867],
              [117.66051800000002, 3.33815800000011],
              [117.66033262700014, 3.337857435999978],
              [117.66006100000004, 3.337714000000055],
              [117.65970400000008, 3.337070000000061],
              [117.65954771400004, 3.3372846249999233],
              [117.65930500000002, 3.337013000000052],
              [117.65893000000008, 3.3365300000000566],
              [117.65895800000008, 3.3357560000000532],
              [117.658943, 3.3349390000000447],
              [117.65854200000004, 3.3322450000001202],
              [117.65825600000008, 3.3311130000001157],
              [117.65789800000005, 3.3289490000001223],
              [117.65771000000004, 3.3260140000000638],
              [117.65775200000004, 3.3250820000001324],
              [117.65765200000011, 3.3244230000000954],
              [117.65773700000004, 3.323649000000092],
              [117.65793600000008, 3.3227750000000746],
              [117.65812100000002, 3.3220010000000713],
              [117.65814900000012, 3.3216560000000364],
              [117.65817700000004, 3.320796000000157],
              [117.65849, 3.318278000000049],
              [117.65876000000004, 3.3170740000000833],
              [117.65890199999998, 3.315956000000128],
              [117.65873000000013, 3.3145370000000476],
              [117.65857200000004, 3.3134330000000958],
              [117.65817100000007, 3.311186000000074],
              [117.65812800000006, 3.3104980000000808],
              [117.6583270000001, 3.3097670000000825],
              [117.6581839850001, 3.308849701999992],
              [117.65736800000006, 3.3049520000000356],
              [117.65712400000004, 3.302922000000116],
              [117.65705200000004, 3.302248000000083],
              [117.65652300000013, 3.3001700000000547],
              [117.65639400000012, 3.299797000000101],
              [117.65639400000012, 3.2990950000001042],
              [117.6562650000001, 3.2984500000000274],
              [117.65597899999997, 3.2979060000000473],
              [117.65597899999997, 3.297762000000123],
              [117.65587800000006, 3.296063000000057],
              [117.65580692100013, 3.2957904619999345],
              [117.65556400000001, 3.2952030000000434],
              [117.6555060000001, 3.294171000000098],
              [117.65547700000002, 3.2933110000000845],
              [117.655305, 3.2922080000000378],
              [117.65510400000005, 3.290359000000084],
              [117.65467000000004, 3.286447000000101],
              [117.6545130000001, 3.2863030000001316],
              [117.6545130000001, 3.285845000000073],
              [117.65474100000004, 3.2854150000000217],
              [117.65475400000005, 3.284010000000123],
              [117.65462500000004, 3.2831360000001055],
              [117.65453800000003, 3.2807130000000875],
              [117.65406400000008, 3.275676000000103],
              [117.65376400000002, 3.2744720000000918],
              [117.65354800000001, 3.272644000000099],
              [117.6536479708597, 3.2721131547357762],
              [117.65379000000004, 3.271755000000084],
              [117.65387500000007, 3.2705220000001622],
              [117.65363199052523, 3.2694617562677086],
              [117.65388600000009, 3.266084000000088],
              [117.65374300000008, 3.2654680000001015],
              [117.65352800000005, 3.263719000000073],
              [117.6533270000001, 3.2618990000001205],
              [117.65328300000012, 3.260580000000054],
              [117.65334000000003, 3.2602070000001007],
              [117.65356800000006, 3.2596340000000303],
              [117.65410900000006, 3.257990000000074],
              [117.65416596900008, 3.257689218999924],
              [117.65443600000003, 3.2573310000000824],
              [117.65459300000006, 3.2568290000000246],
              [117.65519197400015, 3.2562552020000224],
              [117.65591900000008, 3.255882000000007],
              [117.65617579900011, 3.25576722399997],
              [117.65647399999999, 3.2547070000000424],
              [117.65644500000008, 3.254033000000053],
              [117.65579000000007, 3.2522170000000763],
              [117.65573294700006, 3.251700695999946],
              [117.65533300000008, 3.250798000000085],
              [117.65420400000002, 3.2479890000001035],
              [117.65357600000002, 3.2469010000000544],
              [117.65333300000007, 3.246428000000087],
              [117.65301900000011, 3.2456680000000873],
              [117.652819, 3.245339000000044],
              [117.6522910000001, 3.245052000000012],
              [117.65157700000009, 3.244279000000091],
              [117.65057199999998, 3.243638000000124],
              [117.6501448151747, 3.2434808724786413],
              [117.64991600000006, 3.243323000000128],
              [117.64973061300019, 3.2430653469999937],
              [117.64951600000009, 3.2427070000000526],
              [117.64824579400025, 3.240715613999998],
              [117.64813160300012, 3.240586677999988],
              [117.64787492500012, 3.2406728499999238],
              [117.64709049400022, 3.2406876829999964],
              [117.6467196520001, 3.240687921000016],
              [117.646434, 3.2406170000000536],
              [117.64543566800009, 3.240158403999991],
              [117.64453695500016, 3.2399009730000072],
              [117.64406600000008, 3.2398870000000493],
              [117.6435240000001, 3.2397730000000315],
              [117.6429820000001, 3.239802000000033],
              [117.64258296151262, 3.239887893105151],
              [117.64251100000003, 3.2396590000001027],
              [117.64228295000018, 3.239128410000034],
              [117.64211175900013, 3.2390711859999177],
              [117.64191200000003, 3.239258000000053],
              [117.64188383700011, 3.2395156649999235],
              [117.641346, 3.2389980000000342],
              [117.64126081800016, 3.2385676970000032],
              [117.64108962500012, 3.2384818130000026],
              [117.6407759830002, 3.238725674000018],
              [117.64057688000015, 3.2396288119999594],
              [117.6401920000001, 3.240117000000118],
              [117.63980700000003, 3.2402600000000916],
              [117.63917953600009, 3.2402890479999646],
              [117.63852352400016, 3.240389799999952],
              [117.63773899999998, 3.2404190000001023],
              [117.63698300000014, 3.2406490000000368],
              [117.63645562200013, 3.240720774999981],
              [117.63561400000003, 3.241080000000127],
              [117.6353578550999, 3.2412230466080194],
              [117.63504397900022, 3.241323668999949],
              [117.6343450000001, 3.2413100000000163],
              [117.63241788923412, 3.2420389613609357],
              [117.63193583400017, 3.2419154729999766],
              [117.63164454900023, 3.242005741999985],
              [117.63126381500017, 3.242411376999974],
              [117.63023349400027, 3.2433579519999567],
              [117.62961779800013, 3.244338043999959],
              [117.62939393100017, 3.24472104800003],
              [117.62848673800008, 3.2454535799999773],
              [117.62780300000007, 3.245826000000104],
              [117.62760185600023, 3.2460059249999373],
              [117.62655684300009, 3.248703507999937],
              [117.62666898937725, 3.248996004073077],
              [117.62684870800008, 3.2495479109999925],
              [117.62655784300017, 3.250325093999993],
              [117.62616588100016, 3.2506856989999866],
              [117.62631300000007, 3.2515000000000818],
              [117.62662714700014, 3.2520180409999133],
              [117.62715551600014, 3.2521838869999575],
              [117.62756100000003, 3.2506900000001195],
              [117.62805600000004, 3.249497000000087],
              [117.62846383600022, 3.249763894999922],
              [117.62943700000008, 3.249728000000104],
              [117.62964900000013, 3.249265000000076],
              [117.63071099999998, 3.248606000000084],
              [117.63166737200017, 3.2494061399999863],
              [117.63253900000007, 3.249498000000081],
              [117.63358200000003, 3.2494190000000733],
              [117.634625, 3.2492170000000575],
              [117.63588359600023, 3.250457143999994],
              [117.6361966960002, 3.2507102799999776],
              [117.6368837490002, 3.2512427229999785],
              [117.63711852200008, 3.251356129999947],
              [117.6373099120002, 3.251583134999989],
              [117.63755357200012, 3.252019773999968],
              [117.63742300000004, 3.252221000000052],
              [117.63676285100023, 3.252509472999985],
              [117.63631968600025, 3.2527805599999438],
              [117.63587600000002, 3.2527370000001135],
              [117.6346069280002, 3.2522924469999692],
              [117.63389400000008, 3.252564000000099],
              [117.63307386500018, 3.252996171999931],
              [117.6334044920001, 3.253502632999914],
              [117.63354389100017, 3.253991741999971],
              [117.63367461200006, 3.2545158019999887],
              [117.63410952600016, 3.2549610429999687],
              [117.63462259300007, 3.2552926789999637],
              [117.63479659300017, 3.2555109589999054],
              [117.6359100000001, 3.2563180000001557],
              [117.63685853030702, 3.2572873078395714],
              [117.6367108080001, 3.257383525999944],
              [117.63572881700011, 3.257847137999934],
              [117.63557296036595, 3.2588080980690526],
              [117.63533861600017, 3.2593868259999637],
              [117.63515600000005, 3.2595090000000795],
              [117.63512991000013, 3.2592734019999936],
              [117.63474700000006, 3.2587670000000593],
              [117.63439083300008, 3.2589593819999463],
              [117.63338199773978, 3.2587850026273157],
              [117.63247798900026, 3.2582704609999658],
              [117.63191965900008, 3.2579479920000187],
              [117.63295486600019, 3.2591790690000044],
              [117.6322775280001, 3.260306405999933],
              [117.63267785695258, 3.2606819461650316],
              [117.63280859000017, 3.261637184999908],
              [117.63080000000006, 3.2614990000000645],
              [117.63072237100013, 3.261690917000002],
              [117.63033100000007, 3.261971000000038],
              [117.62979200000007, 3.261936000000073],
              [117.62953100000004, 3.261692000000046],
              [117.62902674500016, 3.260844616999967],
              [117.62785700000009, 3.2595760000000276],
              [117.62768200000009, 3.2577420000000714],
              [117.62857700000006, 3.257269000000104],
              [117.62882070200025, 3.257164159000001],
              [117.62922900000001, 3.2567970000000415],
              [117.62936781600014, 3.2563077129999263],
              [117.62695200000009, 3.2577070000000177],
              [117.62668200000005, 3.257463000000125],
              [117.62649100000013, 3.2572880000000772],
              [117.62566200000002, 3.2562880000000263],
              [117.62574800000003, 3.2555540000000462],
              [117.62699097608619, 3.2545317185517986],
              [117.62703400000012, 3.2539200000000292],
              [117.62745992291254, 3.25350013999802],
              [117.62699899200017, 3.2531598859999766],
              [117.6247119780002, 3.2518687139999924],
              [117.62309050900008, 3.252178803999981],
              [117.62225199999996, 3.2530510000000703],
              [117.6214655270001, 3.2543730859999043],
              [117.62099463500022, 3.255359731999916],
              [117.6208408740001, 3.255698289999951],
              [117.61971600000001, 3.2573530000001263],
              [117.61939862000014, 3.257565527999904],
              [117.61935060500008, 3.2577106130000066],
              [117.61895462000008, 3.2582589029999864],
              [117.61875283600017, 3.2587328729999454],
              [117.61860000000004, 3.2589940000001008],
              [117.61845495400021, 3.2594389729999262],
              [117.61821482600016, 3.2601353799999933],
              [117.61768587700027, 3.2606192099999687],
              [117.61702269700011, 3.2619057579999255],
              [117.61674395344858, 3.2623410209885995],
              [117.61657074100019, 3.262418559999989],
              [117.61605860500019, 3.2630819039999848],
              [117.61609737400029, 3.2635557259999315],
              [117.61619452900015, 3.2650835509999565],
              [117.61609888200014, 3.2660312859999463],
              [117.61592700000003, 3.2669700000000326],
              [117.61569564600018, 3.2675560169999818],
              [117.61547490000021, 3.268503828999978],
              [117.61543676900025, 3.269103392999937],
              [117.61555282000018, 3.270051012999917],
              [117.61560097349079, 3.270418796762118],
              [117.615216, 3.2707380000000477],
              [117.61453200000008, 3.2694910000000768],
              [117.6138217620002, 3.2717540229999598],
              [117.6136479200002, 3.273287074999973],
              [117.61373482200021, 3.2737802139999195],
              [117.61642967000016, 3.27455215499993],
              [117.6167859132165, 3.2748904392450795],
              [117.61652654252572, 3.275606142492058],
              [117.61630500000004, 3.2756740000000697],
              [117.61546783100016, 3.275268352999947],
              [117.614544, 3.275327000000047],
              [117.61403400000009, 3.2754340000001525],
              [117.61320490700015, 3.2758845099999467],
              [117.61338857700015, 3.277267226999956],
              [117.61352348800021, 3.277576586999973],
              [117.61464994081089, 3.2786201732517872],
              [117.61455393000021, 3.278900770999935],
              [117.61229200000001, 3.2802910000000765],
              [117.613785, 3.282610000000105],
              [117.614266, 3.282668000000019],
              [117.61587800000007, 3.283397000000118],
              [117.6163495900001, 3.283590079999974],
              [117.6167542800002, 3.2844601479999325],
              [117.6166586940001, 3.28550458699993],
              [117.6178129563426, 3.284498084520968],
              [117.6186209900002, 3.284246235999997],
              [117.61938149400024, 3.284729280999996],
              [117.6193338670002, 3.285531929999972],
              [117.619045, 3.2856290000000534],
              [117.61885289900029, 3.285802993999929],
              [117.61873765600016, 3.2861802069999646],
              [117.61864200000005, 3.2871180000000635],
              [117.61917156800018, 3.2876111169999644],
              [117.62012300000002, 3.2879740000001014],
              [117.62073285100023, 3.287115177999964],
              [117.62104467700017, 3.2870741139999415],
              [117.62192580600016, 3.2867601699999893],
              [117.62215598257121, 3.2862830645513297],
              [117.62204700000005, 3.28577900000003],
              [117.62276591941047, 3.285669968001268],
              [117.6228922280001, 3.2859295119999166],
              [117.62327000000008, 3.285798000000092],
              [117.62336300000005, 3.285667000000089],
              [117.62387679500003, 3.285881998999982],
              [117.62385354800014, 3.286018000999955],
              [117.62382099400021, 3.2861962199999573],
              [117.62385378400016, 3.2863978379999415],
              [117.6239798795841, 3.286547856647757],
              [117.62403159100022, 3.287180839999979],
              [117.62356000000001, 3.287322000000067],
              [117.62330799728328, 3.2874130034803306],
              [117.62322400000009, 3.2873480000000868],
              [117.62295800000003, 3.2872170000000835],
              [117.6222115750001, 3.2872638360000073],
              [117.62205300000002, 3.2874190000000993],
              [117.62207182900016, 3.287657816000009],
              [117.62304700000001, 3.288112000000062],
              [117.62328999999997, 3.2881070000000925],
              [117.62417688, 3.2885099469999934],
              [117.62479000000008, 3.2886970000000595],
              [117.62529400000004, 3.2886850000000436],
              [117.62555200000007, 3.2885730000000137],
              [117.62586300000014, 3.2885430000001525],
              [117.62615692200022, 3.288985140999965],
              [117.6262567178614, 3.28912659936321],
              [117.6262509395624, 3.2892561345593796],
              [117.62612788200012, 3.2894448609999882],
              [117.62584665800013, 3.2898929479999373],
              [117.62567096400007, 3.290293827999977],
              [117.62552457800021, 3.2906652079999743],
              [117.62556698800016, 3.2915350950000066],
              [117.62559061100016, 3.2917943979999675],
              [117.62576678000018, 3.2921537969999504],
              [117.62531361300007, 3.293849896999954],
              [117.62481685628866, 3.2944911525924914],
              [117.62463860800008, 3.294680014999982],
              [117.6244886250002, 3.294896956999991],
              [117.62435767000021, 3.2955381539999307],
              [117.62445162900008, 3.295745514999946],
              [117.62478976700007, 3.2963487039999384],
              [117.62472400000004, 3.2965000000000657],
              [117.62446100000004, 3.296443000000057],
              [117.62398287000019, 3.2963209279999495],
              [117.62359800000004, 3.2963780000000966],
              [117.6232325830001, 3.2967833800000212],
              [117.62317655300018, 3.297198268999977],
              [117.6232798170002, 3.2972830569999756],
              [117.62383368978259, 3.2975847615203646],
              [117.62390878900028, 3.2978766359999723],
              [117.62371185700023, 3.2980276099999406],
              [117.62343982300011, 3.2981220629999397],
              [117.62335552600007, 3.298338963999945],
              [117.62302716800016, 3.298376882999974],
              [117.6228580000001, 3.298519000000052],
              [117.62279279300013, 3.298659875999941],
              [117.62273659300018, 3.29880133300001],
              [117.622699, 3.298962000000113],
              [117.62248063600023, 3.299683733999923],
              [117.62243393500002, 3.3000420339999925],
              [117.62232100000008, 3.300127000000095],
              [117.62205800000008, 3.299778000000039],
              [117.62176759600013, 3.2997030380000103],
              [117.62160800000007, 3.2997410000001315],
              [117.62109236800022, 3.3001842979999507],
              [117.620126, 3.3003170000000495],
              [117.61958177800011, 3.300100390999936],
              [117.61898100000003, 3.299799000000089],
              [117.61849300000007, 3.2995730000000414],
              [117.61813600000002, 3.2992150000000855],
              [117.61755400000001, 3.2988200000001333],
              [117.61779299999998, 3.297852000000109],
              [117.61797100000004, 3.2973900000000747],
              [117.61825200000011, 3.296428000000059],
              [117.61827096800019, 3.2962393209999474],
              [117.61814800000003, 3.2952780000000317],
              [117.61800775100008, 3.29541923399995],
              [117.61782000000008, 3.2957120000000586],
              [117.6177266890001, 3.2960605249999864],
              [117.61749255130215, 3.296183053111288],
              [117.617248, 3.2962120000001285],
              [117.61715400000004, 3.296127000000112],
              [117.616985, 3.295675000000106],
              [117.61708800000008, 3.2952220000001056],
              [117.61687192100024, 3.294467696000001],
              [117.61664665300026, 3.2943075569999847],
              [117.61625200000002, 3.293705000000088],
              [117.61607380800011, 3.2934405060000094],
              [117.61541681600019, 3.2930637869999257],
              [117.61454890100006, 3.2925586339999624],
              [117.6139290000001, 3.2922200000000537],
              [117.61278400000003, 3.2915790000000413],
              [117.61260600000006, 3.2914290000000648],
              [117.61234300000005, 3.291240000000059],
              [117.612249, 3.291193000000078],
              [117.61200889100022, 3.291160030999971],
              [117.61080389100017, 3.293462836999992],
              [117.61095300000015, 3.293694000000066],
              [117.61220033600007, 3.2938842549999547],
              [117.61295980900003, 3.294524008999953],
              [117.61343400000008, 3.2946460000000535],
              [117.61366594400027, 3.2965940669999894],
              [117.61444167500025, 3.298112128999917],
              [117.61415700000013, 3.298630000000088],
              [117.61383191400016, 3.2984530459999695],
              [117.61361500000014, 3.2985900000000647],
              [117.6135340000001, 3.2993800000000597],
              [117.61327680200023, 3.2995294999999514],
              [117.612966, 3.2996800000001016],
              [117.6130197100001, 3.3002652299999857],
              [117.61327700000007, 3.3003330000000863],
              [117.61403647200021, 3.3004552969999024],
              [117.61464894773461, 3.3021495997226458],
              [117.61418800000004, 3.3023000000001224],
              [117.61402586384577, 3.3023813165616067],
              [117.61394463800016, 3.302572080999986],
              [117.6139449654624, 3.3030350152794297],
              [117.61372800000008, 3.3031310000001346],
              [117.61349769400022, 3.3031989579999843],
              [117.61315966400005, 3.304588569999942],
              [117.61282096536593, 3.3047249777612953],
              [117.61263100000008, 3.304603000000025],
              [117.61222400000007, 3.304167000000099],
              [117.6124540000001, 3.303772000000058],
              [117.61260300000008, 3.303758000000143],
              [117.61286100000011, 3.304425000000041],
              [117.61294268800022, 3.3044252389999285],
              [117.61310500000005, 3.3041530000000066],
              [117.61291500000004, 3.3035400000000905],
              [117.61277900000007, 3.3033090000001186],
              [117.61260282800016, 3.302831726999975],
              [117.61235889600023, 3.3029408499999446],
              [117.6120204300002, 3.3036221369999152],
              [117.61131592300018, 3.3042219259999817],
              [117.61093681200025, 3.304944107999961],
              [117.61065282553808, 3.305134794134932],
              [117.61050300000014, 3.304958000000088],
              [117.61034000000006, 3.3047130000001124],
              [117.60922800000007, 3.3037740000000895],
              [117.60891600000001, 3.3034610000001265],
              [117.60998656600023, 3.3026971249999404],
              [117.61044700000004, 3.3024250000001167],
              [117.61044691600003, 3.301811426999932],
              [117.61010775100013, 3.30134850199991],
              [117.61028360700011, 3.3007490409999596],
              [117.61070400000007, 3.3007760000000133],
              [117.61089360300014, 3.300762287999901],
              [117.61105600000006, 3.300667000000054],
              [117.61090100000003, 3.2997830000000086],
              [117.61072765100018, 3.299456441999946],
              [117.61031500000004, 3.2992390000000285],
              [117.60936154800021, 3.2995444439999444],
              [117.6087979240002, 3.299849865999902],
              [117.60799575200026, 3.3001118539999963],
              [117.60810400000005, 3.3003730000000644],
              [117.60845100000009, 3.300569000000028],
              [117.60895000000008, 3.3006560000000773],
              [117.60988279200008, 3.3008733819999447],
              [117.60962288000025, 3.30137474999995],
              [117.60899400000007, 3.3015280000000615],
              [117.60858295755405, 3.3018109769122317],
              [117.60834386267753, 3.301680724565723],
              [117.60801793400006, 3.3009399069999423],
              [117.60728000000009, 3.300178000000095],
              [117.60701900000008, 3.299132000000057],
              [117.60714895800018, 3.2983472829999227],
              [117.60706200000008, 3.298108000000063],
              [117.60632500000013, 3.298653000000037],
              [117.60621683300025, 3.2988926419999265],
              [117.60602199938425, 3.299262999676187],
              [117.60593500000002, 3.299438000000108],
              [117.60506797901053, 3.2990679495483155],
              [117.604959, 3.2988060000000843],
              [117.60515400000006, 3.298501000000118],
              [117.60589115200013, 3.2982173130000048],
              [117.60632400000013, 3.297520000000084],
              [117.60615084100012, 3.29734549299999],
              [117.60552100000004, 3.296387000000042],
              [117.60530400000002, 3.2961480000000734],
              [117.60474000000008, 3.295974000000065],
              [117.6038880000001, 3.293851000000089],
              [117.6039310000001, 3.292871000000094],
              [117.60401700000003, 3.2916290000000927],
              [117.60453600000008, 3.290863000000086],
              [117.60511800000009, 3.290705000000024],
              [117.60531900000002, 3.2907950000000987],
              [117.60561800000008, 3.2907200000001104],
              [117.6057000000001, 3.290570000000045],
              [117.60572200000006, 3.28997000000005],
              [117.60565500000011, 3.289813000000027],
              [117.60569200000006, 3.289625000000104],
              [117.60584100000005, 3.289333000000102],
              [117.60585495990564, 3.288662591670586],
              [117.60581700000002, 3.2882760000000424],
              [117.60531900000002, 3.2875410000000684],
              [117.60484074300025, 3.286645894999949],
              [117.60411887400012, 3.2872495799999824],
              [117.60385600000004, 3.2871930000000518],
              [117.60386500000007, 3.2864110000000535],
              [117.60381800000009, 3.2861850000000494],
              [117.60290600000012, 3.285324000000042],
              [117.6025869940002, 3.284814817999968],
              [117.60298000000003, 3.283335000000096],
              [117.60316700000013, 3.282967000000067],
              [117.60403051500028, 3.2832492799999313],
              [117.60439600000004, 3.283230000000067],
              [117.60492172200011, 3.2834938000000014],
              [117.60530683676934, 3.283823860088062],
              [117.60629177800006, 3.2845392219999914],
              [117.60652600000006, 3.284454],
              [117.60692900000001, 3.2841050000000784],
              [117.60750174222291, 3.284255884802998],
              [117.6076890000001, 3.284444000000061],
              [117.60936300000004, 3.283821000000028],
              [117.60922200000002, 3.283444000000099],
              [117.608743, 3.2829540000001023],
              [117.60875200000012, 3.2818420000001103],
              [117.60888300000012, 3.2816340000000856],
              [117.60920200000014, 3.2816150000000235],
              [117.60927700000003, 3.281342000000084],
              [117.60930500000005, 3.2812480000000788],
              [117.60964300000003, 3.280751000000034],
              [117.60995200000002, 3.2801570000000915],
              [117.609736, 3.279809000000075],
              [117.60893900000005, 3.279885000000057],
              [117.60829199999998, 3.2805260000000693],
              [117.6074100000001, 3.279876000000023],
              [117.60617154400023, 3.279037725999987],
              [117.60507898200015, 3.2799068509999563],
              [117.60447870000023, 3.279916643999967],
              [117.6038600000001, 3.280530000000045],
              [117.60308100000012, 3.2802480000000713],
              [117.60219000000004, 3.2801730000001283],
              [117.60303500000013, 3.2811900000000307],
              [117.60289445900007, 3.2814445690000005],
              [117.60275390200016, 3.281661444999915],
              [117.60237900000004, 3.2821710000001536],
              [117.60204165796512, 3.2823876004548813],
              [117.60192897762575, 3.2822559252604],
              [117.60178786600008, 3.281784566999977],
              [117.60155323600011, 3.2815396469999625],
              [117.60054562000023, 3.281899968999933],
              [117.59995294800014, 3.281712756999986],
              [117.59892699999997, 3.2817730000000402],
              [117.59792568700009, 3.282318145999983],
              [117.59776085900012, 3.2826736479999985],
              [117.59712466300016, 3.283325585999939],
              [117.59602800000009, 3.2832910000000517],
              [117.59510470000018, 3.2840622249999596],
              [117.5950458670002, 3.2842518049999248],
              [117.59509299999999, 3.284441000000079],
              [117.5951757470002, 3.2846071310000147],
              [117.59547059700016, 3.284843884999975],
              [117.59538826600028, 3.285163786999976],
              [117.59466899747918, 3.2855789931708435],
              [117.59418600000001, 3.285769000000136],
              [117.59380894400026, 3.285733364999941],
              [117.59326682800017, 3.2859943049999485],
              [117.59140554600017, 3.2882462649999367],
              [117.5910249270002, 3.288463903000003],
              [117.59054100000004, 3.287872000000056],
              [117.58939700000006, 3.2875410000000684],
              [117.58890200000005, 3.2875650000001],
              [117.58867853600023, 3.2876952800000003],
              [117.58844386100017, 3.289555316999979],
              [117.588515, 3.290314000000091],
              [117.58838570100015, 3.2908940149999877],
              [117.58822088981572, 3.2911309134624345],
              [117.58579774900025, 3.2892281329999085],
              [117.58484391000012, 3.291005670999989],
              [117.58640076800006, 3.2923078669999972],
              [117.58695508700026, 3.292734014999996],
              [117.58745048737318, 3.2932195124349617],
              [117.58735650100009, 3.2937407379999817],
              [117.58705000000012, 3.294085000000088],
              [117.58530456800021, 3.293720513999996],
              [117.58450288900023, 3.293614378000007],
              [117.5841727990001, 3.293602722999931],
              [117.58364200000005, 3.2934020000001096],
              [117.58261173100017, 3.293224376999979],
              [117.58229348900021, 3.2933311870000237],
              [117.58211677100016, 3.293508985999991],
              [117.58115054000024, 3.2962026539999334],
              [117.58122159500026, 3.2967712479999944],
              [117.58110395100012, 3.2971977929999374],
              [117.57973800000006, 3.2982180000001504],
              [117.57946600000002, 3.298455000000086],
              [117.57937192100025, 3.2987507039999064],
              [117.57941876400012, 3.2998707629999435],
              [117.57840547307491, 3.3007361235786936],
              [117.57809896200017, 3.300807423999994],
              [117.57791023400019, 3.300617988999952],
              [117.57636271576885, 3.301389823516696],
              [117.57604400000004, 3.3011530000000313],
              [117.57573770900011, 3.3011177409999126],
              [117.57544300000005, 3.301379000000079],
              [117.57530177800018, 3.301556320999963],
              [117.57521950900004, 3.301994681999907],
              [117.57511358900015, 3.3023027609999955],
              [117.574689, 3.302659000000027],
              [117.57410899999999, 3.3033500000000906],
              [117.57369683200008, 3.3034564829999757],
              [117.57360200000005, 3.303255000000135],
              [117.5733545620001, 3.3027814219999874],
              [117.57280067100028, 3.3030779109999164],
              [117.5728126810002, 3.303480680999935],
              [117.5730367730001, 3.303658245999972],
              [117.57273062800017, 3.304298145999982],
              [117.57232992300014, 3.3044879229999635],
              [117.57217658400025, 3.304357702999936],
              [117.57158699389674, 3.3043819960753984],
              [117.5714459740001, 3.3048675250000192],
              [117.57138523700023, 3.3062687219999587],
              [117.57126700000003, 3.3063760000000855],
              [117.57106700000008, 3.306696000000006],
              [117.57094900000001, 3.3068260000001493],
              [117.57040700000002, 3.3070750000001006],
              [117.57015975700008, 3.3072408429999234],
              [117.5700893420002, 3.3077858339999855],
              [117.56994797400006, 3.307963609999951],
              [117.56826898200022, 3.3083097039999876],
              [117.56694890800016, 3.3088080260000075],
              [117.56617100000008, 3.3095670000000545],
              [117.5653465490001, 3.3104319169999874],
              [117.56340900000009, 3.3119520000000824],
              [117.56236055400012, 3.312698510999943],
              [117.56144100000006, 3.313363000000077],
              [117.56031851200028, 3.314302838999992],
              [117.5597647740002, 3.3149191770000064],
              [117.5591400000001, 3.3153700000000477],
              [117.5587866600001, 3.3155712919999614],
              [117.55848000000003, 3.315880000000102],
              [117.55804400000001, 3.316212000000082],
              [117.55663688000021, 3.3173667199999235],
              [117.55598870600022, 3.3177817139999766],
              [117.55475100000004, 3.3183280000001005],
              [117.55314866000016, 3.3197616940000207],
              [117.55109800000004, 3.321161000000159],
              [117.55073886900017, 3.321394513000029],
              [117.5487307200002, 3.3221817439999723],
              [117.5482445190002, 3.3223519830000248],
              [117.54725096300015, 3.3226499889999905],
              [117.54686999999997, 3.3228630000000727],
              [117.54657463700006, 3.3230965359999898],
              [117.54502300000001, 3.324060000000081],
              [117.54411400000002, 3.3244220000001015],
              [117.54333200000008, 3.3248680000000554],
              [117.54297272800011, 3.325123105999981],
              [117.54265571800026, 3.3253782339999516],
              [117.54216900000003, 3.3258040000000513],
              [117.54185270000016, 3.326164786999928],
              [117.54153568900023, 3.3264199149999873],
              [117.54130300000006, 3.3266330000000757],
              [117.5412188290002, 3.326951245999985],
              [117.54115572100014, 3.3275249360000236],
              [117.5411347960001, 3.3279286199999403],
              [117.5409729120002, 3.3291261599999045],
              [117.54046487900017, 3.3305141869999977],
              [117.53992482500026, 3.331780427999962],
              [117.5398006920002, 3.3326465159999463],
              [117.5394785490002, 3.3337767769999394],
              [117.53914659700017, 3.3343612689999835],
              [117.53907469800016, 3.3358116509999958],
              [117.53889800000002, 3.3365560000000762],
              [117.53885678500008, 3.3371089689999556],
              [117.5386909160002, 3.3375994619999494],
              [117.53846268800015, 3.3379856430000165],
              [117.53842156800005, 3.338768228999931],
              [117.53835877200018, 3.3396792329999903],
              [117.53813066800014, 3.340294965999955],
              [117.5380583700001, 3.3410149579999304],
              [117.53785078700007, 3.342239727999927],
              [117.53760181300017, 3.34267809299996],
              [117.53758143200017, 3.3433980569999333],
              [117.53760253400013, 3.3440032299999123],
              [117.53676000000004, 3.3447810000000935],
              [117.53670856500015, 3.345031174999966],
              [117.53665697200015, 3.345625949999973],
              [117.53707200000011, 3.34569900000011],
              [117.53743500000012, 3.3450410000000232],
              [117.53819359750413, 3.344321135025594],
              [117.53930500000003, 3.346000000000057],
              [117.53946885700019, 3.3468632129999376],
              [117.53946000000006, 3.347387000000065],
              [117.5396064460002, 3.3476075259999716],
              [117.5412070000001, 3.347735000000082],
              [117.54176493642757, 3.347734997683758],
              [117.5424725610002, 3.3485265359999827],
              [117.54241800000003, 3.3491610000000307],
              [117.54132999700016, 3.3496759229999595],
              [117.54012263200019, 3.3494376549999627],
              [117.53934518800008, 3.3493186169999722],
              [117.53835700000002, 3.3491630000001074],
              [117.53630200000008, 3.34761100000017],
              [117.53536900000006, 3.347465000000035],
              [117.53393400000007, 3.3490740000001153],
              [117.53351389800014, 3.3495607879999367],
              [117.53361472200014, 3.3499558999999435],
              [117.5336970000001, 3.3500750000001167],
              [117.53379770954436, 3.3501856807865193],
              [117.53368500000008, 3.3504930000001067],
              [117.53317299999999, 3.3505300000000595],
              [117.53270685300016, 3.3506766959999856],
              [117.53181088300019, 3.3512285819999965],
              [117.53155484100014, 3.3513114280000122],
              [117.53107054000013, 3.35209285799992],
              [117.53065600000002, 3.3530990000000784],
              [117.53032800000005, 3.353237000000128],
              [117.52992467600009, 3.353227430000003],
              [117.52980592600012, 3.353484826999984],
              [117.52945874500008, 3.354155880999996],
              [117.52850776400018, 3.3544780409999175],
              [117.52811481600027, 3.3550480470000066],
              [117.5275816030002, 3.356035555000001],
              [117.52738071900019, 3.356633020999964],
              [117.5264020000001, 3.357130000000005],
              [117.52597275200004, 3.3575068389999663],
              [117.52577165600002, 3.3577091230000056],
              [117.52514100000005, 3.358500000000028],
              [117.525077, 3.3586470000001114],
              [117.52479200000003, 3.359028000000105],
              [117.52467300000005, 3.3591570000000317],
              [117.52449000000001, 3.359286000000047],
              [117.52385067000014, 3.3604438799999725],
              [117.523586, 3.3613720000000704],
              [117.52343971200007, 3.3615560949999823],
              [117.52282400000001, 3.361669000000087],
              [117.52267800000001, 3.3616600000001418],
              [117.52195583200013, 3.362211641999955],
              [117.52091379300023, 3.3633058129999815],
              [117.5206008310002, 3.3645959309999673],
              [117.52007050600018, 3.3648167859999445],
              [117.51977799700015, 3.365138586999925],
              [117.51950378000019, 3.365423629999973],
              [117.51924811300009, 3.3662232999999686],
              [117.51881751700016, 3.3674137189999653],
              [117.51872650400018, 3.3682500629999756],
              [117.51855299700013, 3.3687556089999715],
              [117.51836999999999, 3.368949000000029],
              [117.5183155120002, 3.3693438959999744],
              [117.51823376800019, 3.370428368999998],
              [117.51810590700018, 3.3710845279999324],
              [117.51795066600012, 3.3715349209999834],
              [117.51779559500017, 3.372306959000002],
              [117.51762200000009, 3.3727670000000955],
              [117.51753987200006, 3.3730055409999826],
              [117.5171368160001, 3.374250871999993],
              [117.51698164200015, 3.374829930999943],
              [117.51662559400017, 3.3760432029999654],
              [117.51651600000007, 3.376356000000044],
              [117.51622359300012, 3.3768337679999183],
              [117.51564600000002, 3.378080000000047],
              [117.51518062000017, 3.380037416999957],
              [117.51507064300012, 3.3815767149999543],
              [117.51495195499999, 3.3819627619999215],
              [117.51512699999998, 3.382569000000032],
              [117.5150895880001, 3.382808167999971],
              [117.51481500000001, 3.383158000000005],
              [117.514714916, 3.3834057249999416],
              [117.51468752800012, 3.3843832869999124],
              [117.514715, 3.384825000000088],
              [117.51466098600024, 3.386074272999937],
              [117.51465197300011, 3.3863132149999897],
              [117.51469795400028, 3.3867910650000033],
              [117.51472552400017, 3.3870483689999764],
              [117.51494584700009, 3.3885320009999864],
              [117.5152486450002, 3.390369842999994],
              [117.51542324500016, 3.3908511420000265],
              [117.51563400000009, 3.3918800000001106],
              [117.51578090000018, 3.3926613909999714],
              [117.51578099200019, 3.3928360019999415],
              [117.51572600000007, 3.393070000000118],
              [117.51567099999995, 3.3931250000000936],
              [117.51567152000018, 3.3933359200000046],
              [117.51616574000005, 3.3939697599999574],
              [117.51632158500016, 3.3946497409999976],
              [117.51634954600007, 3.395642251999962],
              [117.51655161500018, 3.396612078000003],
              [117.51678975600016, 3.3972460549999672],
              [117.51714656600019, 3.3974572369999434],
              [117.51745790907134, 3.3980638123140094],
              [117.51743998300014, 3.3988539689999575],
              [117.5174309840002, 3.399148053999954],
              [117.5175867960002, 3.399763694],
              [117.51768857100019, 3.4004197290000127],
              [117.51759700000007, 3.4006130000000603],
              [117.51743262900015, 3.4007139469999315],
              [117.51763451100025, 3.4019361169999796],
              [117.51782678100008, 3.4023311809999823],
              [117.51814866000025, 3.4034015969999976],
              [117.5182039050001, 3.404072447999993],
              [117.51833251000009, 3.405110847999935],
              [117.51832362400016, 3.405616306000012],
              [117.51830559000008, 3.4061033879999902],
              [117.51852658700017, 3.407457744999962],
              [117.51845370200017, 3.4079816179999645],
              [117.51856360500011, 3.408257257999945],
              [117.51917676299996, 3.4089186089999535],
              [117.51929683200012, 3.4095663149999877],
              [117.52024000000009, 3.4119550000000523],
              [117.5210635200002, 3.4123039930000187],
              [117.52170299999997, 3.4120830000000737],
              [117.5220780000001, 3.411706000000101],
              [117.52228874700023, 3.4116232620000053],
              [117.52327650900015, 3.4115491990000057],
              [117.52370600000006, 3.4117050000000617],
              [117.52464493000014, 3.4121419439999334],
              [117.52448090500015, 3.412203850999993],
              [117.52269671600006, 3.4121224080000045],
              [117.52238938700012, 3.4126274079999552],
              [117.52177452800014, 3.4132974129999694],
              [117.52149595100009, 3.413661722000003],
              [117.5210959968304, 3.4141569980308573],
              [117.5201329620002, 3.415063634000002],
              [117.51964090600016, 3.415290569999949],
              [117.51976400000004, 3.4156200000000716],
              [117.52002058499997, 3.4158261059999395],
              [117.52054369200017, 3.4161452019999627],
              [117.52209300000001, 3.4167560000001407],
              [117.52283170000021, 3.416972261000004],
              [117.52330368100019, 3.41755926799999],
              [117.52426700000004, 3.417507000000106],
              [117.52506700000005, 3.4175890000000955],
              [117.52538500000007, 3.4175990000000347],
              [117.5261646360002, 3.417846170000014],
              [117.5262878830001, 3.418217005999966],
              [117.52603192619394, 3.4186290635554206],
              [117.52582683700022, 3.4189075439999916],
              [117.52585779000012, 3.4192372150000017],
              [117.52653773560527, 3.419694036053964],
              [117.52676355154678, 3.4197458968162264],
              [117.52786095700004, 3.4207750719999686],
              [117.5285069490002, 3.420795315999956],
              [117.52904021700027, 3.420928962999912],
              [117.52962497300025, 3.4214540720000164],
              [117.53064700000007, 3.422878000000149],
              [117.5306677920002, 3.423146188999957],
              [117.53169300000002, 3.4232380000000475],
              [117.53190881309898, 3.423135089124183],
              [117.53227773550289, 3.422970170821169],
              [117.532544, 3.4230830000001014],
              [117.53274949300014, 3.4234644089999966],
              [117.53265750700017, 3.424010508999973],
              [117.53440419300009, 3.4260343079999123],
              [117.53500900000003, 3.426044000000047],
              [117.53540900000009, 3.426394000000097],
              [117.53547091900025, 3.426631266999922],
              [117.53561484700008, 3.427290559999938],
              [117.53583057600015, 3.4280013229999495],
              [117.53625150900008, 3.428969546999947],
              [117.5361798280001, 3.429134423999911],
              [117.53660400000001, 3.4299000000000603],
              [117.53760962600019, 3.4311360469999697],
              [117.538185, 3.4316100000000596],
              [117.53867649200018, 3.4319699619999566],
              [117.5388816150001, 3.4320522639999274],
              [117.53912781700004, 3.432247883999948],
              [117.53945868300015, 3.4327456230000086],
              [117.53976600000007, 3.433116000000055],
              [117.54034088200012, 3.4334147899999534],
              [117.54057700000011, 3.4340430000001056],
              [117.54092583100004, 3.4342592830000163],
              [117.54087475500008, 3.434609599999958],
              [117.54144274100025, 3.4353141769999906],
              [117.54156600000015, 3.4357370000001133],
              [117.54159689900023, 3.4359425539999355],
              [117.54193500000012, 3.4361790000000028],
              [117.54250969000016, 3.436282013999956],
              [117.5428686190002, 3.4363642420000096],
              [117.54375065900008, 3.436714025999996],
              [117.54417100000003, 3.4371050000000594],
              [117.54427571600009, 3.4380968989999294],
              [117.5442308650002, 3.4386504679999907],
              [117.54428500000006, 3.4389950000001193],
              [117.54450212700017, 3.439194758999995],
              [117.54513400000005, 3.4391670000000962],
              [117.54613754800013, 3.440527746999975],
              [117.54628438300003, 3.4412665559999978],
              [117.54719600000013, 3.4413750000000434],
              [117.54837080800017, 3.441582959999976],
              [117.54877764700008, 3.4423268079999714],
              [117.55011399999998, 3.442426000000051],
              [117.55043900000013, 3.4422170000000776],
              [117.55057484900028, 3.442262248999959],
              [117.55099753300017, 3.4427429319999403],
              [117.55154800000005, 3.4426610000000437],
              [117.5516569320303, 3.442452130327598],
              [117.55207200000007, 3.44247000000005],
              [117.5524426060001, 3.4428419099999585],
              [117.55304781800025, 3.443050261999967],
              [117.55470900000003, 3.4423050000000757]
            ]
          ],
          [
            [
              [117.41695776200018, 3.4441493509999566],
              [117.4136807870002, 3.4441885389999127],
              [117.41268559600002, 3.4443304719999324],
              [117.41125855600015, 3.4446990069999606],
              [117.4077037150001, 3.4453050360000104],
              [117.40288751600013, 3.446882411999961],
              [117.39904354000022, 3.448320468000019],
              [117.39786076800024, 3.4490284599999788],
              [117.39632648600004, 3.4499470749999572],
              [117.39536900000012, 3.4508440000000498],
              [117.39549155700006, 3.451607751999961],
              [117.40335581578672, 3.450981033232412],
              [117.40692269500023, 3.4501211729999737],
              [117.41002500000005, 3.4492790000000575],
              [117.41605499999999, 3.446218000000009],
              [117.41695776200018, 3.4441493509999566]
            ]
          ],
          [
            [
              [117.4602685570001, 3.438441521999933],
              [117.45921700000004, 3.4383680000001107],
              [117.45886068000006, 3.4384721249999783],
              [117.433852, 3.449671000000073],
              [117.42845792200002, 3.45311379199996],
              [117.42817693500012, 3.4538129289999864],
              [117.42950934800007, 3.4540651189999805],
              [117.43929475500022, 3.4538822089999455],
              [117.44270868500017, 3.4536132789999874],
              [117.45056800000012, 3.451200000000152],
              [117.45656875200014, 3.4480862219999997],
              [117.45892400000005, 3.4444660000000873],
              [117.45988500000007, 3.442339000000092],
              [117.4602685570001, 3.438441521999933]
            ]
          ],
          [
            [
              [117.29301100000012, 3.464597000000089],
              [117.28914651400012, 3.464597957999991],
              [117.2881427580002, 3.464497346000015],
              [117.28548291000021, 3.464800734999982],
              [117.28191978900018, 3.4656085430000294],
              [117.28036400000006, 3.4663150000000833],
              [117.27910957500002, 3.466819438999944],
              [117.27840700000006, 3.4672740000001623],
              [117.27685170000008, 3.468584867999911],
              [117.28126800000007, 3.4691380000000684],
              [117.2834260000001, 3.468734000000037],
              [117.2899000000001, 3.4676230000000388],
              [117.29150600000003, 3.467219000000096],
              [117.2939650000001, 3.4668150000000644],
              [117.29446700000005, 3.4666130000000486],
              [117.29617299700018, 3.4652007639999516],
              [117.29301100000012, 3.464597000000089]
            ]
          ],
          [
            [
              [117.3297775330002, 3.4747931819999556],
              [117.33034754100011, 3.4747442239999904],
              [117.3312759080001, 3.4745853189999876],
              [117.33203677500016, 3.474371283999953],
              [117.33272200000009, 3.4742430000000404],
              [117.33350400000005, 3.4739200000000494],
              [117.33373484100015, 3.473877049999916],
              [117.33471100000008, 3.4739740000000765],
              [117.33509351900013, 3.4739253230000022],
              [117.33776500000009, 3.4730770000000213],
              [117.34032699999997, 3.472056000000098],
              [117.34086699999997, 3.4718610000000396],
              [117.34109800000007, 3.4716290000000285],
              [117.34199499999995, 3.471178000000105],
              [117.34298977600021, 3.4708302629999777],
              [117.34325651600007, 3.4707083189999244],
              [117.34349900000005, 3.470623000000014],
              [117.344457, 3.4700680000001007],
              [117.34511787358191, 3.4696598825055913],
              [117.34503300000006, 3.4695810000000407],
              [117.34468751700008, 3.469476933999913],
              [117.34405061100006, 3.469446682999986],
              [117.34213789500025, 3.46972248999998],
              [117.34136164800006, 3.4699359799999696],
              [117.34027600000002, 3.4704000000000823],
              [117.3398819840002, 3.4704727519999734],
              [117.3382170000001, 3.4710290000000334],
              [117.33698033200018, 3.471327745999928],
              [117.33588600000004, 3.4717740000000354],
              [117.33488584100017, 3.4720359869999973],
              [117.33411560700021, 3.4721946519999802],
              [117.33327864600015, 3.472432581999949],
              [117.33130500000009, 3.472947000000101],
              [117.33086255400026, 3.473117155999925],
              [117.33014687900011, 3.4732636789999694],
              [117.32920691400005, 3.473422399999957],
              [117.32820000000004, 3.474069000000032],
              [117.32813971400022, 3.4742757919999567],
              [117.32824293000023, 3.474635328999951],
              [117.3297775330002, 3.4747931819999556]
            ]
          ],
          [
            [
              [117.32737400000009, 3.4818710000000443],
              [117.3199490000001, 3.4830010000001046],
              [117.31695350200006, 3.484052341999919],
              [117.31657982100005, 3.4847232299999176],
              [117.31855670300018, 3.485769021999938],
              [117.31935814100024, 3.4864932089999945],
              [117.32021400000008, 3.4871640000000284],
              [117.32360560700023, 3.4886651280000214],
              [117.32566200000011, 3.488235000000092],
              [117.32592900000007, 3.48804700000008],
              [117.32747791100026, 3.4871612560000242],
              [117.32769100000012, 3.486866000000063],
              [117.32833200000005, 3.4863290000000404],
              [117.32878600000004, 3.4859530000000163],
              [117.3308950000001, 3.483967000000141],
              [117.3315090000001, 3.4831080000001213],
              [117.33196300000009, 3.482598000000067],
              [117.33207000000006, 3.4823030000000834],
              [117.32897600000004, 3.4819510000000475],
              [117.32737400000009, 3.4818710000000443]
            ]
          ],
          [
            [
              [117.66090700000005, 3.528632000000073],
              [117.66164469000017, 3.528246335999916],
              [117.66174000000005, 3.528141000000037],
              [117.66175900000012, 3.527775000000041],
              [117.66169199999999, 3.5276010000000326],
              [117.66159600000003, 3.5275250000000504],
              [117.66141400000008, 3.527419000000073],
              [117.660886, 3.526782000000125],
              [117.66024399999999, 3.5263300000001188],
              [117.65833700000005, 3.526418000000162],
              [117.65723499999999, 3.5266880000000747],
              [117.65664100000004, 3.526785000000107],
              [117.65338200000005, 3.5269990000000497],
              [117.65095157900022, 3.5267705749999356],
              [117.65025175700022, 3.5265495999999485],
              [117.64767351600015, 3.5263107389999915],
              [117.64621668800022, 3.526176974999937],
              [117.64152574600023, 3.5265075920000255],
              [117.64095078800008, 3.5266427719999305],
              [117.640529, 3.526749000000059],
              [117.64003088100019, 3.5268263799999344],
              [117.63991593300017, 3.526951640999907],
              [117.64137300000002, 3.5274030000000813],
              [117.64193800000014, 3.527653000000072],
              [117.64444971300023, 3.5276512999999765],
              [117.64541773600011, 3.52773721799998],
              [117.64693200000008, 3.527919000000054],
              [117.64965400000006, 3.5280710000001525],
              [117.65176862700005, 3.5280992680000045],
              [117.65691560600013, 3.5286829449999813],
              [117.65807969900007, 3.5285570299999547],
              [117.65871261800022, 3.5290572099999507],
              [117.65957500000006, 3.529220000000052],
              [117.66054300000005, 3.528950000000094],
              [117.66065795800006, 3.5288151549999958],
              [117.66090700000005, 3.528632000000073]
            ]
          ],
          [
            [
              [117.56951998800017, 3.5524792139999795],
              [117.57021187200021, 3.552280152000029],
              [117.57079500000006, 3.5522400000000367],
              [117.57127900000005, 3.5517430000000374],
              [117.57232800000006, 3.5509080000000495],
              [117.5734450000001, 3.5501520000001143],
              [117.57424500000005, 3.54909900000003],
              [117.57439300000013, 3.548583000000103],
              [117.57445200000004, 3.548245000000069],
              [117.57440279800024, 3.5479964389999763],
              [117.57432365900017, 3.547867389999957],
              [117.57353267300019, 3.5477984409999364],
              [117.57274199982942, 3.5477790018785127],
              [117.57187163200015, 3.5474518899999508],
              [117.57106093900022, 3.547283493999962],
              [117.56956677600023, 3.5467455649999513],
              [117.56879500000004, 3.546130000000044],
              [117.56845898800013, 3.545941834999975],
              [117.56792500000009, 3.545843000000012],
              [117.56358574800015, 3.5465307589999417],
              [117.56162564800007, 3.5475765789999647],
              [117.55974831900016, 3.5490971650000125],
              [117.55917300000007, 3.5495960000000295],
              [117.55889661000013, 3.5498044129999995],
              [117.55872893800012, 3.5504500979999554],
              [117.56135959312434, 3.551967882599558],
              [117.56196272500016, 3.5522952069999425],
              [117.563525, 3.552890000000083],
              [117.5641380000001, 3.553257000000073],
              [117.56474099999998, 3.553356000000093],
              [117.56951998800017, 3.5524792139999795]
            ]
          ],
          [
            [
              [117.43089300000005, 3.5537540000001178],
              [117.43357396800019, 3.5526292049999553],
              [117.44402799999997, 3.550425000000054],
              [117.4857340000001, 3.5477080000000463],
              [117.50230756900024, 3.544970350999974],
              [117.50725099999997, 3.5433110000000347],
              [117.52090966700017, 3.536173275999963],
              [117.52641077500023, 3.533289247999991],
              [117.541632, 3.527360000000076],
              [117.54439557000006, 3.5268130919999896],
              [117.547496, 3.5261490000001094],
              [117.55799874000019, 3.5237922969999813],
              [117.55911700000006, 3.523593000000055],
              [117.56077648657978, 3.5232491740987504],
              [117.56100877300018, 3.523311278999972],
              [117.56513700000006, 3.521937000000083],
              [117.56866300000004, 3.5204770000000742],
              [117.57089959700019, 3.5193522329999594],
              [117.57388300000002, 3.5178280000000974],
              [117.58000598800021, 3.5151260679999607],
              [117.58163392400009, 3.5142822339999524],
              [117.58461000000003, 3.5126110000000956],
              [117.59290600000006, 3.508273000000081],
              [117.61157200000004, 3.4984800000000895],
              [117.61172600000008, 3.4983250000000545],
              [117.61195800000009, 3.4981690000001144],
              [117.61230599447245, 3.4976509855465165],
              [117.61235700000006, 3.49688700000009],
              [117.61255000000004, 3.4963040000000802],
              [117.61355299999998, 3.4926770000000964],
              [117.61402900000012, 3.491459000000038],
              [117.61567900000003, 3.487657000000052],
              [117.61652959800017, 3.4872681479999867],
              [117.6164, 3.4865950000001114],
              [117.61624500000005, 3.4854490000000595],
              [117.61598600000004, 3.484257000000155],
              [117.61548293300025, 3.483143632999961],
              [117.61521100000003, 3.4819780000001046],
              [117.61441156000006, 3.4809944909999535],
              [117.61381800000007, 3.4808660000000238],
              [117.61325100000013, 3.4805030000000983],
              [117.61255266600018, 3.4789293949999722],
              [117.60740800000012, 3.474658000000094],
              [117.60625282800021, 3.474510931999961],
              [117.60250773500013, 3.4742025450000247],
              [117.60221061500015, 3.474174314999998],
              [117.60211171500013, 3.474387516999964],
              [117.59146900000009, 3.474284000000103],
              [117.59094800000005, 3.4743330000000263],
              [117.58987124900014, 3.4743118379999194],
              [117.58595952300014, 3.474547839999995],
              [117.58420200000002, 3.474694000000053],
              [117.58177183827662, 3.4747069781455897],
              [117.58136499971049, 3.4746520021412186],
              [117.57723800000007, 3.4753840000001226],
              [117.57700600000014, 3.475225000000112],
              [117.57643083200017, 3.475025524999995],
              [117.57587266900026, 3.4750263859999775],
              [117.57528470600019, 3.4751487249999746],
              [117.56838400000005, 3.4752980000001124],
              [117.56462891100004, 3.4748719039999854],
              [117.56191887600018, 3.4747957629999915],
              [117.55891000000008, 3.4736740000000346],
              [117.55648900000004, 3.473490000000087],
              [117.55399299200022, 3.4729765370000143],
              [117.55132100000002, 3.4718120000001162],
              [117.5488429998418, 3.4715020021043186],
              [117.5467910000001, 3.4713480000001375],
              [117.54601698300019, 3.4714258969999667],
              [117.5446237650002, 3.4722821229999346],
              [117.54257389100015, 3.475743868999923],
              [117.54001888900022, 3.4791109059999803],
              [117.53921979700019, 3.4800466559999554],
              [117.5398329150001, 3.4813872989999473],
              [117.53988597592563, 3.4816268909838888],
              [117.539793, 3.481774000000101],
              [117.53956200000007, 3.4822630000001054],
              [117.53936558000025, 3.482075484999956],
              [117.53898295000022, 3.4822315059999864],
              [117.53889056875738, 3.482427355589599],
              [117.53178605800008, 3.488285516000097],
              [117.53172253800017, 3.4882816599999122],
              [117.53025199999999, 3.488235000000137],
              [117.52967200000005, 3.4880740000000046],
              [117.528802, 3.488389000000044],
              [117.52763399999999, 3.489290000000075],
              [117.5273056070001, 3.4898026619999056],
              [117.52660200000005, 3.4901680000001134],
              [117.52414687700005, 3.491976561999919],
              [117.51647679500012, 3.4978447269999746],
              [117.51512781400014, 3.499668986000013],
              [117.51432300000008, 3.5010490000001084],
              [117.51192799100025, 3.5034379269999283],
              [117.5070668110002, 3.5059487459999295],
              [117.50421100000005, 3.5063300000000766],
              [117.5003663930002, 3.505413415999956],
              [117.49712069100015, 3.50336363899991],
              [117.49563371700022, 3.5019056539999793],
              [117.49287493000021, 3.500786699999945],
              [117.49250200000009, 3.500933000000148],
              [117.4923240000001, 3.5005590000000666],
              [117.49190279100007, 3.5002665279999823],
              [117.49054188300026, 3.4995187470000166],
              [117.48670249800011, 3.4982027299999308],
              [117.48644368768872, 3.4982516438555633],
              [117.48632989900011, 3.498121549999964],
              [117.48506662100021, 3.4982686439999666],
              [117.48360900000003, 3.4988720000001052],
              [117.47883190223016, 3.505647113585062],
              [117.47662498200022, 3.508210793999953],
              [117.47226967885292, 3.5115161119815808],
              [117.46970900000005, 3.51240900000008],
              [117.46671700000002, 3.513264000000035],
              [117.46498650600012, 3.5137829929999453],
              [117.46232895100015, 3.5147016289999256],
              [117.46107241400018, 3.514902009999985],
              [117.45814679900015, 3.51535768499994],
              [117.45630239500021, 3.5152677109999564],
              [117.45262500000004, 3.5146230000001246],
              [117.45047300000007, 3.5136700000000545],
              [117.44866478200021, 3.5132165479999733],
              [117.4476340000001, 3.5129900000001015],
              [117.44638600000005, 3.5126730000001194],
              [117.44507800000008, 3.5114540000001107],
              [117.44368558400016, 3.510718678999978],
              [117.44211200000008, 3.510084000000088],
              [117.44136853400022, 3.5192619439999495],
              [117.4420949430001, 3.520713208999946],
              [117.44324400000004, 3.5219340000000123],
              [117.4467946380002, 3.5281466680000184],
              [117.44722474200017, 3.529168635999933],
              [117.44569699999997, 3.5322380000000955],
              [117.44485300000012, 3.5331040000000726],
              [117.44412472900018, 3.534086290999947],
              [117.44427700000007, 3.5348160000000597],
              [117.44063400000009, 3.537169000000059],
              [117.43629484500008, 3.5375179439999327],
              [117.43122161800025, 3.5387270699999673],
              [117.42676459700016, 3.5400988219999574],
              [117.42560000000006, 3.540327000000051],
              [117.42348869000018, 3.540344830999973],
              [117.42062000000013, 3.5411420000000717],
              [117.4181550000001, 3.541427000000027],
              [117.41425447400006, 3.5426345319999752],
              [117.41330047500009, 3.5438161629999554],
              [117.41303768800019, 3.5447912949999028],
              [117.41267665500007, 3.5468075749999306],
              [117.4153166980002, 3.556148063999962],
              [117.41546500000003, 3.556875000000023],
              [117.416156, 3.5571720000001283],
              [117.41870587500004, 3.5568240929999417],
              [117.42539200000009, 3.5557750000000468],
              [117.42901100000003, 3.554749000000065],
              [117.43089300000005, 3.5537540000001178]
            ]
          ],
          [
            [
              [117.40951800000002, 3.5500710000000737],
              [117.4063565530002, 3.5533401929999853],
              [117.40491661100025, 3.5574680889999355],
              [117.40451685300003, 3.558775467000017],
              [117.40428765700017, 3.5611486119999958],
              [117.40835100000001, 3.5604730000001394],
              [117.41106500000004, 3.5594550000000638],
              [117.41257400000009, 3.5534960000000417],
              [117.41094100000007, 3.5507220000000252],
              [117.40951800000002, 3.5500710000000737]
            ]
          ],
          [
            [
              [117.29293874200019, 3.563995166999976],
              [117.29343099770207, 3.563779994743075],
              [117.29424500000007, 3.563220000000097],
              [117.29467300000015, 3.5629190000001065],
              [117.29768199999998, 3.5619200000000495],
              [117.29832470300022, 3.561597319999996],
              [117.29969500000009, 3.5610590000000855],
              [117.29999500000012, 3.5609940000000364],
              [117.30108771100022, 3.560886331999966],
              [117.30348667300011, 3.560455187999909],
              [117.31103900000006, 3.559728000000092],
              [117.31361480400021, 3.5603682349999977],
              [117.318529625, 3.561743101999979],
              [117.32242800000003, 3.5625960000000703],
              [117.3256419972466, 3.5634020115781295],
              [117.33013125400015, 3.564420904999941],
              [117.333615, 3.564945000000094],
              [117.33477300000007, 3.565348000000177],
              [117.35526993400019, 3.5654130609999646],
              [117.36118900000011, 3.5653390000000975],
              [117.36494580100026, 3.564744089999947],
              [117.36848935800009, 3.5636271939999054],
              [117.369316, 3.5634130000000788],
              [117.37527300000013, 3.560633000000144],
              [117.392057, 3.552882000000043],
              [117.39851800000008, 3.549860000000158],
              [117.40083300000003, 3.5482690000001007],
              [117.40151800000005, 3.5472480000000886],
              [117.4031460000001, 3.542359000000136],
              [117.40281600000007, 3.542264000000137],
              [117.40899200000001, 3.537535000000055],
              [117.41000167700017, 3.53715222699996],
              [117.41911000000007, 3.5343860000000085],
              [117.43172800000004, 3.5314510000000823],
              [117.43799199999998, 3.5287330000000807],
              [117.43721400000001, 3.527587000000074],
              [117.43648500000009, 3.526207000000067],
              [117.43559000000002, 3.5239570000001086],
              [117.43499300000009, 3.5206990000000573],
              [117.43492600000005, 3.519502000000049],
              [117.43484300000003, 3.5149240000000717],
              [117.43495800000004, 3.513377000000059],
              [117.43553600000007, 3.5104350000000863],
              [117.435635, 3.510036000000113],
              [117.4358830000001, 3.508972000000096],
              [117.43604800000007, 3.50847300000002],
              [117.4404010000001, 3.5043050000000378],
              [117.44270100000006, 3.5036890000000964],
              [117.44515054100006, 3.5042531889999706],
              [117.44708700000004, 3.5053660000000733],
              [117.44763300000001, 3.5055650000000185],
              [117.447898, 3.505781000000038],
              [117.45222535000012, 3.5084417349999653],
              [117.45563471000013, 3.509620343999962],
              [117.45637900000006, 3.5095700000000143],
              [117.4574217230002, 3.509370122999953],
              [117.46282300000007, 3.5077550000001203],
              [117.470535, 3.504080000000073],
              [117.47144800000005, 3.5026610000000815],
              [117.47520400000005, 3.497799000000054],
              [117.47658900000008, 3.496265000000051],
              [117.483146, 3.4919660000000654],
              [117.48603400000005, 3.491638000000105],
              [117.4885648820002, 3.491651272000005],
              [117.49208500000013, 3.4925550000000385],
              [117.49308891800007, 3.4930662120000155],
              [117.50523600000005, 3.4978840000001155],
              [117.50577400000006, 3.4974890000000727],
              [117.5067620000001, 3.4957210000000707],
              [117.5068930000001, 3.4953990000000736],
              [117.50763400000004, 3.494595000000075],
              [117.50853500000008, 3.4930460000000743],
              [117.50819900000008, 3.490197000000115],
              [117.50611953600016, 3.490402629999987],
              [117.50577052600023, 3.4905050989999387],
              [117.50335600000003, 3.4910330000000513],
              [117.5023821770001, 3.4914128259999044],
              [117.50178596000006, 3.4915884869999614],
              [117.49999600000001, 3.4898510000000407],
              [117.50361700000012, 3.4887380000000547],
              [117.5058710000001, 3.48821100000006],
              [117.50787798500008, 3.487786239999955],
              [117.51066274800019, 3.4878522690000002],
              [117.51171000000014, 3.488100000000113],
              [117.51207369900023, 3.4881291209999032],
              [117.51288800000009, 3.487924000000162],
              [117.51617300000011, 3.4849420000000775],
              [117.51639100000003, 3.484649000000082],
              [117.51716177600012, 3.483728299999931],
              [117.51798100000005, 3.482654000000127],
              [117.51818400000005, 3.4816600000000832],
              [117.51811100000005, 3.4809150000000812],
              [117.51758700000003, 3.4802140000000783],
              [117.51739798000013, 3.4796583959999827],
              [117.51738300000004, 3.479396000000121],
              [117.51639100000003, 3.4778400000001177],
              [117.51615796700011, 3.4770366979999556],
              [117.51557575200007, 3.476189559000029],
              [117.51462983900007, 3.4751965120000206],
              [117.51396053500011, 3.474685472000014],
              [117.51276370400011, 3.4734684089999446],
              [117.51197770900009, 3.4723145339999517],
              [117.51107557300024, 3.4715698469999756],
              [117.51031900000007, 3.47127800000003],
              [117.50899500000003, 3.470198000000021],
              [117.50697300000006, 3.469658000000017],
              [117.50659487700014, 3.4694243979999184],
              [117.5060127450001, 3.468708752999947],
              [117.50557600000002, 3.4684460000000996],
              [117.50385300000002, 3.4674360000001547],
              [117.5035329130001, 3.4672165890000306],
              [117.50270380000025, 3.467012468999928],
              [117.50247099999999, 3.4669400000001493],
              [117.50245600000007, 3.466238000000107],
              [117.50005500000009, 3.464808000000094],
              [117.49832472762823, 3.4641656149227407],
              [117.49804800000004, 3.4637570000000864],
              [117.49749000000006, 3.4625800000000453],
              [117.49690800000003, 3.4621860000001305],
              [117.49501700000008, 3.4609890000000334],
              [117.4934747367786, 3.4596306265517773],
              [117.49287795100011, 3.458783426999932],
              [117.4925430000001, 3.458389000000114],
              [117.49199000000009, 3.457893000000154],
              [117.49130599999998, 3.457250000000065],
              [117.49117499999997, 3.4566800000001088],
              [117.49057357500023, 3.4555494489999594],
              [117.49034100000007, 3.45538900000005],
              [117.48951100000014, 3.4546590000000457],
              [117.48801200000001, 3.4519570000000357],
              [117.48761700000001, 3.4504890000000756],
              [117.48731100000009, 3.449686000000071],
              [117.48733900000002, 3.4472750000000687],
              [117.4874400000001, 3.446149000000073],
              [117.48788899999997, 3.4431770000000164],
              [117.48829399999998, 3.4394730000000564],
              [117.48798799000016, 3.437997619999975],
              [117.48788499999998, 3.4366830000000483],
              [117.48734599999997, 3.4343450000000466],
              [117.48715691900024, 3.4338776189999676],
              [117.48500363700025, 3.432198397000028],
              [117.48455277100015, 3.4321840219999933],
              [117.48417400000007, 3.4322140000000303],
              [117.48304000000012, 3.4323020000000284],
              [117.48199300000009, 3.4327410000001137],
              [117.48016762400006, 3.4335739299999757],
              [117.47917871200004, 3.4336620929999873],
              [117.47721599999998, 3.4350370000001043],
              [117.47672171200013, 3.435372871999962],
              [117.47491898200019, 3.4367180299999722],
              [117.47454100000007, 3.437040000000099],
              [117.4731746190001, 3.4384868889999565],
              [117.47273863400018, 3.4391300059999663],
              [117.47175000000007, 3.440300000000093],
              [117.46330595600016, 3.4484374269999263],
              [117.46143000000009, 3.449710000000014],
              [117.461096, 3.449871000000101],
              [117.45975834400025, 3.4506308799999585],
              [117.45875499600011, 3.450996656000025],
              [117.45833300000008, 3.4512020000000945],
              [117.45737369400004, 3.4517571249999746],
              [117.4561305490002, 3.4524945239999694],
              [117.45506921500024, 3.45324021899994],
              [117.45472000000011, 3.4533720000000967],
              [117.45117300000008, 3.4545870000000845],
              [117.45067764200023, 3.4546742579999323],
              [117.44494200000011, 3.4567830000001045],
              [117.44231000000003, 3.457281000000143],
              [117.4373149320001, 3.458116827999933],
              [117.43588971100013, 3.4582928299999294],
              [117.43456600000002, 3.4584840000000696],
              [117.43341700000008, 3.4587620000000676],
              [117.43128699999997, 3.459173000000102],
              [117.42964369900017, 3.4594949799999197],
              [117.42701155100016, 3.460226741999981],
              [117.42251056500017, 3.4616657690000308],
              [117.42120178500024, 3.4620754850000024],
              [117.42080900000005, 3.4621780000000903],
              [117.41246900000012, 3.4655730000001084],
              [117.40886254700015, 3.4662174099999588],
              [117.4067537720001, 3.4664959360000003],
              [117.40131957500016, 3.467305605000024],
              [117.39659292200024, 3.4678044029999944],
              [117.38919700000005, 3.4686260000000715],
              [117.38586671700013, 3.469167717999908],
              [117.38138000000005, 3.4700040000000456],
              [117.38074000000003, 3.470179000000048],
              [117.37831175700003, 3.4707205509999595],
              [117.3739255180002, 3.4722030389999636],
              [117.36848666800023, 3.474031639000006],
              [117.35940500000002, 3.478642000000174],
              [117.35809600000007, 3.4793150000000805],
              [117.34424800000012, 3.485231000000052],
              [117.3383148610002, 3.4867669399999945],
              [117.33228595600026, 3.488219748999941],
              [117.33139886400014, 3.4885999629999587],
              [117.32997378000009, 3.48940411799997],
              [117.32863593400023, 3.4901497829999384],
              [117.3253120000001, 3.491003000000056],
              [117.28323400000012, 3.5720730000000733],
              [117.28359800000013, 3.5719220000000576],
              [117.28387673000019, 3.5716422919999635],
              [117.28454400000007, 3.5709480000000715],
              [117.28480095900011, 3.570625167999917],
              [117.28942600000005, 3.5663420000000414],
              [117.29131100000006, 3.565093000000128],
              [117.29203900000007, 3.564512000000061],
              [117.29293874200019, 3.563995166999976]
            ]
          ],
          [
            [
              [117.32340845900016, 3.572277779999964],
              [117.32246335500022, 3.5725829629999906],
              [117.32240276700027, 3.5729749060000016],
              [117.32640968600016, 3.575272990999987],
              [117.33024500000013, 3.576030000000049],
              [117.33029700000009, 3.5758380000000614],
              [117.33029700000009, 3.575072000000098],
              [117.33007996600008, 3.5745838499999882],
              [117.32964600000005, 3.5742010000000626],
              [117.32932500000004, 3.573818000000081],
              [117.32901300000007, 3.5735130000000694],
              [117.32742300000005, 3.5728250000000763],
              [117.32536800000003, 3.5723990000000896],
              [117.32340845900016, 3.572277779999964]
            ]
          ],
          [
            [
              [117.85604100000003, 3.5817410000000685],
              [117.85914899999997, 3.5797810000000787],
              [117.859509, 3.5784850000000503],
              [117.85780255500022, 3.574611694999983],
              [117.85687300000004, 3.574276000000096],
              [117.85350678200022, 3.5750304289999013],
              [117.8522300530002, 3.5755759169999157],
              [117.85188265500022, 3.5766000620000105],
              [117.85189592200017, 3.577001792999943],
              [117.85216745800008, 3.5776495239999795],
              [117.85256957000013, 3.5799948589999664],
              [117.85422200000006, 3.5816650000000863],
              [117.8549320000001, 3.5817290000000526],
              [117.85604100000003, 3.5817410000000685]
            ]
          ],
          [
            [
              [117.32951500000004, 3.582923000000079],
              [117.33328599900014, 3.582793077999944],
              [117.33354500000007, 3.5822330000001434],
              [117.33355800000007, 3.581923000000117],
              [117.333161, 3.580791000000069],
              [117.33281475700022, 3.580517515999957],
              [117.33024900000011, 3.57923200000004],
              [117.32522100000003, 3.5770570000001136],
              [117.32172300000006, 3.5751270000000304],
              [117.31912300000013, 3.5736110000000956],
              [117.31789200000007, 3.5729770000001295],
              [117.31604692000019, 3.5718577639999394],
              [117.3156220000001, 3.5715110000000685],
              [117.31484300000004, 3.5710360000000243],
              [117.314527, 3.571016000000057],
              [117.31360000000004, 3.5715120000000624],
              [117.31334397500018, 3.571828956999954],
              [117.31265359000027, 3.5724336709999838],
              [117.30998665300014, 3.5749458079999163],
              [117.30930599900013, 3.5752829579999235],
              [117.30902000000007, 3.575808000000066],
              [117.30905966500018, 3.575996499999987],
              [117.30972085600017, 3.5769179079999303],
              [117.31032300000007, 3.578067000000149],
              [117.31057990208927, 3.5786917662284123],
              [117.31074767900013, 3.579167100999956],
              [117.31113267900018, 3.580009265999915],
              [117.31260385200024, 3.581105286000006],
              [117.31474466000009, 3.5814712069999066],
              [117.3165698090002, 3.5816191759999816],
              [117.31996900000006, 3.5818950000001095],
              [117.32078800000015, 3.5819640000000907],
              [117.32212989000016, 3.58205305799991],
              [117.32514878400019, 3.582696081999912],
              [117.32736470300013, 3.582884163999931],
              [117.32951500000004, 3.582923000000079]
            ]
          ],
          [
            [
              [117.40128567000029, 3.5846130949999866],
              [117.40767067300021, 3.583906222999942],
              [117.41085900000004, 3.5834650000000714],
              [117.41277667500009, 3.582758281999907],
              [117.41398500000005, 3.5816840000000596],
              [117.41612000000012, 3.5754700000000774],
              [117.41662900000006, 3.573984000000049],
              [117.41666300000011, 3.572118000000021],
              [117.41682100000004, 3.5699300000000846],
              [117.41674986900003, 3.567536485999976],
              [117.41641600000001, 3.5663050000000887],
              [117.4162408860002, 3.5657238659999235],
              [117.40498167800013, 3.568534580999958],
              [117.40204300000006, 3.5735240000001367],
              [117.39832359300026, 3.578615553999973],
              [117.3941450000001, 3.583935000000057],
              [117.3941880000001, 3.584501000000081],
              [117.39627400000003, 3.584369000000084],
              [117.39708052200017, 3.584527027999971],
              [117.39851700000008, 3.584614000000016],
              [117.40128567000029, 3.5846130949999866]
            ]
          ],
          [
            [
              [117.40348500000009, 3.5688190000000866],
              [117.39867899999999, 3.57013700000007],
              [117.38664980100026, 3.573590699999971],
              [117.38430223300026, 3.5744364979999643],
              [117.37705100000007, 3.5764920000000835],
              [117.36916774700018, 3.579046959999963],
              [117.36771400000006, 3.580737000000042],
              [117.37638800000002, 3.5836200000000176],
              [117.38024366400019, 3.5849561539999497],
              [117.39307781800018, 3.5847772099999764],
              [117.39799200000007, 3.57834200000012],
              [117.40265500000007, 3.571997000000046],
              [117.40345100000003, 3.5710260000001304],
              [117.40348500000009, 3.5688190000000866]
            ]
          ],
          [
            [
              [117.56981951133022, 3.58728595332932],
              [117.57037873000017, 3.5874403509999686],
              [117.57851700000002, 3.5858290000000927],
              [117.57893378300005, 3.585668301999987],
              [117.58016664600018, 3.585650272000005],
              [117.58175600000006, 3.5853670000001037],
              [117.58229800000004, 3.5850800000000262],
              [117.58317100000006, 3.584827000000054],
              [117.58762295300002, 3.5839861399999817],
              [117.59276200000014, 3.5831620000000477],
              [117.59318994100029, 3.582726063999906],
              [117.59415400000002, 3.582536000000033],
              [117.59942800000012, 3.58175700000006],
              [117.5996960000001, 3.5816480000001008],
              [117.60011875400008, 3.581596217999947],
              [117.60027289200005, 3.5816419789999143],
              [117.60070600000009, 3.5815210000000732],
              [117.60119700000011, 3.5813830000001126],
              [117.60372253600019, 3.5808710379999864],
              [117.6051719560002, 3.580440068999944],
              [117.60745200000011, 3.580134000000065],
              [117.60851986779343, 3.579755071735522],
              [117.60907300000012, 3.57970300000002],
              [117.61129586400011, 3.579316176999945],
              [117.611518, 3.579276000000039],
              [117.61273900000005, 3.5788620000000684],
              [117.61353000000013, 3.5787180000000554],
              [117.61388393200019, 3.5787292269999638],
              [117.61557870100009, 3.578292297999961],
              [117.6157840000001, 3.578080000000025],
              [117.61650500000007, 3.5773730000000583],
              [117.61867387454156, 3.57650007200657],
              [117.61922762600003, 3.576631605999956],
              [117.62044000000006, 3.576378000000111],
              [117.62063400000002, 3.5762460000000686],
              [117.62082241293365, 3.576154285767994],
              [117.62115900000003, 3.5762800000000396],
              [117.6215699560002, 3.5760391169999606],
              [117.62292400000005, 3.5754690000000835],
              [117.62518990000014, 3.5746133289999404],
              [117.62669371900013, 3.574325192999992],
              [117.62743500000008, 3.574004000000105],
              [117.6303999500001, 3.5729280369999428],
              [117.63057100000003, 3.572882000000085],
              [117.63157499999997, 3.5726120000000385],
              [117.634083, 3.5717540000001016],
              [117.63439100000008, 3.5715880000000446],
              [117.63698400000014, 3.570506000000048],
              [117.63781700000004, 3.5701100000000565],
              [117.64082100000009, 3.5687540000000375],
              [117.64132300000006, 3.5684840000000797],
              [117.64324800000009, 3.5672880000000653],
              [117.64348200000008, 3.567058000000131],
              [117.64487988600003, 3.566048210999937],
              [117.64545600000008, 3.565681000000062],
              [117.64566099999999, 3.5654860000000923],
              [117.64705000000006, 3.564932000000084],
              [117.64736385400029, 3.5648000709999605],
              [117.64868100000001, 3.5635610000000675],
              [117.64992700000008, 3.5626640000000123],
              [117.65051500000006, 3.562331000000082],
              [117.65147356000016, 3.561820221999965],
              [117.65177600000004, 3.5620490000000196],
              [117.65201589000009, 3.562003284999924],
              [117.65403600000006, 3.559666000000025],
              [117.653403, 3.5593690000000535],
              [117.6543809390001, 3.5588212689999876],
              [117.65620079300022, 3.5577822939999093],
              [117.65703495093956, 3.5569190374348336],
              [117.65770200000009, 3.556672000000013],
              [117.65843257300014, 3.556138329999956],
              [117.65972700000012, 3.555226000000097],
              [117.66087233300021, 3.555041294999959],
              [117.66100900000005, 3.555104000000128],
              [117.66119783300014, 3.5552301949999565],
              [117.66143700000012, 3.5553960000001297],
              [117.6615688680002, 3.555373293999984],
              [117.66229900000012, 3.5551890000000554],
              [117.66287000000003, 3.554642000000139],
              [117.66381568700002, 3.5521075469999586],
              [117.663226, 3.5510500000000746],
              [117.66302000000009, 3.55033300000008],
              [117.66087697900007, 3.5500934129999306],
              [117.6608538880001, 3.5497436859999487],
              [117.65876288500012, 3.5482573719999833],
              [117.65705888400025, 3.5457218219999787],
              [117.64972690500024, 3.5419704309999167],
              [117.64656799999997, 3.541593000000084],
              [117.64339700000006, 3.5410040000000222],
              [117.63934700000007, 3.5401230000000474],
              [117.63756066900025, 3.5396997029999744],
              [117.63284792100013, 3.538607381000012],
              [117.63080100000005, 3.53797100000007],
              [117.62602064500022, 3.537188907999975],
              [117.6227990000001, 3.5374860000000865],
              [117.62259400000002, 3.537629000000017],
              [117.62199500000011, 3.537939000000132],
              [117.62089700000003, 3.5383420000000356],
              [117.62071484200015, 3.538427512999962],
              [117.61973888200022, 3.538439634999988],
              [117.61953300000006, 3.538417000000069],
              [117.6178010000001, 3.538826000000114],
              [117.61646592900014, 3.539101798999975],
              [117.61379776400017, 3.5395687279999732],
              [117.610142991364, 3.540678992733901],
              [117.60968100000007, 3.5408740000001018],
              [117.6084028390001, 3.5410524869999938],
              [117.60822599200013, 3.5412016569999016],
              [117.60669381300019, 3.5416793759999043],
              [117.60600354500009, 3.5420295779999256],
              [117.6057750000001, 3.5421560000001264],
              [117.60403300000011, 3.5426290000001392],
              [117.60363363800012, 3.5428870479999963],
              [117.60324593747386, 3.5431680182106495],
              [117.60265200000006, 3.54334100000003],
              [117.60122470200011, 3.5443463429999467],
              [117.60105381900019, 3.5447535319999757],
              [117.60086550800023, 3.5449314189999503],
              [117.5992709150001, 3.545180972999993],
              [117.59859199100015, 3.5456973689999094],
              [117.5982897520001, 3.5459555889999583],
              [117.59751958000005, 3.5464835089999402],
              [117.59588494300026, 3.547604659999979],
              [117.59434473600018, 3.548884215999979],
              [117.59287091100028, 3.5499595829999597],
              [117.59190665800024, 3.5503558159999704],
              [117.59051200000013, 3.5511670000001194],
              [117.5897077300002, 3.551568580999951],
              [117.5889487930002, 3.5517238070000046],
              [117.58144100000001, 3.5555780000000894],
              [117.58074454000021, 3.5557678369999435],
              [117.57851566200019, 3.5564526169999366],
              [117.57788800000003, 3.5568720000000864],
              [117.57549500000009, 3.5576450000001394],
              [117.5724100000001, 3.55859900000016],
              [117.57133145900004, 3.5587654509999878],
              [117.56367800000014, 3.56055500000004],
              [117.56096460000009, 3.5606707769999835],
              [117.56014273800021, 3.5607286079999723],
              [117.55851000000011, 3.560776000000163],
              [117.55737688700006, 3.5609309900000197],
              [117.55649792300017, 3.5609029070000053],
              [117.5558070000001, 3.560697000000065],
              [117.55486500000006, 3.5606000000001217],
              [117.55240184300028, 3.5603657489999696],
              [117.55189372600016, 3.56017682399997],
              [117.55081497800008, 3.559965402999974],
              [117.54836300000014, 3.5600130000000476],
              [117.54719800000011, 3.55998500000004],
              [117.54585177400011, 3.5600028609999645],
              [117.5444670000001, 3.560176000000034],
              [117.54032077800007, 3.560430835999937],
              [117.53865400000008, 3.5606500000000842],
              [117.53721965497911, 3.561122044833307],
              [117.53649470900022, 3.561168382999944],
              [117.53627200000008, 3.561192000000122],
              [117.5360790000001, 3.5612780000000868],
              [117.53547900000001, 3.561519000000132],
              [117.5334737300002, 3.562736854999957],
              [117.53322272200003, 3.5628001099999507],
              [117.53296000000005, 3.5629270000001014],
              [117.53017891700016, 3.564421439999985],
              [117.53006494400023, 3.564645041999923],
              [117.52907200000004, 3.5653170000000536],
              [117.52844477200021, 3.5660334309999575],
              [117.52701581400011, 3.567120614000028],
              [117.5255838570002, 3.568141985999982],
              [117.52493900000003, 3.5687560000000254],
              [117.52343573100018, 3.569664623999933],
              [117.52266500000009, 3.57002100000011],
              [117.520295, 3.571326000000038],
              [117.51838381100016, 3.572679650999908],
              [117.5174106940002, 3.573428088999928],
              [117.51687999999999, 3.5739620000001393],
              [117.51361993800018, 3.5760934639999276],
              [117.51152000000005, 3.5776030000000816],
              [117.5092769920002, 3.579832725999963],
              [117.50823064500013, 3.581107132999981],
              [117.50616164600018, 3.5843570250000267],
              [117.50653496500016, 3.586285032000034],
              [117.50970390800008, 3.5866340419999565],
              [117.51094800000007, 3.5864930000000994],
              [117.5169040000001, 3.5853330000000874],
              [117.51721887988388, 3.5851260789336292],
              [117.51805762600026, 3.584942175999948],
              [117.51997200000002, 3.5845670000000354],
              [117.52126766800012, 3.583884186999984],
              [117.52188397300021, 3.5836430519999274],
              [117.52436300000006, 3.5825160000000658],
              [117.52468876500004, 3.5824472290000164],
              [117.52614000000001, 3.5814290000000994],
              [117.52967400000003, 3.579292000000031],
              [117.53045000000012, 3.5785750000000816],
              [117.53190181300016, 3.577827188999936],
              [117.53882978032586, 3.575608076500578],
              [117.54548200000015, 3.5750480000000664],
              [117.5474770000001, 3.575518000000052],
              [117.54779700000003, 3.575644000000131],
              [117.54801980800018, 3.5758159009999657],
              [117.55234600000009, 3.5783060000000724],
              [117.55387188000023, 3.579717986999973],
              [117.55465473600026, 3.581294094999996],
              [117.55494050400019, 3.581947560999974],
              [117.55577585700011, 3.583227297999989],
              [117.55601592692263, 3.5836748635890237],
              [117.55697659000025, 3.5850743159999565],
              [117.55716512900023, 3.5854411969999367],
              [117.55868582100018, 3.5869212069999135],
              [117.56279855500013, 3.588174307999945],
              [117.56342066000018, 3.5881452120000246],
              [117.56704200000004, 3.5876550000000087],
              [117.56981951133022, 3.58728595332932]
            ]
          ],
          [
            [
              [117.27989799999996, 3.587650000000039],
              [117.28001800000004, 3.5860760000000127],
              [117.27999100000002, 3.5854570000000896],
              [117.27981600000011, 3.5822550000000533],
              [117.27988300000005, 3.5797720000000446],
              [117.28175700000013, 3.574720000000106],
              [117.28261300000007, 3.5729340000001244],
              [117.28269452550039, 3.572745925833174],
              [117.32352598787, 3.4911971389655383],
              [117.3230867340002, 3.4911785139999685],
              [117.3220970000001, 3.4908580000000944],
              [117.32070100000014, 3.4903760000000474],
              [117.3194500000001, 3.489748000000045],
              [117.30994300000006, 3.487002000000036],
              [117.30520791600016, 3.485905893999983],
              [117.30224055800022, 3.485132435999936],
              [117.2991049560002, 3.484443910999988],
              [117.29280700000002, 3.4844170000000254],
              [117.29145400000007, 3.4845050000001123],
              [117.29032000000004, 3.4846370000001095],
              [117.28601999999998, 3.4849450000000592],
              [117.28490051600016, 3.4849887199999463],
              [117.28258798100015, 3.48517937],
              [117.28216600000003, 3.485253000000096],
              [117.28136600000002, 3.485209000000097],
              [117.27980999600007, 3.485340930999956],
              [117.27305312000028, 3.486220098999957],
              [117.27180235200018, 3.486439635999914],
              [117.2704490000001, 3.486601000000075],
              [117.26922899999997, 3.486733000000072],
              [117.26469494800008, 3.4875100209999266],
              [117.25126100000001, 3.491373000000028],
              [117.24747545900016, 3.4925170629999647],
              [117.24052300000008, 3.4941560000000784],
              [117.23298097600009, 3.4959129809999245],
              [117.23084400000002, 3.4966150000001006],
              [117.22747689200014, 3.4995308179999496],
              [117.22584834600003, 3.5015330379999687],
              [117.22503399330623, 3.503023996235952],
              [117.21458575500013, 3.5204177629999256],
              [117.20797850600012, 3.529034938999973],
              [117.2018479980002, 3.5397504089999954],
              [117.20244480300012, 3.5417228819999513],
              [117.20504925600022, 3.5453606479999378],
              [117.2146466090002, 3.5609519139999746],
              [117.21575700000005, 3.56378800000002],
              [117.21758980300018, 3.569076142000003],
              [117.22328341600009, 3.5754200099999833],
              [117.2244355200002, 3.5764960590000205],
              [117.23172867300012, 3.582528259999971],
              [117.2351515500001, 3.585630295999951],
              [117.23716099999999, 3.587150000000058],
              [117.23764300000008, 3.58733800000007],
              [117.24501772400019, 3.5878479129999397],
              [117.24694600000012, 3.588076000000026],
              [117.24738800000002, 3.587995000000074],
              [117.24973200000015, 3.587860000000095],
              [117.26283292800021, 3.587547323999938],
              [117.26453393800008, 3.5876140949999558],
              [117.26595365700022, 3.587573320999957],
              [117.27249700000009, 3.587625000000102],
              [117.27530987900005, 3.58806833899997],
              [117.27628763400021, 3.5881353189999166],
              [117.27914800000008, 3.5882020000000594],
              [117.27989799999996, 3.587650000000039]
            ]
          ],
          [
            [
              [117.8197399070002, 3.576073123999932],
              [117.8205290000001, 3.5757500000000633],
              [117.82105900000009, 3.575378000000149],
              [117.82181176100012, 3.5750301929999706],
              [117.82371000000005, 3.5731570000000126],
              [117.82454100000007, 3.572584000000031],
              [117.82590900000001, 3.571083000000005],
              [117.82672300000004, 3.568385000000105],
              [117.82730200000007, 3.5670960000000775],
              [117.82801600000008, 3.565335000000033],
              [117.82870599999998, 3.5642190000000653],
              [117.83038400000008, 3.561075000000077],
              [117.83353987600009, 3.557825202999907],
              [117.83373700000004, 3.5576890000000496],
              [117.83382300000005, 3.557404000000094],
              [117.834328, 3.5562130000000494],
              [117.83448800000009, 3.556052000000051],
              [117.83460100000003, 3.5550160000000863],
              [117.83518100000006, 3.55458100000002],
              [117.83561200000011, 3.554073000000133],
              [117.83594500000004, 3.5538120000000752],
              [117.83785500000015, 3.5514190000000525],
              [117.83868300000009, 3.5498390000000626],
              [117.83884300000001, 3.5495410000001426],
              [117.83900300000002, 3.5493800000000553],
              [117.83954600000008, 3.549144000000112],
              [117.83970600000009, 3.5488960000001093],
              [117.84013780400021, 3.5483252779999175],
              [117.840495, 3.54820100000007],
              [117.84144400000001, 3.546775000000121],
              [117.84209900000012, 3.545902000000143],
              [117.8425420000001, 3.544712000000092],
              [117.84331800000008, 3.543149000000131],
              [117.84347877040365, 3.543025176832102],
              [117.84523, 3.541371000000101],
              [117.84576000000007, 3.5407880000000915],
              [117.84791015200008, 3.5381692379999974],
              [117.84799663100004, 3.5382930829999415],
              [117.84861299999996, 3.5383420000000356],
              [117.85036399999998, 3.5371880000000777],
              [117.850623, 3.5370760000000914],
              [117.85166000000001, 3.535571000000135],
              [117.8518200000001, 3.535311000000071],
              [117.8526680000001, 3.5313140000000267],
              [117.85354100000004, 3.5268460000000914],
              [117.85403200000007, 3.5243550000000425],
              [117.854278, 3.523549000000056],
              [117.85512200000002, 3.514588000000116],
              [117.85522000000005, 3.514365000000094],
              [117.85576200000003, 3.5133480000000574],
              [117.85595900000008, 3.512753000000166],
              [117.85661100000003, 3.509685000000071],
              [117.85700400000003, 3.507516000000063],
              [117.858236, 3.503691000000039],
              [117.85973800000012, 3.5002690000000527],
              [117.86125490700023, 3.4975592219999774],
              [117.86177285700018, 3.4973480550000025],
              [117.86197000000006, 3.497162000000106],
              [117.86221600000007, 3.4967400000000515],
              [117.86279583888694, 3.496281128204912],
              [117.8635355170001, 3.495698069999995],
              [117.86370800000006, 3.4957350000000744],
              [117.86410199999997, 3.495103000000096],
              [117.86407700000004, 3.494471000000118],
              [117.86434700000008, 3.4925190000000796],
              [117.86435900000001, 3.49194900000008],
              [117.86571300000004, 3.4864750000000413],
              [117.86594700000003, 3.4861280000001074],
              [117.86643899999999, 3.4847640000000935],
              [117.86667300000008, 3.4839710000000714],
              [117.86931299700011, 3.481025239999922],
              [117.8700279650002, 3.480417281999979],
              [117.871199, 3.479437000000093],
              [117.87151957200017, 3.479201333999913],
              [117.873332, 3.4782330000000385],
              [117.87345500000006, 3.478047000000103],
              [117.87402000000009, 3.4752400000000208],
              [117.87432600000001, 3.4723520000000754],
              [117.87448500000002, 3.471244000000059],
              [117.87383800000013, 3.4653890000001155],
              [117.87312000000006, 3.4629980000000806],
              [117.87293500000011, 3.462651000000058],
              [117.87294700000004, 3.462328000000067],
              [117.87291984400021, 3.4606494589999626],
              [117.87228900000005, 3.459126000000076],
              [117.87082800000005, 3.455913000000108],
              [117.87079100000008, 3.4556030000000817],
              [117.8709630000001, 3.4549960000000404],
              [117.8706298990001, 3.4547853549999763],
              [117.87034600000004, 3.4546370000000906],
              [117.86980200000006, 3.453646000000119],
              [117.869416, 3.452230000000064],
              [117.8688489221667, 3.4519704920348593],
              [117.86881100000005, 3.4517230000000367],
              [117.86861382800026, 3.451462434999928],
              [117.86661360900014, 3.4495308659999813],
              [117.86483600000004, 3.448628000000017],
              [117.86461416500008, 3.4484296619999943],
              [117.86350372600022, 3.448232371000013],
              [117.8628377890001, 3.4484808509999665],
              [117.86265296900008, 3.4487288919999726],
              [117.86257900000008, 3.4490020000000534],
              [117.8620060000001, 3.449775000000063],
              [117.8613770000001, 3.4501100000000697],
              [117.86101978700005, 3.450419845999906],
              [117.86048954900005, 3.450668200999938],
              [117.85971261900025, 3.4509415649999076],
              [117.85945361100013, 3.4510161669999517],
              [117.85887400000004, 3.4512900000000926],
              [117.85856581700013, 3.451475534999946],
              [117.85638282700008, 3.452047614000029],
              [117.85519865600024, 3.4521726209999803],
              [117.85388477700025, 3.452596958000007],
              [117.85328000000001, 3.4527220000000938],
              [117.85212098100023, 3.452908377000017],
              [117.84934500000013, 3.4529360000001255],
              [117.846633, 3.453719000000074],
              [117.84586750100019, 3.4540666039999257],
              [117.84583064500023, 3.454227757999937],
              [117.84580600000005, 3.454377000000072],
              [117.84537257600009, 3.454903742999913],
              [117.84522479800012, 3.455188919999972],
              [117.84455954000013, 3.4562181959999583],
              [117.84410362100016, 3.4568011049999603],
              [117.84337600000008, 3.4571490000001006],
              [117.8426860000001, 3.4581660000000483],
              [117.84227975100025, 3.458959234000001],
              [117.84150877800023, 3.4595846029999633],
              [117.84095366000021, 3.4596098819999233],
              [117.84067, 3.459722000000095],
              [117.8395848850002, 3.4602555709999683],
              [117.83796960600014, 3.461149351999935],
              [117.83759979500019, 3.461471908999978],
              [117.83740264800021, 3.461732357999945],
              [117.83713100000003, 3.4618570000001325],
              [117.83661355000011, 3.4622288069999874],
              [117.83586171200008, 3.4630226669999464],
              [117.83607169219225, 3.4632828025049056],
              [117.83607194300015, 3.4636049849999884],
              [117.83588700000003, 3.4637790000000415],
              [117.83578857700007, 3.464026617999969],
              [117.83555400000002, 3.4643370000000253],
              [117.83520899469782, 3.4643989894680294],
              [117.83382300000005, 3.465163000000068],
              [117.8337120000001, 3.4653120000000506],
              [117.83344100000015, 3.465585000000079],
              [117.83304665100013, 3.4656342919999394],
              [117.83276329400013, 3.466068323999969],
              [117.83229494300011, 3.466564474999898],
              [117.83128482800011, 3.4682509219999025],
              [117.83052086900014, 3.4692926659999435],
              [117.82964594100022, 3.4704088629999275],
              [117.82942414000016, 3.4706941169999928],
              [117.82893100000003, 3.471166],
              [117.82826073600009, 3.4720028579999207],
              [117.82792800000009, 3.472648000000053],
              [117.82769398200018, 3.472833735999923],
              [117.82700361700017, 3.4733796639999737],
              [117.82694200000003, 3.473591000000095],
              [117.82670800000004, 3.474124000000053],
              [117.82640051300018, 3.4749789849999635],
              [117.82615400000012, 3.4752400000000208],
              [117.82593300000005, 3.475351000000102],
              [117.82333760200007, 3.4765852159999033],
              [117.82243799297706, 3.4772549902918426],
              [117.82209200000003, 3.477417000000024],
              [117.82137700000011, 3.4778020000001275],
              [117.82000799999999, 3.4783110000000974],
              [117.81920599999998, 3.4783120000000913],
              [117.81839200000005, 3.478350000000127],
              [117.81756995500015, 3.478275937999995],
              [117.81649600000001, 3.4779300000001037],
              [117.81627400000004, 3.477769000000105],
              [117.81578045800025, 3.477496680999912],
              [117.8154599560001, 3.4777944059999433],
              [117.81518891500015, 3.4782284239999717],
              [117.81488091925372, 3.478712053147901],
              [117.81470799999997, 3.4788240000000883],
              [117.81383300000005, 3.479593000000122],
              [117.8127850000001, 3.4802760000000568],
              [117.81156400000006, 3.480785000000072],
              [117.80910575000016, 3.4824633949999884],
              [117.80826700000003, 3.4829600000000873],
              [117.80799599999999, 3.48310900000007],
              [117.80756454300018, 3.483505797999995],
              [117.80633199999997, 3.4849820000000555],
              [117.8061349150002, 3.4851925810000273],
              [117.80551800000003, 3.485553000000049],
              [117.80371354800005, 3.487086853999908],
              [117.79942353900019, 3.490895418999993],
              [117.79848700000005, 3.4920860000000467],
              [117.79816600000004, 3.4920990000000565],
              [117.79716091000012, 3.492140848999923],
              [117.79687700000015, 3.4923400000001017],
              [117.79654400000004, 3.4925630000000787],
              [117.79507660000014, 3.4928862539999583],
              [117.79475621000019, 3.49333270999995],
              [117.79452186100006, 3.4933948779999424],
              [117.79420100000007, 3.493321000000047],
              [117.79335, 3.49380500000008],
              [117.79310363800023, 3.494028160999938],
              [117.78696699999998, 3.4959570000000575],
              [117.78635070400016, 3.4962298449999407],
              [117.7861889950001, 3.4964451349999015],
              [117.78617678500024, 3.496606267999911],
              [117.7862265400001, 3.4970771839999726],
              [117.7863007040002, 3.4972506439999362],
              [117.78678253000018, 3.498080625999953],
              [117.78646198600022, 3.498328773999968],
              [117.78586998300008, 3.4985523509999927],
              [117.78463683300019, 3.4992226529999426],
              [117.78148600000007, 3.502069000000038],
              [117.78019098700022, 3.502069442999942],
              [117.77882176200018, 3.5022936800000215],
              [117.77773599698965, 3.502616993853578],
              [117.77692255200024, 3.5031628359999933],
              [117.77642996015702, 3.50422902194397],
              [117.7747158660001, 3.5051724710000043],
              [117.77422260000004, 3.505457942999999],
              [117.77295200000006, 3.505893000000068],
              [117.77188483000015, 3.506319058000016],
              [117.77131766900021, 3.5067409289999274],
              [117.7708614600002, 3.507075939999935],
              [117.77031892100008, 3.5074358069999567],
              [117.76978876200019, 3.5078576339999534],
              [117.76922184300027, 3.508576952999962],
              [117.7685190000001, 3.5091110000000505],
              [117.76776686900023, 3.509594452999951],
              [117.76520966000021, 3.511932840999985],
              [117.76477800000009, 3.5122560000001215],
              [117.76469099969323, 3.511858998540016],
              [117.76428449900013, 3.512107123999928],
              [117.76432185000012, 3.5125160830000146],
              [117.76454375626557, 3.5126895597055485],
              [117.76427272900013, 3.5128135859999388],
              [117.76386562500029, 3.5128387049999743],
              [117.76311300000009, 3.513075000000118],
              [117.76287892800018, 3.513186534999977],
              [117.76141138900017, 3.5139313739999656],
              [117.76077058300018, 3.514849045999955],
              [117.76051173200017, 3.515134321999933],
              [117.75967360400018, 3.5161389099999196],
              [117.75926681000018, 3.5165482449999486],
              [117.75930354700012, 3.5171003239999754],
              [117.7594888809936, 3.517335848186529],
              [117.75962495500006, 3.5178808709999876],
              [117.75956367400023, 3.518389077999937],
              [117.75907098300006, 3.5193809849999402],
              [117.75839283800026, 3.5198896959999315],
              [117.75803700000003, 3.5211300000001025],
              [117.75809785800018, 3.5212780579999636],
              [117.75809799800011, 3.5214515690000203],
              [117.75786467000017, 3.5227903099999436],
              [117.7582245840001, 3.525844261999942],
              [117.75792895100015, 3.526427016999931],
              [117.75753400000006, 3.526750000000053],
              [117.75737400000006, 3.526675000000065],
              [117.75743500000013, 3.5264650000000977],
              [117.75755800000002, 3.525895000000009],
              [117.75749649900008, 3.5256465489999256],
              [117.75708900000011, 3.5257590000000363],
              [117.75690465600023, 3.526080820999975],
              [117.75610200000007, 3.527476000000127],
              [117.7549313460002, 3.5287902309999764],
              [117.75478359500015, 3.5291745559999788],
              [117.75458654200018, 3.5295961199999537],
              [117.75410580100011, 3.5301294420000273],
              [117.75371100000004, 3.5304650000000803],
              [117.7530828700002, 3.531481211999963],
              [117.75272562500022, 3.53215077299994],
              [117.75238061900009, 3.5327087819999248],
              [117.75183881600022, 3.5340105899999896],
              [117.7516917540002, 3.5352923629999955],
              [117.75171675700024, 3.5357013469999066],
              [117.7516058340002, 3.5358501619999627],
              [117.75142111800011, 3.5362841019999847],
              [117.75171780500014, 3.537002700999934],
              [117.75174263000015, 3.537188589999949],
              [117.75171851400012, 3.5378826780000017],
              [117.75168171100009, 3.538130574999996],
              [117.75164616600009, 3.540081641999957],
              [117.75175767900025, 3.540664064999919],
              [117.75185683700028, 3.5412340999999214],
              [117.7517957490002, 3.5419654019999447],
              [117.7518945170002, 3.542052075999922],
              [117.75225288146781, 3.5428637311504785],
              [117.7521790000001, 3.543149000000131],
              [117.75179684900012, 3.5434093889999607],
              [117.75171100000001, 3.544029000000112],
              [117.75188575100019, 3.546544968999963],
              [117.7519727850001, 3.547387690999968],
              [117.75219557500024, 3.548255086999972],
              [117.752738, 3.548143000000067],
              [117.75272686600023, 3.54921556199995],
              [117.75265294200015, 3.5493395619999957],
              [117.75267799201946, 3.5499097869792307],
              [117.75254200000003, 3.5500960000001447],
              [117.75234498900026, 3.550182994536164],
              [117.75212361500024, 3.5508272709999877],
              [117.75201292100023, 3.5512611510000047],
              [117.75196455500023, 3.5524757889999625],
              [117.75239694000021, 3.5531571040000243],
              [117.75306571500012, 3.55497129399994],
              [117.75320158600017, 3.5551570919999476],
              [117.75337497400021, 3.5559749439999377],
              [117.75320261200008, 3.5564212730000078],
              [117.75307986500005, 3.55721458200001],
              [117.7531546000001, 3.558069699999975],
              [117.75430377900005, 3.560225301999984],
              [117.75488557200006, 3.5614938479999614],
              [117.7549720000001, 3.561630000000079],
              [117.75498458500026, 3.561877983999948],
              [117.75531823200006, 3.5625221929999595],
              [117.75582455900022, 3.563091889999934],
              [117.7563803090001, 3.5637483149999793],
              [117.75732064700018, 3.5649147949999493],
              [117.75811059600018, 3.5652983469999766],
              [117.75877698200024, 3.5654713189999],
              [117.75897479600009, 3.5659545139999116],
              [117.75955800000011, 3.5668500000000627],
              [117.76208893600018, 3.568385060000021],
              [117.76434760000011, 3.5693498950000047],
              [117.76678500000007, 3.5701920000001364],
              [117.76736500000001, 3.5704890000000624],
              [117.76915499300006, 3.5713801879999485],
              [117.76932783800015, 3.571503981999977],
              [117.77051587100013, 3.5719281809999925],
              [117.7708120000001, 3.572126000000061],
              [117.77141700000007, 3.572584000000031],
              [117.77304657300017, 3.573586825000006],
              [117.77341800000008, 3.574020000000097],
              [117.77523600000004, 3.5749010000000716],
              [117.77539499999996, 3.574975000000066],
              [117.77590144300022, 3.575111102999915],
              [117.77716000000007, 3.575333000000022],
              [117.77832000000004, 3.5754560000000737],
              [117.77883800000009, 3.5756290000001334],
              [117.77977600000007, 3.576099000000074],
              [117.78163300000007, 3.576954000000029],
              [117.78191667500019, 3.5771023419999137],
              [117.7838167980002, 3.5771750699999805],
              [117.78424873900015, 3.5773110369999506],
              [117.78471790700024, 3.5776700519999904],
              [117.78516249000016, 3.578153037999896],
              [117.78535995500016, 3.578227223999906],
              [117.78804300000002, 3.5789840000000828],
              [117.79065951000015, 3.5798121649999493],
              [117.7907459860996, 3.5799609759167828],
              [117.79059900000001, 3.5802590000001047],
              [117.7904626760002, 3.580493997999965],
              [117.79058654700016, 3.581051601000005],
              [117.79090748600007, 3.5812372309999096],
              [117.79305981300007, 3.5818461360000198],
              [117.79330680600016, 3.5821061839999535],
              [117.79577581700018, 3.583702833999989],
              [117.79781692600012, 3.5862722039999495],
              [117.79795289600018, 3.586557132999899],
              [117.79780500000001, 3.5867680000000703],
              [117.79764473500018, 3.5868920339999866],
              [117.79753393400016, 3.587177190999955],
              [117.79764567000016, 3.58797029299994],
              [117.79817685100015, 3.58870107199992],
              [117.799707, 3.5893440000000467],
              [117.80218700000003, 3.589069000000076],
              [117.81035800000011, 3.5822500000000836],
              [117.81280299999999, 3.5801970000000374],
              [117.8197399070002, 3.576073123999932]
            ]
          ],
          [
            [
              [117.46509178872799, 3.590554167411528],
              [117.46562184323672, 3.590301170161978],
              [117.46585500000002, 3.590220000000052],
              [117.46609793600024, 3.590066234999987],
              [117.46785300000013, 3.589142000000031],
              [117.47050364000017, 3.5879762449999886],
              [117.47357900000006, 3.5862850000000748],
              [117.47389363000018, 3.586122327999983],
              [117.47528600000008, 3.585246000000083],
              [117.47586100000005, 3.5850650000000286],
              [117.47824600000004, 3.58372500000009],
              [117.47914464700014, 3.5833273150000045],
              [117.48393781963637, 3.580794088543846],
              [117.48471900000004, 3.5805050000001195],
              [117.48987, 3.5781530000000252],
              [117.49332480900013, 3.5760902090000135],
              [117.49569600000004, 3.5745270000000353],
              [117.49661200000006, 3.5736330000000507],
              [117.4968990000001, 3.573164000000059],
              [117.49672869700014, 3.572748450000005],
              [117.49619185700021, 3.5721937209999366],
              [117.49593097900012, 3.5717424999999947],
              [117.49585900000002, 3.571607000000107],
              [117.49584099100005, 3.5714627079999373],
              [117.49583300000009, 3.571083000000005],
              [117.49559900000008, 3.570325000000082],
              [117.4949690000001, 3.56939500000005],
              [117.49480768800008, 3.5692689119999654],
              [117.49460100000012, 3.5692780000000504],
              [117.49373800000004, 3.5692430000001307],
              [117.49341478700012, 3.56926062199999],
              [117.49316300000007, 3.5693240000000372],
              [117.49185100000004, 3.569704000000037],
              [117.4903350000001, 3.570057000000112],
              [117.48824189300004, 3.5704727199999153],
              [117.48653467300018, 3.570798588999966],
              [117.48527667900018, 3.5709707789999134],
              [117.48464773800019, 3.5710523989999166],
              [117.48375800000011, 3.571225000000119],
              [117.48236900000002, 3.571507000000093],
              [117.48184798700018, 3.571542903],
              [117.48103000000008, 3.5717240000001063],
              [117.48012289400017, 3.5718778119999994],
              [117.4787210840001, 3.5720500699999524],
              [117.47788500000001, 3.5721680000001177],
              [117.4746540000001, 3.5726580000000254],
              [117.47270400000005, 3.5730560000000935],
              [117.47235391100014, 3.5731463699999777],
              [117.46846700000005, 3.5747670000000866],
              [117.467757, 3.5753900000001195],
              [117.46746100000003, 3.575562000000051],
              [117.46703888200011, 3.5759317699999604],
              [117.46620300000004, 3.5766910000000287],
              [117.46613173400019, 3.5768619959999226],
              [117.46609600000006, 3.5772680000000747],
              [117.46595200000006, 3.5774310000001064],
              [117.46508057300017, 3.5788085629999555],
              [117.46455988600016, 3.579747632999939],
              [117.46444300000007, 3.5800280000000875],
              [117.46440700000002, 3.5801180000000734],
              [117.46426362300025, 3.5802261819999215],
              [117.46372482400017, 3.5811652599999944],
              [117.46361700000003, 3.581337000000037],
              [117.46347354400017, 3.5816528280000126],
              [117.46304000000008, 3.582225000000058],
              [117.4628600000001, 3.582460000000051],
              [117.46279763700028, 3.5827483039999697],
              [117.46265388600003, 3.582874780999954],
              [117.46232178300016, 3.5836422319999484],
              [117.46200700000006, 3.584058000000109],
              [117.46173900000008, 3.5846180000000807],
              [117.46151352200017, 3.584698808999973],
              [117.46131599999998, 3.585060000000059],
              [117.461226, 3.5852320000000795],
              [117.46072300000003, 3.5855750000000377],
              [117.46021000000005, 3.586374000000067],
              [117.45998568700024, 3.5868884489999564],
              [117.45984200000007, 3.5872320000000926],
              [117.45942065700011, 3.5891183379999836],
              [117.45964584400018, 3.590412563999954],
              [117.45969989200013, 3.5905569329999976],
              [117.46002300000012, 3.5906110000000737],
              [117.46112899631395, 3.5907820061256457],
              [117.46138956600022, 3.591016483000007],
              [117.46212656500018, 3.591350110999989],
              [117.46225200000006, 3.591440000000098],
              [117.4628096250002, 3.5915211929999336],
              [117.46475000000008, 3.5908250000000166],
              [117.46509178872799, 3.590554167411528]
            ]
          ],
          [
            [
              [117.41782900000013, 3.6033910000000304],
              [117.41862557700024, 3.60302535200002],
              [117.42473400000009, 3.599394000000075],
              [117.42919100000009, 3.5970300000000535],
              [117.43100900000006, 3.5958740000000624],
              [117.43644000000009, 3.5928830000001213],
              [117.44240170000016, 3.590093269000003],
              [117.44478000000004, 3.588966000000169],
              [117.44769300000009, 3.587362000000013],
              [117.45859800000008, 3.579934000000126],
              [117.46028600000002, 3.5750790000000556],
              [117.46031400000004, 3.5714090000000667],
              [117.46049000000004, 3.569483000000048],
              [117.45957499960814, 3.567923000929638],
              [117.45472264500025, 3.5657145069999485],
              [117.44934773500006, 3.5641325309999727],
              [117.44446172700009, 3.5628326619999795],
              [117.43962193700021, 3.5621245319999195],
              [117.43731859500014, 3.5621794249999317],
              [117.43559374600015, 3.5625246189999826],
              [117.43274910600007, 3.5643811390000257],
              [117.43103574700015, 3.566028575],
              [117.42722376700023, 3.5737969179999807],
              [117.42361182000015, 3.5790773609999915],
              [117.4182430000001, 3.583713000000074],
              [117.40984599999997, 3.5877690000001152],
              [117.40567888500017, 3.588932685999988],
              [117.40282300000003, 3.5892140000001262],
              [117.39538189800022, 3.5898534369999657],
              [117.38890400000007, 3.589964000000143],
              [117.38661100000006, 3.59029900000015],
              [117.37870800000003, 3.5899250000000684],
              [117.3650769330001, 3.588744985000001],
              [117.35872870700021, 3.5886937210000225],
              [117.35167289200002, 3.58849091499994],
              [117.33652181700018, 3.5871505629999723],
              [117.33038680000016, 3.586829598999972],
              [117.32684000000005, 3.5865080000000518],
              [117.32328799824724, 3.5859700115749993],
              [117.32145573000015, 3.5857339460000004],
              [117.30787800000009, 3.5821170000000038],
              [117.30707465500025, 3.58133146899998],
              [117.30608880300012, 3.580890562000003],
              [117.30384893800016, 3.5791477989999576],
              [117.30184500000007, 3.5791060000000954],
              [117.30062049700011, 3.580543065000028],
              [117.30020279600019, 3.5810383259999723],
              [117.29950677900015, 3.582211618999973],
              [117.29832895200013, 3.5847734850000235],
              [117.29748195900022, 3.5876427009999245],
              [117.2972036820001, 3.5884500370000216],
              [117.2968076070001, 3.589580252999922],
              [117.29466486800018, 3.593579136999945],
              [117.29213700000001, 3.5964970000000953],
              [117.29244829400002, 3.597734102000003],
              [117.29376954300018, 3.5989849549999375],
              [117.29493700000005, 3.599404000000014],
              [117.30205363200021, 3.6010971439999073],
              [117.30733300000011, 3.6015890000000574],
              [117.31398530000014, 3.601399128999936],
              [117.31440793700003, 3.6012212109999586],
              [117.31650800000004, 3.601151000000055],
              [117.32014571400012, 3.600992023999914],
              [117.32539100000005, 3.6009800000000283],
              [117.32839977600015, 3.6010681199999928],
              [117.33296652200026, 3.601848195999966],
              [117.3403167520001, 3.6033081789999732],
              [117.34805060397912, 3.604175011839259],
              [117.362885, 3.6059700000000774],
              [117.36778164500006, 3.6070150409999924],
              [117.37708464200011, 3.610065923000003],
              [117.38271382100011, 3.6119723199999987],
              [117.392099, 3.613825000000123],
              [117.39639995400016, 3.6131712789999915],
              [117.40260790400026, 3.6113412490000085],
              [117.41782900000013, 3.6033910000000304]
            ]
          ],
          [
            [
              [117.53515800000001, 3.6107170000000934],
              [117.5389955500002, 3.609459271999902],
              [117.53995169600007, 3.609215310999967],
              [117.54120600000012, 3.6088400000000433],
              [117.54255700000007, 3.607930000000067],
              [117.54352600000004, 3.607583000000133],
              [117.54383200000005, 3.607109000000083],
              [117.54451995700013, 3.6060201569999206],
              [117.54548800000012, 3.604572000000047],
              [117.5472000000001, 3.602607000000088],
              [117.54746797500016, 3.6020171179999094],
              [117.54858900000009, 3.6011460000000852],
              [117.54931500000012, 3.5995190000000257],
              [117.54932700000005, 3.598379000000115],
              [117.54909756900027, 3.597943373999999],
              [117.54874000000007, 3.5974440000000243],
              [117.54848500000001, 3.5973550000000323],
              [117.54861200000005, 3.5965660000000312],
              [117.54834400000007, 3.595721000000104],
              [117.54942600000007, 3.5930820000000665],
              [117.54920800000006, 3.5911480000000964],
              [117.54920796700007, 3.5905585369999526],
              [117.54860800000007, 3.589478000000077],
              [117.54985600000012, 3.5866460000001013],
              [117.54957399999998, 3.584347000000129],
              [117.54896100000005, 3.58249100000004],
              [117.54862900000003, 3.58167100000005],
              [117.54708600000008, 3.581045000000035],
              [117.54573400000004, 3.5806360000001227],
              [117.54536455200012, 3.580584442999988],
              [117.5447280000001, 3.580598000000087],
              [117.54342654300018, 3.580713680999934],
              [117.54187099999999, 3.581035000000007],
              [117.53533659100015, 3.584125196999941],
              [117.53299150200017, 3.5856634509999408],
              [117.53123200000007, 3.5865870000001046],
              [117.5273638320002, 3.5882964919999294],
              [117.52430400000007, 3.5894770000000378],
              [117.52052400000004, 3.5905560000000527],
              [117.51918558000007, 3.5909148369999455],
              [117.51733699000015, 3.591197594999982],
              [117.51566686800015, 3.591646828999937],
              [117.51287783000024, 3.5920896069999797],
              [117.50721781600025, 3.594013912999947],
              [117.50803552500024, 3.5970744539999577],
              [117.50862269800024, 3.5982780339999776],
              [117.51191600000004, 3.604776000000051],
              [117.51256865500005, 3.608381468999986],
              [117.51837519200016, 3.6148649059999682],
              [117.52445098300016, 3.615170040999991],
              [117.52830775500016, 3.613899194999912],
              [117.53186400000004, 3.6123730000000656],
              [117.53293500000011, 3.612001000000106],
              [117.53413300000003, 3.6115650000000024],
              [117.53515800000001, 3.6107170000000934]
            ]
          ],
          [
            [
              [117.04051777100021, 3.60526694799995],
              [117.04026577800023, 3.6063947329999158],
              [117.0405637200002, 3.6079828139999526],
              [117.04072400000004, 3.608466000000096],
              [117.04326762700028, 3.6112969609999857],
              [117.04374881800021, 3.611665194999989],
              [117.04539862200029, 3.612677806999929],
              [117.04587981200022, 3.612976990999903],
              [117.04656700000014, 3.6134830000000697],
              [117.04736922000018, 3.6140126229999714],
              [117.0483087000001, 3.6145419299999793],
              [117.04874400000006, 3.614749000000103],
              [117.0510406440002, 3.616003017999989],
              [117.05159058500023, 3.6163712429999917],
              [117.0537445160001, 3.617683018999993],
              [117.05550888800023, 3.6182352849999466],
              [117.05988500000002, 3.618442000000041],
              [117.05990800000006, 3.6172450000001213],
              [117.05954400000005, 3.6166220000000884],
              [117.05814600000011, 3.6135840000000776],
              [117.056015, 3.6116970000000883],
              [117.054892, 3.611098000000087],
              [117.05342589200019, 3.610177489999997],
              [117.05098900000009, 3.608374000000122],
              [117.05037053200017, 3.6080283539999902],
              [117.04851400000003, 3.607384000000099],
              [117.04697900000012, 3.6065560000000687],
              [117.04519200000006, 3.6056120000000327],
              [117.04051777100021, 3.60526694799995]
            ]
          ],
          [
            [
              [117.36716582900027, 3.623111209999972],
              [117.36904863800028, 3.6230802359999847],
              [117.37123200000008, 3.62247400000005],
              [117.37243143300022, 3.621032547999934],
              [117.37209986700013, 3.62077547699998],
              [117.37080400000002, 3.6199590000000583],
              [117.36958387700015, 3.6193996669999207],
              [117.36394000000008, 3.6158430000000266],
              [117.35526300000006, 3.613350000000124],
              [117.35099, 3.6126380000000538],
              [117.34642600000004, 3.6124430000000842],
              [117.34045200000001, 3.6117190000000887],
              [117.3360690000001, 3.6116300000000967],
              [117.32756588200007, 3.61222876899999],
              [117.32615000000007, 3.6125170000000786],
              [117.32370999999998, 3.6126540000000906],
              [117.32223400000007, 3.612912000000076],
              [117.32083300000014, 3.6133510000000726],
              [117.32018583600016, 3.613623276999909],
              [117.31974899999997, 3.614305000000048],
              [117.31964393600018, 3.6147431109999273],
              [117.32200973200008, 3.617420273999925],
              [117.32726067100013, 3.619402227999955],
              [117.32926400000005, 3.619840000000071],
              [117.33689475434278, 3.6214119542582557],
              [117.33963600000008, 3.6220160000000803],
              [117.34893800000013, 3.6228150000000205],
              [117.35317095800016, 3.6232371610000014],
              [117.35866300000009, 3.6238700000000925],
              [117.3595670000001, 3.62388500000009],
              [117.36517780200019, 3.6234902339999797],
              [117.36716582900027, 3.623111209999972]
            ]
          ],
          [
            [
              [117.09823900000008, 3.6151170000000867],
              [117.09691656400018, 3.615463600999944],
              [117.09582396800027, 3.616012481999973],
              [117.09498999603049, 3.616416989728264],
              [117.09317870900017, 3.6170814099999538],
              [117.09076352800018, 3.6186124379999773],
              [117.09110862800004, 3.6191322899999134],
              [117.09381833600007, 3.6221684829999523],
              [117.09395563700015, 3.6225401399999724],
              [117.09539340300019, 3.6232042799999453],
              [117.09596851900017, 3.623464162999954],
              [117.09660100000008, 3.623724000000003],
              [117.09821100000006, 3.6241570000001246],
              [117.10097183300016, 3.624272324999942],
              [117.10171899999997, 3.624012000000029],
              [117.10450799999998, 3.6227120000001136],
              [117.10654966800008, 3.6201414829999257],
              [117.10580194000012, 3.6191306889999586],
              [117.10485290600012, 3.617744435000012],
              [117.10430600000007, 3.617138000000061],
              [117.10272486500007, 3.6156073640000264],
              [117.10154587700005, 3.6148854369999794],
              [117.09823900000008, 3.6151170000000867]
            ]
          ],
          [
            [
              [117.37360491500014, 3.6290914799999774],
              [117.37065955200006, 3.6297910489999508],
              [117.36857400000008, 3.6311340000000882],
              [117.36815377000022, 3.6317584800000224],
              [117.36958181500016, 3.633852945999947],
              [117.37221689400023, 3.6351200009999785],
              [117.37466896400016, 3.635817330999944],
              [117.37691964200022, 3.636441183999959],
              [117.379005, 3.636477000000035],
              [117.38052300000001, 3.6358150000000613],
              [117.38162100000001, 3.635116000000046],
              [117.38251684478423, 3.6340322313686313],
              [117.38343900000007, 3.6333370000000222],
              [117.3833106980002, 3.6328734539999052],
              [117.38246486500003, 3.6325778249999585],
              [117.3820162460002, 3.632397717999978],
              [117.38047800000002, 3.6315880000000824],
              [117.38022164500013, 3.631368714000014],
              [117.37874670300023, 3.630412473999942],
              [117.37631292300003, 3.6292557319999785],
              [117.37360491500014, 3.6290914799999774]
            ]
          ],
          [
            [
              [117.38976000000001, 3.634315000000118],
              [117.38931199999999, 3.6343020000000195],
              [117.38813300000004, 3.6343800000000783],
              [117.38556986900016, 3.633994544999939],
              [117.38427563400002, 3.6343169129999664],
              [117.38368650100021, 3.6349865209999477],
              [117.38345700000004, 3.6355790000000745],
              [117.38332800000002, 3.6358110000000856],
              [117.38287965100015, 3.636184063000001],
              [117.38291800000003, 3.636454000000086],
              [117.38305899999997, 3.6366470000001128],
              [117.38476386200017, 3.6371743329999573],
              [117.3876345220002, 3.6372761109999407],
              [117.3886210000001, 3.637031000000177],
              [117.38906900000003, 3.6364000000000587],
              [117.38947900000004, 3.6356020000000235],
              [117.38972199999998, 3.635087000000045],
              [117.38976000000001, 3.634315000000118]
            ]
          ],
          [
            [
              [117.48431200000003, 3.6350670000000775],
              [117.48935394000011, 3.634096305999921],
              [117.49051400000008, 3.6340580000000813],
              [117.49156200000002, 3.634640000000008],
              [117.49328500000003, 3.6358990000000837],
              [117.49502600000002, 3.637176000000095],
              [117.49873100000006, 3.637099000000074],
              [117.50502600000009, 3.6338780000000206],
              [117.5084420000001, 3.6338760000000327],
              [117.51185155100022, 3.6349920539999614],
              [117.51813700000007, 3.6379490000000594],
              [117.51837199999997, 3.6373680000000377],
              [117.51849100000005, 3.6362700000000947],
              [117.51845999999998, 3.63392500000009],
              [117.51863900000004, 3.632781000000115],
              [117.5171238770001, 3.6288994209999847],
              [117.51451096107274, 3.622176887254933],
              [117.51437575900017, 3.6217853959999635],
              [117.51225391100012, 3.618256421999919],
              [117.51048400000005, 3.6156690000001523],
              [117.50580299999999, 3.608888000000107],
              [117.50527800000006, 3.608241000000042],
              [117.50373400000004, 3.6059250000000844],
              [117.50152198700016, 3.60311896999995],
              [117.50111700000004, 3.6027580000000583],
              [117.50039790600023, 3.6021714569999785],
              [117.499588, 3.601013000000094],
              [117.49891384700018, 3.6003964139999267],
              [117.4971750000001, 3.5990430000000764],
              [117.49687563500012, 3.598862471000017],
              [117.49618600000008, 3.5985470000001163],
              [117.49501137800024, 3.5980576759999527],
              [117.49388096500014, 3.597822630999956],
              [117.49151380100004, 3.5978667549999654],
              [117.49115100000003, 3.5979960000000446],
              [117.48781682000022, 3.599676361000035],
              [117.48719800000008, 3.5999770000000844],
              [117.48404292300025, 3.601263779999928],
              [117.48218800000006, 3.602229000000121],
              [117.47627099999995, 3.6051100000000638],
              [117.47524782300005, 3.605710020999928],
              [117.47465086100021, 3.6060316909999868],
              [117.47354200000011, 3.6065680000000846],
              [117.47305178100015, 3.606803807999923],
              [117.46308378200007, 3.610712593999952],
              [117.45995900000005, 3.612045000000105],
              [117.45948990500015, 3.612194973999947],
              [117.45821041500008, 3.612409855999963],
              [117.45398800000011, 3.6137190000000565],
              [117.45356197100013, 3.6138904799999905],
              [117.44757465000016, 3.615541827999933],
              [117.4465296230002, 3.615792909999924],
              [117.44330500000002, 3.616825000000098],
              [117.44290158100014, 3.617075637000009],
              [117.44186799999997, 3.6173510000000553],
              [117.4385430000001, 3.6190110000000466],
              [117.43544983299998, 3.6206880009999365],
              [117.43492747700019, 3.621189355999941],
              [117.43249300000001, 3.622420000000112],
              [117.43188782100022, 3.6228969869999217],
              [117.43039990800021, 3.6253179919999523],
              [117.43337771200012, 3.632139066999982],
              [117.43373985400007, 3.633464091999925],
              [117.43351432200024, 3.6358761459999256],
              [117.43355100000007, 3.6376730000000945],
              [117.43408349200007, 3.640152098999958],
              [117.43789062800013, 3.6406761879999783],
              [117.4443859480002, 3.6379083120000244],
              [117.44614200000001, 3.6370220000000977],
              [117.44772155300024, 3.636907255999975],
              [117.45991877900012, 3.635747228999917],
              [117.46075664900016, 3.636509233999994],
              [117.46346154400024, 3.637375332999979],
              [117.46652086100006, 3.6371123629999813],
              [117.4681175690001, 3.637540896],
              [117.47222333100008, 3.642801666999982],
              [117.47406844900007, 3.645590156999954],
              [117.47519461800007, 3.646877650999989],
              [117.47774300000007, 3.6463480000001303],
              [117.48174000000003, 3.6385740000001254],
              [117.48431200000003, 3.6350670000000775]
            ]
          ],
          [
            [
              [117.50542900000003, 3.666088000000065],
              [117.51977200000007, 3.6504480000000363],
              [117.52189300000006, 3.642301000000078],
              [117.51961200000008, 3.6392060000001036],
              [117.51585854000021, 3.639694382999923],
              [117.51357700000007, 3.639043000000072],
              [117.5119520000001, 3.6379020000000786],
              [117.50738199999998, 3.6349700000000453],
              [117.50265300000002, 3.637576000000106],
              [117.49988259900023, 3.6387169129999597],
              [117.49792869900013, 3.6395999759999276],
              [117.49617473500021, 3.6421132669999556],
              [117.49472882200013, 3.6449435140000075],
              [117.49421789600014, 3.6457580549999014],
              [117.49310400000006, 3.6475320000000835],
              [117.49232179300019, 3.6487954919999543],
              [117.49026899999997, 3.6517930000000334],
              [117.48912053400026, 3.6547603169999254],
              [117.48895177300015, 3.6552728289999648],
              [117.48878366300019, 3.656768884999937],
              [117.48885662400018, 3.6570649989999238],
              [117.48885487500004, 3.6597356050000007],
              [117.48916100000005, 3.6606660000000204],
              [117.48929688400011, 3.661037898999928],
              [117.48922098500022, 3.6616553240000327],
              [117.4892215810001, 3.6627533389999334],
              [117.48938177400021, 3.6647716089999482],
              [117.49007888000024, 3.6662799599999607],
              [117.4904808100001, 3.667013177999965],
              [117.50542900000003, 3.666088000000065]
            ]
          ],
          [
            [
              [117.4907429927891, 3.6876941431902877],
              [117.49168950700019, 3.68746929799991],
              [117.49221083900025, 3.687672036999987],
              [117.492604, 3.687245000000047],
              [117.4926569823657, 3.686710178006911],
              [117.4924335960002, 3.686539407999976],
              [117.49128300000002, 3.6858300000000312],
              [117.4914630000001, 3.684911000000066],
              [117.49168600000007, 3.684345000000131],
              [117.49171800000013, 3.683896000000061],
              [117.49156900000007, 3.6835010000000636],
              [117.49143074381465, 3.6833084420369344],
              [117.4913130000001, 3.683052000000128],
              [117.49122800000009, 3.6826140000000365],
              [117.4912700000001, 3.6817810000000364],
              [117.49136591400024, 3.6815242199999743],
              [117.49135500000003, 3.6812250000000404],
              [117.49137600000009, 3.681118000000069],
              [117.49172700000008, 3.680193000000095],
              [117.49190782800022, 3.6799792969999556],
              [117.49215200000008, 3.6797660000001144],
              [117.49214176800004, 3.679595388999899],
              [117.4908856760002, 3.6778866530000043],
              [117.48930000000009, 3.677525000000056],
              [117.47806274200016, 3.6793255759999566],
              [117.47531190700028, 3.6782574679999547],
              [117.47357700000008, 3.677126000000083],
              [117.47243895900016, 3.6763786960000244],
              [117.47072300000002, 3.6741200000000553],
              [117.46836000000008, 3.67166400000006],
              [117.46619598300009, 3.671384651999996],
              [117.46353872300014, 3.6751788189999557],
              [117.46287900000007, 3.675468000000123],
              [117.45909055600025, 3.678615482999912],
              [117.45474495000022, 3.6791754469999693],
              [117.45260676800015, 3.6788666820000016],
              [117.44862100000005, 3.6761430000001063],
              [117.44357799999996, 3.6740520000001133],
              [117.43542396000024, 3.6750047449999412],
              [117.43121580400022, 3.6748786219999863],
              [117.42966283600006, 3.6749434160000183],
              [117.42818489800008, 3.6762048209999376],
              [117.4280789610002, 3.6769741139999956],
              [117.42886698700012, 3.6789182790000075],
              [117.42994199900025, 3.6801890769999934],
              [117.43030477800015, 3.6813167549999504],
              [117.43184771600028, 3.6825232819999476],
              [117.43491200000005, 3.68419900000013],
              [117.43646500000003, 3.6846790000000986],
              [117.43819959400021, 3.6857253029999404],
              [117.4406726440001, 3.6866693129999772],
              [117.4435355870002, 3.6898944599999295],
              [117.44385600000014, 3.690589000000063],
              [117.44653076300013, 3.696159665999974],
              [117.457763, 3.7010990000000943],
              [117.47550553200023, 3.705996119000008],
              [117.4789315950001, 3.707522014999962],
              [117.4815970000001, 3.7086880000000235],
              [117.48343743200024, 3.7086231609999443],
              [117.48876900000003, 3.704303000000073],
              [117.491257, 3.701577000000075],
              [117.49197000000002, 3.693212000000109],
              [117.49169300000003, 3.692261000000161],
              [117.49072199999998, 3.6892330000000895],
              [117.4907429927891, 3.6876941431902877]
            ]
          ],
          [
            [
              [117.78645076043529, 3.740984024477476],
              [117.78710641900007, 3.7412721319999376],
              [117.78973896300019, 3.740519020999975],
              [117.79168721700019, 3.739835221999974],
              [117.79302000000006, 3.7388410000000896],
              [117.79411000000009, 3.7367500000000966],
              [117.79402990800013, 3.7363916009999754],
              [117.79373053300006, 3.736262866999982],
              [117.791924999925, 3.736507000868392],
              [117.79059168600014, 3.7366006239999505],
              [117.78374600000011, 3.7386770000000205],
              [117.78122967100019, 3.740399719999963],
              [117.78645076043529, 3.740984024477476]
            ]
          ],
          [
            [
              [117.7535689243687, 3.751468047297677],
              [117.7560606079709, 3.7512082226068477],
              [117.7581859207031, 3.7506910830816897],
              [117.76031080200015, 3.7503212380000184],
              [117.76170299984382, 3.750228002046483],
              [117.76280196600021, 3.74945413599995],
              [117.76722700000005, 3.74829000000004],
              [117.76951658700004, 3.7472392710000113],
              [117.77105500000005, 3.74652000000005],
              [117.77314299999998, 3.7456720000000523],
              [117.77345400000004, 3.745028000000058],
              [117.77378200000008, 3.743297000000009],
              [117.77363552400006, 3.7429478359999413],
              [117.7733860000001, 3.742888000000142],
              [117.76108500000007, 3.746065000000062],
              [117.75028777000013, 3.7502379289999643],
              [117.74924400000009, 3.7513980000000693],
              [117.7535689243687, 3.751468047297677]
            ]
          ],
          [
            [
              [117.78649850800012, 3.7513080329999537],
              [117.79984965400018, 3.7534010679999374],
              [117.8078685320002, 3.7533291579999384],
              [117.809924, 3.7522770000000563],
              [117.81500500000001, 3.7433660000000337],
              [117.8153818905564, 3.740973515690391],
              [117.81525500000009, 3.7404120000000454],
              [117.8157058763521, 3.740103508653312],
              [117.81496200000001, 3.737358000000132],
              [117.81454600000006, 3.7359450000001493],
              [117.81237848600023, 3.732558457999988],
              [117.79698187400022, 3.7353134309999403],
              [117.78150058100022, 3.7418027939999687],
              [117.78066157900008, 3.7421481519999444],
              [117.77628784400022, 3.7449958810000217],
              [117.76987389300004, 3.74822598699994],
              [117.76553599825014, 3.7504089878778712],
              [117.76200684900014, 3.7515569729999454],
              [117.75288857895242, 3.7537440277005762],
              [117.75174857600021, 3.753818854999955],
              [117.74840287500014, 3.754929766999946],
              [117.74682228500019, 3.755817583999952],
              [117.74303657600012, 3.7583692829999604],
              [117.74215500000001, 3.759552000000074],
              [117.74554000000003, 3.761654000000089],
              [117.76750800000002, 3.755057000000125],
              [117.78649850800012, 3.7513080329999537]
            ]
          ],
          [
            [
              [117.7969860000001, 3.781934000000117],
              [117.797354, 3.7817080000000693],
              [117.8029200000001, 3.780801000000075],
              [117.80317589368103, 3.780318200594066],
              [117.80450585200005, 3.781089111999978],
              [117.80836572100021, 3.781182069999942],
              [117.80918200000006, 3.7809720000001015],
              [117.8139100000001, 3.7793240000000807],
              [117.81451800000005, 3.778374000000081],
              [117.81565800000014, 3.7762910000000396],
              [117.81597700000006, 3.7757440000000777],
              [117.81598300000012, 3.7757330000000557],
              [117.81635500000007, 3.7749020000000435],
              [117.81653000000009, 3.774389000000098],
              [117.81658400000002, 3.774230000000042],
              [117.81675100000007, 3.773663000000024],
              [117.81699899999998, 3.77291500000004],
              [117.81700099999998, 3.772907000000089],
              [117.81714300000009, 3.772106000000072],
              [117.81725500000002, 3.7714640000000657],
              [117.8173750000001, 3.7704940000000553],
              [117.8173749880002, 3.7699513479999203],
              [117.8173740000001, 3.7694090000000315],
              [117.8173740000001, 3.7692540000000854],
              [117.81724800000006, 3.7683300000000166],
              [117.81723900000011, 3.768059000000065],
              [117.81721300000001, 3.767245000000038],
              [117.81720496100007, 3.7669866809999375],
              [117.81716500000005, 3.7667180000000435],
              [117.81705700000008, 3.765582000000065],
              [117.81705700000008, 3.7654330000001712],
              [117.81701400000007, 3.7643840000001063],
              [117.81663299999998, 3.763697000000107],
              [117.81634000000008, 3.763110000000033],
              [117.816236, 3.7628580000000547],
              [117.81615300000006, 3.7623140000000745],
              [117.81615100000008, 3.7618920000000635],
              [117.81609700000004, 3.7612900000000806],
              [117.81610800000007, 3.7609060000001504],
              [117.81613600000007, 3.7606360000000585],
              [117.81616500000007, 3.7602360000000914],
              [117.81611400000011, 3.759884000000099],
              [117.81606400000007, 3.758638000000122],
              [117.81565900000012, 3.757907000000035],
              [117.81560365000009, 3.7578406910000117],
              [117.81537399999999, 3.757697000000068],
              [117.81501500000005, 3.757597000000054],
              [117.81157469600025, 3.7583594769999484],
              [117.81045100000007, 3.75851500000007],
              [117.80920133600007, 3.7589000500000003],
              [117.807759, 3.758927000000053],
              [117.80675659600011, 3.758927954999911],
              [117.80628495608669, 3.7591590058853575],
              [117.80579970000026, 3.7592236539999524],
              [117.80498259300025, 3.758993726000024],
              [117.80348900000001, 3.758893000000082],
              [117.79983800000001, 3.7579350000001313],
              [117.79634800000008, 3.7587320000000837],
              [117.79512400000014, 3.759951000000047],
              [117.79298199200011, 3.762272398999964],
              [117.79207700000009, 3.763876000000085],
              [117.79080200000013, 3.764915000000122],
              [117.788158991291, 3.7679739929619904],
              [117.78581200000008, 3.7700790000000906],
              [117.78459587955031, 3.770724021306857],
              [117.78306400000008, 3.770995000000119],
              [117.78159656200008, 3.7710986989999062],
              [117.7797087370002, 3.7723309179999864],
              [117.77961999962365, 3.7730229999519116],
              [117.77945467200006, 3.773625697999914],
              [117.77936576600024, 3.7741512789999687],
              [117.77927645500023, 3.7760804629999845],
              [117.78115269700021, 3.78108006599994],
              [117.78344600000005, 3.784536000000024],
              [117.78546392500006, 3.7842930949999554],
              [117.79652200000008, 3.782288000000097],
              [117.7969860000001, 3.781934000000117]
            ]
          ],
          [
            [
              [117.73481095000005, 3.873964341999989],
              [117.7360041500002, 3.874162951999991],
              [117.73664331974089, 3.87393424378629],
              [117.73807000000014, 3.8736740000000793],
              [117.741307, 3.8729160000000675],
              [117.74323799999999, 3.872001000000033],
              [117.74869700000013, 3.8708370000001358],
              [117.75126700000014, 3.8702670000000907],
              [117.75177400000008, 3.870080000000118],
              [117.75329600000006, 3.869519000000107],
              [117.75407100000007, 3.869233000000114],
              [117.75521400000005, 3.868510000000156],
              [117.75589999999997, 3.868076000000129],
              [117.75658600000006, 3.867642000000057],
              [117.757384, 3.8672420000000898],
              [117.75786986700015, 3.8670043189999204],
              [117.76054100000009, 3.864269000000128],
              [117.762235, 3.8615310000000704],
              [117.7632108950002, 3.859852190999944],
              [117.76482800000005, 3.8572690000001266],
              [117.76534100000005, 3.856288000000049],
              [117.7655970000001, 3.8552550000000663],
              [117.76673400000001, 3.8532480000000504],
              [117.76758100000002, 3.8522660000000677],
              [117.76981500000012, 3.8495540000000297],
              [117.77081700000008, 3.848649000000157],
              [117.77102199999999, 3.8482100000000266],
              [117.77256300000012, 3.8467890000000473],
              [117.77297400000012, 3.845988000000119],
              [117.77413094900028, 3.846090025999991],
              [117.77436244400016, 3.8462447180000003],
              [117.77523600000004, 3.846192000000123],
              [117.77587800000005, 3.8458300000001024],
              [117.77810092900013, 3.843753342000009],
              [117.77840899300021, 3.843314164999909],
              [117.77989900000003, 3.842590000000076],
              [117.78015600000008, 3.842435000000041],
              [117.78051500000002, 3.8415050000000086],
              [117.78195379600015, 3.8404452309999426],
              [117.78269892600017, 3.840057295999997],
              [117.78321200000006, 3.8391020000000466],
              [117.783853, 3.8375520000000973],
              [117.78328700000006, 3.837243000000065],
              [117.78272200000002, 3.837243000000065],
              [117.78583169100011, 3.836414214999926],
              [117.78680886335141, 3.8363880341622503],
              [117.78709156200009, 3.8367228579999724],
              [117.78734866400022, 3.8367742499999613],
              [117.78758000000008, 3.836774000000073],
              [117.78797177500017, 3.8371249479999348],
              [117.78847900000002, 3.8373030000000554],
              [117.78903700000001, 3.836984000000129],
              [117.78842696099306, 3.8353667368940725],
              [117.78936400000006, 3.833129000000021],
              [117.78977021299994, 3.833319645999942],
              [117.78998616200022, 3.833676139999951],
              [117.79127991800024, 3.8336112509999998],
              [117.79129199999998, 3.8332550000000545],
              [117.79139300000008, 3.832783000000126],
              [117.79173500000005, 3.8322860000000816],
              [117.79234360200014, 3.8316611459999406],
              [117.79259700000004, 3.831559000000059],
              [117.7942830000001, 3.830704000000104],
              [117.79563360000013, 3.830050287999973],
              [117.7982707440001, 3.8287611599999805],
              [117.79870170600006, 3.828442278999975],
              [117.801738, 3.825733000000117],
              [117.80258773200015, 3.825541098000005],
              [117.80296800000008, 3.8255030000000936],
              [117.80319599900021, 3.8249163080000015],
              [117.80343675298106, 3.8246103136425047],
              [117.80443800000003, 3.8240360000001274],
              [117.80472900000004, 3.8235260000001183],
              [117.80522700000003, 3.8227680000000177],
              [117.80548088600008, 3.822576281999921],
              [117.80586100000008, 3.82256300000002],
              [117.80690100000007, 3.8222690000000306],
              [117.80704000000003, 3.8216960000000944],
              [117.8074200000001, 3.8214030000000534],
              [117.80761000000011, 3.8211480000000932],
              [117.80781300000004, 3.8209560000001055],
              [117.80820600000004, 3.820841000000094],
              [117.80898000000005, 3.8210950000001054],
              [117.8090440000001, 3.8213880000000557],
              [117.81054700000003, 3.821068000000092],
              [117.81107900000008, 3.8205710000000472],
              [117.81258799999996, 3.82008500000007],
              [117.81328500000008, 3.819473000000059],
              [117.8144510000001, 3.8184530000001295],
              [117.81476800000004, 3.818236000000116],
              [117.81594100000011, 3.817415000000043],
              [117.81670100000011, 3.816650000000074],
              [117.81710700000012, 3.8163310000000585],
              [117.81926200000008, 3.814902000000039],
              [117.81969300000004, 3.814634000000069],
              [117.8204280000001, 3.8138180000001],
              [117.82064300000005, 3.8133090000000847],
              [117.82214391600007, 3.812549198999924],
              [117.82323370700017, 3.81146532999995],
              [117.82441297800014, 3.811120229999996],
              [117.82407299999997, 3.8092930000001104],
              [117.82435100000006, 3.807930000000045],
              [117.82526200000004, 3.8057890000000896],
              [117.82578099999999, 3.80503700000013],
              [117.82684900000007, 3.804073000000038],
              [117.82862382000012, 3.8027463000000017],
              [117.83024485199053, 3.8000311928021757],
              [117.83370900000003, 3.7959730000000604],
              [117.83382100000006, 3.795667000000055],
              [117.833788, 3.7946390000000854],
              [117.83381900000008, 3.793723000000057],
              [117.83381800000008, 3.7928390000001],
              [117.83352999999997, 3.7920280000000552],
              [117.83357700000013, 3.791209000000059],
              [117.83397500000001, 3.788862000000023],
              [117.83347700000002, 3.7869670000000824],
              [117.83328520200024, 3.786709477999959],
              [117.83189280100022, 3.7861805419999817],
              [117.83072465200011, 3.785924566999941],
              [117.8304840000001, 3.7859410000001006],
              [117.83010082900002, 3.786053708999968],
              [117.82974879400011, 3.7859897690000066],
              [117.82835, 3.785439000000043],
              [117.82705400000006, 3.7851990000000804],
              [117.82607800000005, 3.7851680000001364],
              [117.823485, 3.7843830000000658],
              [117.82215770200006, 3.7843678870000153],
              [117.82150176400013, 3.784368510999978],
              [117.82122994400012, 3.7845455389999705],
              [117.82062243189682, 3.784674633889149],
              [117.81985399100023, 3.7844825669999116],
              [117.81902893100018, 3.7847575900000185],
              [117.81875686800022, 3.7846775029999646],
              [117.81714479200006, 3.7852785119999544],
              [117.81457077000007, 3.7862506619999214],
              [117.80922272100015, 3.7884029799999253],
              [117.80713765300021, 3.788947954999986],
              [117.80214799200019, 3.7883839599999503],
              [117.79943153600023, 3.7883347529999645],
              [117.7962387030001, 3.7883894369999593],
              [117.78837800000011, 3.7888240000000764],
              [117.7875029640001, 3.7888634929999254],
              [117.78342755900015, 3.789914757999955],
              [117.78112381800022, 3.7908606609999707],
              [117.77082300000004, 3.7960480000000487],
              [117.76119874900016, 3.8024544660000137],
              [117.75934554900013, 3.803322374999971],
              [117.75848300000007, 3.803750000000136],
              [117.7547810000001, 3.8050220000000436],
              [117.7478035630002, 3.805428459999969],
              [117.74633582700017, 3.805378007999969],
              [117.74549037300021, 3.8055470749999243],
              [117.74245299198692, 3.8069979913936214],
              [117.74124386300012, 3.8081237509999566],
              [117.74057158600027, 3.8089707509999604],
              [117.74013400000004, 3.8094370000000346],
              [117.73954291000025, 3.8104326699999502],
              [117.73936300000001, 3.810989000000106],
              [117.73666148900006, 3.813499448999944],
              [117.7349511710002, 3.8193003079999377],
              [117.73518571800007, 3.8228116159999415],
              [117.73776951600016, 3.8327083279999874],
              [117.7377968530001, 3.8344925790000017],
              [117.73769617800022, 3.8366457639999885],
              [117.73758067700017, 3.837111249999956],
              [117.73802295535313, 3.8384969046182027],
              [117.73738500000005, 3.8399950000000374],
              [117.73637670500003, 3.839753053999959],
              [117.73558195600008, 3.8402813899999755],
              [117.73500000000006, 3.8410950000000135],
              [117.72784300000004, 3.8416150000000506],
              [117.72588957800025, 3.842448225999937],
              [117.72235582900025, 3.8453891519999095],
              [117.71429164900022, 3.854944959999993],
              [117.71062775300011, 3.8605164849999296],
              [117.71118097699997, 3.862492220999978],
              [117.71822187977011, 3.870407893214387],
              [117.71958795900021, 3.8735582199999596],
              [117.72088082700024, 3.8741560699999544],
              [117.72321469900017, 3.8750153129999942],
              [117.72814357100005, 3.8758382889999643],
              [117.73072200000004, 3.875722000000067],
              [117.73182978400013, 3.875393105999989],
              [117.73435697099998, 3.874435342999969],
              [117.73481095000005, 3.873964341999989]
            ]
          ],
          [
            [
              [117.52000593200017, 4.0337101449999],
              [117.52041300000009, 4.033740000000105],
              [117.52073000000003, 4.033740000000105],
              [117.52139451800014, 4.033603175999931],
              [117.52223957800007, 4.033269236000012],
              [117.52290700000003, 4.03235400000009],
              [117.52286100000005, 4.031763000000041],
              [117.5231170000001, 4.03058100000003],
              [117.522693, 4.028369000000062],
              [117.52285800000007, 4.026975000000096],
              [117.52245000000006, 4.026202000000132],
              [117.52210200000005, 4.024323000000094],
              [117.52404863886696, 4.023655117380929],
              [117.52423000000007, 4.0240790000001105],
              [117.52459279900017, 4.024867087999993],
              [117.52539380300018, 4.026488060999998],
              [117.52592260600025, 4.027290880999987],
              [117.52763359720603, 4.0284158318004115],
              [117.52767891000026, 4.028536901999966],
              [117.52758800000001, 4.0287950000000485],
              [117.52752857800016, 4.029476556999998],
              [117.52816278500015, 4.029885301999978],
              [117.52872184433453, 4.030339914921686],
              [117.53017100000002, 4.031566000000083],
              [117.5316800000001, 4.031095000000015],
              [117.53322300000005, 4.029680000000133],
              [117.54194700000005, 4.021167000000045],
              [117.542642, 4.020037000000073],
              [117.54311000000008, 4.01955200000009],
              [117.54383400000003, 4.018930000000051],
              [117.54476900000013, 4.018005000000077],
              [117.54493500000001, 4.017793000000033],
              [117.54508400000009, 4.0151410000000745],
              [117.54575324200005, 4.015152854999946],
              [117.5462060000001, 4.015410000000127],
              [117.54726200000007, 4.015258000000074],
              [117.54809100000001, 4.012636000000022],
              [117.5481050000001, 4.011530000000082],
              [117.54842200000004, 4.008565000000072],
              [117.54939900000015, 4.001813000000118],
              [117.54971500000009, 4.000161000000077],
              [117.55401300000008, 3.9878540000000875],
              [117.55423900000004, 3.987338000000115],
              [117.55570190100012, 3.9852762809999254],
              [117.55592800000008, 3.9850940000000747],
              [117.55734599100018, 3.9837142910000045],
              [117.56163400000004, 3.979842000000108],
              [117.56198100000006, 3.979554000000082],
              [117.56338385100015, 3.9780832699999413],
              [117.56468500000005, 3.9765450000000726],
              [117.56492600000001, 3.9763480000001152],
              [117.56673600000012, 3.9748920000000822],
              [117.567852, 3.973558000000107],
              [117.56928499510285, 3.971525996547185],
              [117.57118799999998, 3.969002000000085],
              [117.571505, 3.968759000000052],
              [117.57206300000007, 3.968289000000066],
              [117.57228899717803, 3.9673189910514806],
              [117.57207700000008, 3.966577000000079],
              [117.57129100000006, 3.9645010000000838],
              [117.57334359600017, 3.964544883999941],
              [117.57346455399997, 3.964847890999965],
              [117.57366156200028, 3.966014609999955],
              [117.57381284200018, 3.966529735999944],
              [117.57457292300019, 3.96772909299997],
              [117.57476920000018, 3.9678350329999423],
              [117.57529772800012, 3.968243818999926],
              [117.57606791800016, 3.9689100579999836],
              [117.57727573300009, 3.9694850639999535],
              [117.57901075600012, 3.9685442969999185],
              [117.57910100000002, 3.9682410000000914],
              [117.57913099981484, 3.967892998744058],
              [117.58083600000013, 3.9642930000000156],
              [117.58394300000009, 3.9578280000000943],
              [117.58409400000005, 3.9576460000000893],
              [117.58471282500011, 3.9572973389999744],
              [117.58600800000015, 3.9540540000001156],
              [117.58779100000005, 3.9519370000000578],
              [117.58822800000007, 3.9511640000000483],
              [117.58869500000007, 3.9497540000000475],
              [117.59003600000008, 3.946662000000053],
              [117.59029200000013, 3.946162000000072],
              [117.59107800000007, 3.9439110000000746],
              [117.59157600000006, 3.9435010000000794],
              [117.59214900000003, 3.942774000000057],
              [117.59302300000006, 3.941288000000074],
              [117.59412400000011, 3.939438000000081],
              [117.59717800000011, 3.9355170000001074],
              [117.59846000000005, 3.9337130000000577],
              [117.60004400000003, 3.9333480000000556],
              [117.6008435790001, 3.9323171869999873],
              [117.602473, 3.9321340000000617],
              [117.60276000000012, 3.932043000000082],
              [117.60532493700016, 3.9309652389999483],
              [117.60641100000014, 3.9306160000000503],
              [117.60689400000004, 3.9304790000000835],
              [117.60812500000011, 3.92997300000005],
              [117.60913598700019, 3.9291082669999566],
              [117.61326900000003, 3.926726000000066],
              [117.61396299999998, 3.926407000000051],
              [117.615713, 3.9252390000001327],
              [117.61935900000005, 3.9245200000000615],
              [117.62233200000001, 3.9244570000001344],
              [117.62338800000008, 3.9237440000000703],
              [117.62359900000004, 3.9235470000000694],
              [117.62524392800017, 3.922803307999998],
              [117.62611885100009, 3.922272273000025],
              [117.627477, 3.9196410000000483],
              [117.62770299999997, 3.9189590000001076],
              [117.63119500000006, 3.915999000000112],
              [117.63160282600023, 3.915832234999903],
              [117.63347384400015, 3.915376212000008],
              [117.63474100000009, 3.915254000000065],
              [117.63581200000007, 3.9148440000000697],
              [117.639725, 3.9128230000000954],
              [117.64130983800023, 3.9126251040000204],
              [117.64200385600027, 3.9123821169999884],
              [117.64438796124168, 3.9117590036190952],
              [117.64542900000006, 3.9119550000001304],
              [117.64580655800005, 3.9118942539999457],
              [117.64690800000004, 3.9117570000000903],
              [117.64844097316517, 3.9119530822937376],
              [117.64836589300015, 3.9121502739999903],
              [117.65532200000007, 3.9111900000000723],
              [117.65630300000005, 3.911371000000127],
              [117.65651479500018, 3.9114771479999844],
              [117.6573749150002, 3.9113552319999334],
              [117.65916400000008, 3.9113990000000456],
              [117.65931517400024, 3.911429221999927],
              [117.65939081600011, 3.9116564639999885],
              [117.65993400000002, 3.91176200000006],
              [117.66068800000005, 3.9117310000000707],
              [117.66453653400008, 3.911046243999947],
              [117.66485300000014, 3.910849000000013],
              [117.66625680829598, 3.910469053122987],
              [117.66648289200027, 3.9104840039999678],
              [117.66667900000006, 3.9107110000000525],
              [117.66755467600004, 3.910861993999979],
              [117.66907900000004, 3.911194000000048],
              [117.66969781900018, 3.911057278999972],
              [117.67021095600009, 3.9110871709999584],
              [117.67189394200017, 3.9111920490000207],
              [117.67296500000013, 3.9110850000000887],
              [117.67323700000009, 3.911115000000084],
              [117.67378000000006, 3.9113420000000367],
              [117.674082, 3.91129600000005],
              [117.67483695400013, 3.91143213199999],
              [117.67654999969041, 3.9118290020156854],
              [117.67674578100006, 3.9118590809999665],
              [117.67710829400012, 3.9122679469999566],
              [117.67824000000005, 3.912282000000097],
              [117.67879850800009, 3.912221108999989],
              [117.68003676400022, 3.9131596349999276],
              [117.6806259490002, 3.913931994999973],
              [117.68092791100005, 3.914083290999968],
              [117.68218170000006, 3.9155673260000112],
              [117.68388600000002, 3.9146270000000563],
              [117.683976, 3.9142020000000635],
              [117.68471400000014, 3.9110990000001378],
              [117.68509000000007, 3.910084000000044],
              [117.68706500000006, 3.90682400000005],
              [117.68720000000005, 3.9063850000000535],
              [117.68709399999997, 3.905566000000057],
              [117.68704500000001, 3.901087000000145],
              [117.68604700000003, 3.8985880000000996],
              [117.68583499999998, 3.897739000000019],
              [117.68542782500015, 3.8976333930000306],
              [117.68508000000004, 3.8968310000001196],
              [117.68494300000008, 3.895725000000091],
              [117.68473179100029, 3.895345749999932],
              [117.68409700000007, 3.8945740000000697],
              [117.68308100000003, 3.8911410000000615],
              [117.68308100000003, 3.8903530000000544],
              [117.68255100000013, 3.888399000000028],
              [117.68238400000008, 3.887399000000066],
              [117.6818559998636, 3.887186996021028],
              [117.68052815200019, 3.8872789909999517],
              [117.67741000000004, 3.8883330000001193],
              [117.67217462400012, 3.8894736339999936],
              [117.66433200000002, 3.8903410000001273],
              [117.6572019048532, 3.8906609469240605],
              [117.65651899999999, 3.890280000000054],
              [117.65579200000005, 3.890067000000016],
              [117.65273299999998, 3.889576000000069],
              [117.64675497900018, 3.888558780999971],
              [117.64259400000006, 3.8875630000000463],
              [117.63608000000012, 3.8860030000001125],
              [117.62766891700018, 3.8845909669999434],
              [117.62063459000018, 3.883641720000006],
              [117.61699200000014, 3.883330000000149],
              [117.61590768600013, 3.8831957359999647],
              [117.61280985700006, 3.882849859999946],
              [117.61076800000004, 3.8825710000000093],
              [117.6079950000001, 3.8822810000000842],
              [117.60697700000007, 3.882304000000122],
              [117.60373800000004, 3.882431000000061],
              [117.60199413200017, 3.8827690259999192],
              [117.59780196600006, 3.884433860999912],
              [117.59685186200024, 3.884973570999981],
              [117.59344897400014, 3.8870800160000085],
              [117.58921372600018, 3.89121519899994],
              [117.58765594700007, 3.8932856630000536],
              [117.5863187540001, 3.895170409000034],
              [117.58497546000017, 3.897040273999983],
              [117.58460694100023, 3.8978040179999374],
              [117.58082576900019, 3.9031360499999534],
              [117.58045712100015, 3.9037201759999673],
              [117.57667766700017, 3.9081746189999356],
              [117.57331100000013, 3.9119780000000794],
              [117.57150000000003, 3.913563000000039],
              [117.56654500000003, 3.9176580000001096],
              [117.56574000000005, 3.9182650000001074],
              [117.56244699999999, 3.919991000000098],
              [117.55829969200022, 3.9218461179999364],
              [117.5506350000001, 3.9252890000000953],
              [117.54858400000003, 3.925913000000122],
              [117.54479380000006, 3.9271505669999796],
              [117.54015799999999, 3.9281980000000907],
              [117.53680387200022, 3.9290534469999505],
              [117.53298700000006, 3.929620000000064],
              [117.53230500000004, 3.929721000000117],
              [117.52996400000005, 3.929678000000112],
              [117.52818600000002, 3.9296790000000605],
              [117.52365000000005, 3.928975000000076],
              [117.51975300000002, 3.9274820000001354],
              [117.51800800000005, 3.9267760000001175],
              [117.51284700000006, 3.9234650000000784],
              [117.50771699552845, 3.9197250074807988],
              [117.50597200000001, 3.9186820000000147],
              [117.50363899999999, 3.9176800000000647],
              [117.49946700000012, 3.9165370000001287],
              [117.49098587100015, 3.9179670109999654],
              [117.48893586100017, 3.9190137729999774],
              [117.48782919800026, 3.919710620999992],
              [117.48487799800014, 3.9215539309999192],
              [117.480531, 3.9236750000000455],
              [117.47538800000008, 3.9257100000000236],
              [117.46836000000008, 3.927760000000088],
              [117.46363561100026, 3.9293471010000003],
              [117.46046042000017, 3.930988281999901],
              [117.45869456200016, 3.9399277509999697],
              [117.46063144700011, 3.9437894829999243],
              [117.46275848700024, 3.9476013259999254],
              [117.46545800000004, 3.9528930000001097],
              [117.46577151200023, 3.9538133390000096],
              [117.4668360000001, 3.957741000000045],
              [117.46518382800019, 3.9645888929999407],
              [117.46303000000005, 3.969010000000125],
              [117.46226699999998, 3.969281000000077],
              [117.46206576500022, 3.9699569620000075],
              [117.45710958900021, 3.9777349289999853],
              [117.45699770700018, 3.9784110589999733],
              [117.45636600000005, 3.981376000000111],
              [117.45647782000007, 3.982389921999938],
              [117.45156358700008, 3.9921622119999034],
              [117.45048755200004, 3.994754570999901],
              [117.44882800000003, 3.9975280000000915],
              [117.44469773400024, 4.002543386999977],
              [117.44395164100007, 4.003503413000007],
              [117.44332161800007, 4.004946867999979],
              [117.44383775300015, 4.0061927419999455],
              [117.45083086600012, 4.01364028399994],
              [117.45380916500015, 4.0166271949999865],
              [117.45392200000006, 4.016732000000086],
              [117.45826200000008, 4.021971000000089],
              [117.45896100000009, 4.023633000000068],
              [117.46396365100013, 4.029328862999946],
              [117.46448987900014, 4.029909364999926],
              [117.47085000000004, 4.033786000000092],
              [117.47530600000005, 4.035443000000058],
              [117.48010880800025, 4.03786333999999],
              [117.48557367400025, 4.042278774999928],
              [117.4872467080002, 4.043249311999939],
              [117.49461361100019, 4.051176945999955],
              [117.50012200000005, 4.052562000000112],
              [117.50048400000006, 4.05207700000004],
              [117.5026260000001, 4.049575000000058],
              [117.50427300000004, 4.048219000000039],
              [117.50477100000003, 4.047749000000053],
              [117.50519300000005, 4.047006000000039],
              [117.50606800000006, 4.046172000000045],
              [117.50640000000008, 4.045672000000064],
              [117.50647500000007, 4.045445000000111],
              [117.51061400000005, 4.041438000000127],
              [117.51354400000001, 4.038719000000043],
              [117.51434389729127, 4.037779113591919],
              [117.51524900000004, 4.037248000000101],
              [117.51728999999997, 4.035515000000064],
              [117.51789300000004, 4.035121000000061],
              [117.52000593200017, 4.0337101449999]
            ]
          ],
          [
            [
              [117.49733661900025, 4.0630193659999625],
              [117.4979340000001, 4.0621850000000705],
              [117.497791, 4.061567000000141],
              [117.49768390700002, 4.061396526999981],
              [117.49717477700018, 4.061154771999962],
              [117.49697800000006, 4.061039000000019],
              [117.4968530000001, 4.060770000000055],
              [117.49642487484985, 4.060715946744806],
              [117.49623678500011, 4.060635417999978],
              [117.49616500000002, 4.060510000000125],
              [117.49620092847685, 4.060312723841117],
              [117.49550400000012, 4.059713000000084],
              [117.49490600000004, 4.060197000000073],
              [117.49459372900006, 4.0605467600000145],
              [117.49402200000009, 4.060745000000029],
              [117.49358473300015, 4.0606908320000334],
              [117.49219100000002, 4.059607000000152],
              [117.49104400000014, 4.059103000000061],
              [117.4905259540001, 4.058878900999949],
              [117.49025798400014, 4.058717714999935],
              [117.48970400000012, 4.058602000000086],
              [117.48911478300023, 4.058413608999998],
              [117.48865000000004, 4.057787000000065],
              [117.48802475500018, 4.057320525999972],
              [117.48727456800012, 4.0571596309999824],
              [117.48687994100024, 4.05649452599993],
              [117.48628125200008, 4.055795614000011],
              [117.48597700000003, 4.055930000000071],
              [117.48506300000008, 4.053587000000011],
              [117.48491154200026, 4.053551438999956],
              [117.484331, 4.053498000000019],
              [117.48425900000008, 4.0529240000000435],
              [117.48445500000005, 4.052324000000048],
              [117.48394593300021, 4.051570712999939],
              [117.48367700000007, 4.0509440000000865],
              [117.48357900000005, 4.050728000000067],
              [117.48315900000001, 4.0499310000001145],
              [117.48294451400004, 4.049500430999973],
              [117.48276483803669, 4.049292778425193],
              [117.4826210000001, 4.049096000000038],
              [117.48229100000006, 4.0488360000000645],
              [117.48205883200012, 4.048889398999953],
              [117.48162999999998, 4.04889900000008],
              [117.48147800000002, 4.048657000000041],
              [117.48132600000005, 4.04843300000007],
              [117.48086180800011, 4.048056427999955],
              [117.4805580000001, 4.048021000000087],
              [117.48011000000008, 4.047926000000043],
              [117.47916400000005, 4.048205000000035],
              [117.47916300000006, 4.048310000000107],
              [117.47913585600013, 4.049134329999968],
              [117.47916279900014, 4.049439115999962],
              [117.4787975400002, 4.050972291999897],
              [117.47871751800007, 4.0514295429999825],
              [117.47845870900024, 4.05173449899999],
              [117.47849485900012, 4.052595193999973],
              [117.47885274600006, 4.053625902999989],
              [117.47927292989831, 4.054154918160466],
              [117.47941569500018, 4.054378625000008],
              [117.47999656700011, 4.054996925000007],
              [117.48092668600016, 4.056847646999926],
              [117.48177666000014, 4.05953657399992],
              [117.48211686800005, 4.061494466999913],
              [117.48605000000012, 4.062246000000055],
              [117.48624685534736, 4.062228013217104],
              [117.48698800000003, 4.062595000000111],
              [117.488247, 4.062576000000092],
              [117.4888900000001, 4.06251300000012],
              [117.48929200000013, 4.062459000000093],
              [117.48962255300005, 4.062692080999972],
              [117.49007800000007, 4.062826000000083],
              [117.49098400000007, 4.062835000000028],
              [117.49173400000004, 4.062969000000102],
              [117.49202882200011, 4.0629242009999045],
              [117.49243996816718, 4.0629689965147575],
              [117.49277898100019, 4.0630313069999735],
              [117.49457392000019, 4.063021256999941],
              [117.4951450000001, 4.062912999999998],
              [117.4958545760001, 4.063450638999941],
              [117.4959618100001, 4.063549189999924],
              [117.49652400000006, 4.063513000000082],
              [117.49688999999996, 4.0632530000000635],
              [117.49733661900025, 4.0630193659999625]
            ]
          ],
          [
            [
              [117.55517368600012, 4.098307528000009],
              [117.55411293400002, 4.098118671999926],
              [117.55103394200016, 4.0998417829999445],
              [117.54943600000001, 4.100631000000096],
              [117.5486085490002, 4.101243575999933],
              [117.54677200000003, 4.101672000000075],
              [117.54575500000009, 4.102066000000079],
              [117.54363400000001, 4.102549000000074],
              [117.54154200000002, 4.102740000000068],
              [117.53723270000017, 4.105476251999938],
              [117.5354896570002, 4.113131422999969],
              [117.53593682000025, 4.114363236000016],
              [117.5359747590001, 4.115483295999964],
              [117.53638433300006, 4.116117747999968],
              [117.54185667100005, 4.1257060259999845],
              [117.54188289800008, 4.125915504999997],
              [117.5424456230001, 4.127078867999976],
              [117.5483934950001, 4.135854621999999],
              [117.54888399627463, 4.1363030033183845],
              [117.54954650300029, 4.136952584999984],
              [117.55133321500006, 4.1380211780000264],
              [117.55463989700019, 4.13943935399995],
              [117.55743474500005, 4.1403771139999135],
              [117.55920666300021, 4.1408529559999385],
              [117.55999900000003, 4.141098000000141],
              [117.56600000000006, 4.142672000000033],
              [117.56911169500023, 4.1434940709999735],
              [117.56968796900004, 4.143696055999988],
              [117.57496995100017, 4.1448522429999946],
              [117.57671281200022, 4.144981091999997],
              [117.58910500000006, 4.141459000000033],
              [117.58881700000003, 4.140924000000087],
              [117.58852800000003, 4.14023000000013],
              [117.58806695000025, 4.139406526999987],
              [117.58787900000006, 4.138583000000015],
              [117.58715800000009, 4.137043000000048],
              [117.58691277000005, 4.136189789999931],
              [117.58675400000006, 4.136060000000117],
              [117.58619196669324, 4.135149717465967],
              [117.58568700000005, 4.134268000000038],
              [117.58534100000011, 4.133719000000088],
              [117.58513900000001, 4.133300000000104],
              [117.58203700000003, 4.128265000000017],
              [117.5818929940002, 4.127787421999982],
              [117.58140271100005, 4.126992630999946],
              [117.58108500000004, 4.126400000000071],
              [117.58084000000011, 4.125750000000025],
              [117.58063800000001, 4.125548000000009],
              [117.58023463700013, 4.124998383999965],
              [117.57848866700017, 4.122432696999954],
              [117.57818600000007, 4.1221730000000925],
              [117.57783997200023, 4.121652480999969],
              [117.573611, 4.116531000000143],
              [117.57299100000003, 4.115606000000035],
              [117.57232800000006, 4.114898000000075],
              [117.5718240000001, 4.114378000000038],
              [117.57048300000008, 4.112716000000102],
              [117.56941477793835, 4.1118425990552465],
              [117.56924099999999, 4.111438000000053],
              [117.56914000000008, 4.111163000000126],
              [117.56843375600027, 4.110209539999974],
              [117.56775600000005, 4.109560000000009],
              [117.56696300000007, 4.108620000000126],
              [117.56541700000005, 4.107315000000064],
              [117.56535900000006, 4.107112000000099],
              [117.56497000000002, 4.10652000000001],
              [117.56466700000009, 4.106115000000074],
              [117.56447999999997, 4.106043000000067],
              [117.56411984800003, 4.105696359000031],
              [117.56368759700005, 4.105436433999929],
              [117.56293800000002, 4.10468500000006],
              [117.56272192500018, 4.10443956199996],
              [117.56241800000006, 4.104231000000066],
              [117.5611388420002, 4.102919352999943],
              [117.56029568600007, 4.102263637999957],
              [117.55932180500022, 4.101651772999957],
              [117.55890000000014, 4.1013020000001035],
              [117.55852200000004, 4.100894000000053],
              [117.55517368600012, 4.098307528000009]
            ]
          ],
          [
            [
              [117.65610276053701, 4.145967198502407],
              [117.65654900000007, 4.1459570000000525],
              [117.6604890000001, 4.146069000000082],
              [117.66158200000004, 4.146192000000045],
              [117.66461884694107, 4.146066154463344],
              [117.66624300000004, 4.145636000000049],
              [117.666338, 4.145407000000109],
              [117.66818399999997, 4.144525000000051],
              [117.66910600000006, 4.144219000000046],
              [117.6695520000001, 4.143656000000138],
              [117.66985600000011, 4.143245000000103],
              [117.67049200000007, 4.14236700000011],
              [117.67687200000002, 4.136171000000019],
              [117.6783200000001, 4.134351000000112],
              [117.68236458200026, 4.129992348999987],
              [117.68352700000007, 4.129015000000077],
              [117.68392700000004, 4.1286700000000875],
              [117.69661400000011, 4.113902000000088],
              [117.7059690000001, 4.103068000000029],
              [117.72598300000006, 4.082334000000095],
              [117.72670000000005, 4.08208000000004],
              [117.72820900000012, 4.080348000000086],
              [117.73591900000007, 4.073622000000018],
              [117.74328399999999, 4.068766000000088],
              [117.74382599999998, 4.068240000000087],
              [117.75038687700025, 4.062420244999951],
              [117.75085100000001, 4.061953000000105],
              [117.75293000000008, 4.0598620000000665],
              [117.7528510000001, 4.0585400000000185],
              [117.75230800000011, 4.057491000000088],
              [117.74980400000007, 4.053711000000102],
              [117.74908600000008, 4.0521560000000925],
              [117.74885300000007, 4.051495000000024],
              [117.74829100000011, 4.0509120000000145],
              [117.74803900000003, 4.0509120000000145],
              [117.74774800000003, 4.050465000000067],
              [117.74809600000005, 4.049901000000119],
              [117.74762900000005, 4.047685000000087],
              [117.74716298600013, 4.045779377999934],
              [117.74696900000006, 4.0455660000001314],
              [117.74504400000004, 4.038400000000117],
              [117.74469499800013, 4.0376419409999675],
              [117.74287137900005, 4.03427967399995],
              [117.74244500000012, 4.034416000000082],
              [117.74128253200013, 4.033522790999942],
              [117.74007500000003, 4.0338660000000495],
              [117.7397848920002, 4.0341383849999835],
              [117.73881500000006, 4.032934000000029],
              [117.73887199999997, 4.031573000000041],
              [117.73887190200016, 4.0311447320000005],
              [117.73774699999997, 4.02945400000004],
              [117.73673900000006, 4.028425000000077],
              [117.73644799999997, 4.028172000000061],
              [117.73479600000006, 4.0252850000001095],
              [117.73386500000004, 4.024061000000088],
              [117.73341899999998, 4.0232250000000604],
              [117.73289500000007, 4.022253000000106],
              [117.7326749735392, 4.0220118468054045],
              [117.73242700000006, 4.021430000000045],
              [117.73216097400018, 4.021267963999917],
              [117.73198985106809, 4.021096457182458],
              [117.73179900000007, 4.020534000000118],
              [117.73045499999998, 4.01845100000012],
              [117.73027393100018, 4.01804060699996],
              [117.72985500000007, 4.017259000000126],
              [117.72947400000007, 4.016210000000061],
              [117.72884400000008, 4.014603000000058],
              [117.72774000000004, 4.012209000000041],
              [117.72728396542479, 4.011770955719416],
              [117.7271310000001, 4.01125600000006],
              [117.72726397121441, 4.01107453079351],
              [117.72647200000002, 4.009153000000051],
              [117.72617700000004, 4.009057000000013],
              [117.72624300000008, 4.0084850000000705],
              [117.72624300000008, 4.008218000000094],
              [117.72611900000004, 4.007655000000141],
              [117.7260050000001, 4.007359000000029],
              [117.7261090000001, 4.00715900000009],
              [117.72614700000013, 4.006911000000088],
              [117.72589995093315, 4.006691783288061],
              [117.72508899999998, 4.003874000000071],
              [117.7248510000001, 4.003292000000055],
              [117.72463099007685, 4.00129900109659],
              [117.72462100000007, 4.00111700000004],
              [117.7245730000001, 4.000822000000056],
              [117.72412400000007, 3.99794400000005],
              [117.72391491500011, 3.9976964499999523],
              [117.72372400000002, 3.997220000000098],
              [117.72372400000002, 3.9968190000000483],
              [117.72371400000009, 3.996314000000009],
              [117.72360900000001, 3.995923000000076],
              [117.72380700000005, 3.994553000000053],
              [117.72395800000002, 3.9935700000000764],
              [117.72395800000002, 3.993208000000056],
              [117.7236820000001, 3.992550000000058],
              [117.72349180500026, 3.9923304799999704],
              [117.72322500000004, 3.9916920000000324],
              [117.72304496599527, 3.9915489468677157],
              [117.72285300000007, 3.99124900000006],
              [117.72350800000001, 3.990189000000064],
              [117.72303100000015, 3.988072000000006],
              [117.72204200000012, 3.9870230000000753],
              [117.72088200000006, 3.9863950000000727],
              [117.719461, 3.986660000000061],
              [117.71831100000006, 3.9859740000000556],
              [117.715953, 3.9841820000001107],
              [117.71107253700023, 3.9815584129999726],
              [117.70938071200023, 3.980853943999949],
              [117.70510900000009, 3.980712000000061],
              [117.70202988600023, 3.979798496999929],
              [117.69713900000012, 3.978284000000073],
              [117.69659700000004, 3.977998000000035],
              [117.69494800000011, 3.9768040000000973],
              [117.6913078620002, 3.975232756999989],
              [117.68879300000003, 3.9740020000000733],
              [117.68416448800015, 3.9717253499999527],
              [117.68065267193181, 3.96987452612366],
              [117.67957800000009, 3.968836000000028],
              [117.67913100000014, 3.9686640000000075],
              [117.67863700000012, 3.9682640000001292],
              [117.6762085520001, 3.967099440000008],
              [117.67578087600025, 3.9669376079999408],
              [117.674887, 3.9665280000000216],
              [117.67424100000002, 3.966348000000095],
              [117.6732050000001, 3.9660910000001017],
              [117.66944675000019, 3.966206482999932],
              [117.66795533300007, 3.966541577999947],
              [117.66184370692923, 3.9706022376361316],
              [117.65628600000007, 3.974752000000045],
              [117.65457226400021, 3.9759305459999927],
              [117.65392667740386, 3.9765320446244123],
              [117.65253983300018, 3.976981530999999],
              [117.65159970200011, 3.9776118970000196],
              [117.65020800000006, 3.977243000000005],
              [117.64939096500024, 3.977271919999956],
              [117.64827058900018, 3.9782744769999523],
              [117.64752000000014, 3.978485000000095],
              [117.64730180300013, 3.978723612999988],
              [117.64466474900026, 3.9791109919999768],
              [117.64287870000027, 3.979369970999911],
              [117.64079857300011, 3.980220630999951],
              [117.6399817700002, 3.9806219420000266],
              [117.6396778430001, 3.980784349999964],
              [117.6382017670001, 3.981445945999993],
              [117.6329840000001, 3.9850110000000463],
              [117.632519, 3.9855840000001166],
              [117.629628, 3.987485000000021],
              [117.62845000000004, 3.9879440000000734],
              [117.62526600000004, 3.9895140000000806],
              [117.62461127600005, 3.990172100999909],
              [117.62411757800024, 3.990678081999941],
              [117.62142600000001, 3.992831000000172],
              [117.61975500000004, 3.994578000000079],
              [117.61921388100014, 3.995026610999939],
              [117.61627729200008, 3.9983250629999167],
              [117.61579300000005, 3.9990890000001533],
              [117.6155650000001, 3.999299000000075],
              [117.61222100000009, 4.00256800000006],
              [117.6117938180001, 4.003016460999951],
              [117.61009955100016, 4.004080715999989],
              [117.60497800000005, 4.009241000000049],
              [117.60382958800017, 4.010538793000005],
              [117.60265887400011, 4.011631524999912],
              [117.60219379900009, 4.0123282819999195],
              [117.60213841700022, 4.014541557999993],
              [117.60215796200015, 4.01527611099993],
              [117.60254788300017, 4.016272864999979],
              [117.60276900000007, 4.018601000000007],
              [117.60185079400004, 4.0249118579999665],
              [117.60117884900005, 4.029124937999948],
              [117.60047851600018, 4.033576251999924],
              [117.599872, 4.036739000000086],
              [117.59965446000004, 4.0380745779999705],
              [117.59848760800013, 4.041200974999923],
              [117.5974729902519, 4.044378995720996],
              [117.59607595300015, 4.047953122999934],
              [117.59652449500014, 4.051048021999946],
              [117.59675379900011, 4.052755480000001],
              [117.59629800000005, 4.053510000000035],
              [117.59572888500021, 4.0550510929999595],
              [117.5950579924967, 4.0607809989140575],
              [117.59497355700007, 4.062202211999941],
              [117.59497399683242, 4.062803000002488],
              [117.59463195600006, 4.064210020999979],
              [117.59407300000007, 4.066720000000132],
              [117.59245049900021, 4.070225099000022],
              [117.59168088100004, 4.071546659000034],
              [117.5915196610001, 4.0719951540000165],
              [117.5903646300002, 4.079913899000007],
              [117.59002368100006, 4.081478682999982],
              [117.59005290300017, 4.082451722000022],
              [117.5919565640002, 4.087129220999972],
              [117.59212773500025, 4.087310343999948],
              [117.59424900000006, 4.08915500000003],
              [117.59610300000008, 4.090899000000134],
              [117.60070000000012, 4.0956990000000495],
              [117.60211173100014, 4.0972961949999975],
              [117.60342465800024, 4.099355805999969],
              [117.6035295380002, 4.099823166000003],
              [117.60395800000003, 4.100453000000112],
              [117.60539595900018, 4.102221122999992],
              [117.60556767000018, 4.1030891089999555],
              [117.60714658400016, 4.105014944999961],
              [117.60731782300013, 4.105253305999965],
              [117.60925095500029, 4.107878999999968],
              [117.60962200000007, 4.108470000000061],
              [117.60972675800014, 4.108746751000001],
              [117.61150742700012, 4.111468267999938],
              [117.61169762400013, 4.111658914999992],
              [117.61204956600012, 4.112097473999952],
              [117.61395550900026, 4.115667795999953],
              [117.6145739054272, 4.1162209233527625],
              [117.61559341700016, 4.117902868999965],
              [117.61590766400013, 4.118732572999959],
              [117.61631663700022, 4.119190174999985],
              [117.61659261100014, 4.119686019999977],
              [117.61674477400011, 4.119828996999995],
              [117.61739325000022, 4.120749095999918],
              [117.61743178200021, 4.121416842000012],
              [117.61769800000002, 4.121655000000132],
              [117.61920982900024, 4.1226842459999835],
              [117.62009400000011, 4.123313000000092],
              [117.62061682400021, 4.123389087999949],
              [117.62283691300014, 4.126099952999982],
              [117.62533067700024, 4.1294411449999435],
              [117.62682371300014, 4.1307850589999395],
              [117.62791264200018, 4.133030201999985],
              [117.62794165100019, 4.133659800000031],
              [117.62925394400023, 4.134746295999956],
              [117.62984300000002, 4.134803000000118],
              [117.63163480276991, 4.135214909257043],
              [117.63230993800022, 4.136043992999947],
              [117.63300380300025, 4.136215153999987],
              [117.63340200000006, 4.135671000000038],
              [117.6347898048273, 4.135307934942598],
              [117.63507552400016, 4.136261191999977],
              [117.63503756700013, 4.136337541999988],
              [117.63514200000006, 4.136547000000043],
              [117.63592100000002, 4.136108000000135],
              [117.63731300000009, 4.135792000000013],
              [117.63744681600016, 4.136745848000021],
              [117.63782699999999, 4.13704100000006],
              [117.63888200000005, 4.137479000000063],
              [117.63973094066183, 4.1378829717637045],
              [117.63995980200016, 4.138884329999946],
              [117.64017864900023, 4.139227584000014],
              [117.64567600000007, 4.142957000000077],
              [117.64846655599996, 4.143709890999978],
              [117.64942664100026, 4.1440239099999365],
              [117.65056766300007, 4.144805226999924],
              [117.65089087000008, 4.144928977999949],
              [117.65154684500018, 4.145224168999948],
              [117.65293857800022, 4.146532665999945],
              [117.6546020000001, 4.146989000000087],
              [117.6557228200002, 4.146282324000015],
              [117.65610276053701, 4.145967198502407]
            ]
          ],
          [
            [
              [117.90683699999995, 4.153257000000096],
              [117.90733500000013, 4.152846000000152],
              [117.90933000000008, 4.151066000000089],
              [117.91240700000003, 4.148433000000104],
              [117.91293000000005, 4.1474570000000845],
              [117.91743683900019, 4.1404142889999695],
              [117.91900700000006, 4.139335000000063],
              [117.92249699999999, 4.135463000000058],
              [117.92353000000003, 4.133204000000109],
              [117.92476900000004, 4.130386000000005],
              [117.92509900000007, 4.128718000000017],
              [117.925507, 4.127807000000047],
              [117.92574699999996, 4.124220000000086],
              [117.92513099500007, 4.121795421999983],
              [117.92461699999998, 4.1194480000001334],
              [117.92370500000003, 4.115810000000039],
              [117.92299899999996, 4.1128210000000855],
              [117.92231400000004, 4.108555000000077],
              [117.92231200000006, 4.107077000000134],
              [117.92231200000006, 4.106686000000113],
              [117.9211640000001, 4.105176000000096],
              [117.9212509730002, 4.1039879149999825],
              [117.92087200000002, 4.102927000000132],
              [117.9206820000001, 4.101904000000086],
              [117.92061900000013, 4.10153800000009],
              [117.9203287380002, 4.10078041099998],
              [117.92006400000004, 4.1004020000000665],
              [117.91962399999996, 4.0970550000000685],
              [117.91941800000006, 4.096479000000016],
              [117.91900700000006, 4.095245000000055],
              [117.91870600000003, 4.09309600000006],
              [117.91851100000007, 4.091665000000052],
              [117.91822200000004, 4.090060000000037],
              [117.91768300000004, 4.084505000000135],
              [117.91760000000009, 4.083765000000103],
              [117.91841199972968, 4.079992999899438],
              [117.91851000000007, 4.079728000000035],
              [117.92019900000003, 4.075220000000076],
              [117.92057300000015, 4.074257000000112],
              [117.92144600000007, 4.072164000000086],
              [117.92232000000001, 4.070781000000099],
              [117.92277699999998, 4.0695250000000485],
              [117.92319300000011, 4.068520000000117],
              [117.92512300000011, 4.065841000000056],
              [117.92547100000004, 4.065185000000046],
              [117.925872, 4.063370000000063],
              [117.92502100000002, 4.062135000000108],
              [117.92416800000005, 4.061298000000043],
              [117.92325189300011, 4.059757548999907],
              [117.9228268330002, 4.059440992000005],
              [117.92249999999999, 4.0595730000000465],
              [117.92198897100016, 4.060010441999959],
              [117.9217490000001, 4.059748000000049],
              [117.92180298200005, 4.059245368999984],
              [117.92173600000001, 4.058458000000073],
              [117.92218262107187, 4.058042667353177],
              [117.92192100000003, 4.057813000000085],
              [117.92116900000008, 4.05737700000007],
              [117.92103800000007, 4.057257000000089],
              [117.91841800000009, 4.0549810000000654],
              [117.917088, 4.0537030000000165],
              [117.91641200000004, 4.052840000000021],
              [117.91586700000005, 4.052393000000073],
              [117.91561599999999, 4.052207000000094],
              [117.91548500000007, 4.051770000000174],
              [117.91526700000006, 4.051486000000079],
              [117.91438100000002, 4.050158000000067],
              [117.91403100000002, 4.049022000000132],
              [117.91313600000004, 4.046989000000053],
              [117.91269979600011, 4.046344547999978],
              [117.91242698700019, 4.045841961999961],
              [117.91202000000007, 4.045147000000057],
              [117.91197500000008, 4.04396600000004],
              [117.91159458900015, 4.044360008000001],
              [117.911464, 4.044645000000133],
              [117.9084349590002, 4.042865785000003],
              [117.908086, 4.042549000000037],
              [117.90764996100017, 4.042013911999951],
              [117.90689800000003, 4.041501000000011],
              [117.90585100000008, 4.040628000000076],
              [117.904492, 4.0398050000001495],
              [117.90420900000004, 4.039762000000144],
              [117.90395898600005, 4.040155406999921],
              [117.90398200000007, 4.041435000000057],
              [117.90363381600014, 4.041511432999942],
              [117.9028497050002, 4.041457641999933],
              [117.90104200000009, 4.041646000000107],
              [117.90120598530073, 4.042006084125158],
              [117.90114100000002, 4.04237800000001],
              [117.90093457200027, 4.042738907999985],
              [117.90042300000003, 4.042991000000104],
              [117.89957300000005, 4.042861000000094],
              [117.89835385900017, 4.0428401619999255],
              [117.89761400000006, 4.043716000000095],
              [117.89698260900005, 4.043606973999956],
              [117.89677576500016, 4.043650935999952],
              [117.8958230000001, 4.044083000000085],
              [117.89385100000001, 4.042893000000078],
              [117.8932080000001, 4.042544000000067],
              [117.89266300000013, 4.042140000000081],
              [117.89242299999998, 4.041878000000029],
              [117.8915410000001, 4.041529000000107],
              [117.89113800000007, 4.041409000000037],
              [117.88996100000011, 4.04085300000013],
              [117.88757900000012, 4.039530000000088],
              [117.88686000000004, 4.039170000000055],
              [117.88652200000006, 4.038831000000073],
              [117.88576993500027, 4.037880494999988],
              [117.88500814900013, 4.038318639999914],
              [117.88390800000005, 4.038287000000138],
              [117.8833417857761, 4.037959765937891],
              [117.88178700000006, 4.036261000000105],
              [117.88165600000005, 4.0359120000000495],
              [117.8805228320001, 4.035037978999898],
              [117.87849700000007, 4.0349090000001056],
              [117.87781100000007, 4.035107000000057],
              [117.87718000000007, 4.035304000000014],
              [117.87552470400017, 4.035185522999938],
              [117.8752740000001, 4.035361000000112],
              [117.87442986675504, 4.03550352786247],
              [117.8742109710001, 4.034727581999973],
              [117.86975700000006, 4.034656000000044],
              [117.86626599999997, 4.033817000000081],
              [117.86249595900024, 4.031622957999956],
              [117.86133000000004, 4.031242000000098],
              [117.86078664000003, 4.03194182299996],
              [117.8552820000001, 4.03378300000011],
              [117.85342065600021, 4.03442959699992],
              [117.85274566400005, 4.034583358999941],
              [117.84981300000004, 4.036702000000044],
              [117.84564600000014, 4.040489000000122],
              [117.84323800000003, 4.043602000000121],
              [117.84256431800026, 4.0449689029999325],
              [117.84197666800013, 4.045341231999919],
              [117.84109300000001, 4.047066000000118],
              [117.8409846220002, 4.0471638610000005],
              [117.8398746410002, 4.0479084509999685],
              [117.83889498200023, 4.048324919999966],
              [117.83699079900025, 4.049802832999947],
              [117.83522400000007, 4.051570000000101],
              [117.83481100000009, 4.052161000000062],
              [117.83408265800014, 4.053134256999988],
              [117.83312491400012, 4.053681896999914],
              [117.832123, 4.0537380000001155],
              [117.83092178700018, 4.054967642999983],
              [117.82679700000003, 4.057454000000046],
              [117.82396148200009, 4.058356876999922],
              [117.82145972300022, 4.061256665999955],
              [117.81902986000007, 4.063384775999999],
              [117.81641953000009, 4.066634518999943],
              [117.80991470800012, 4.071547622999936],
              [117.80878265100016, 4.0720735379999295],
              [117.80734556600018, 4.072490436999963],
              [117.80597972400024, 4.07296545899992],
              [117.80532697000005, 4.073633034999999],
              [117.80387900000005, 4.074389000000064],
              [117.80161456500011, 4.074795645999916],
              [117.8011240000001, 4.074654000000052],
              [117.79879800000002, 4.074975000000055],
              [117.79838475400021, 4.075455936000014],
              [117.79541349200021, 4.077273759999964],
              [117.79448800000002, 4.07781100000005],
              [117.7911409540002, 4.079872596999965],
              [117.78957354100027, 4.080683172999975],
              [117.78871400000003, 4.081909000000059],
              [117.77997828000004, 4.085561765999954],
              [117.77910766700012, 4.0862076719999285],
              [117.77739525400001, 4.087415884999976],
              [117.77534891700016, 4.088543972999967],
              [117.76790756300014, 4.0935318249999275],
              [117.76573129700002, 4.095490933999932],
              [117.7652418450002, 4.096136450999963],
              [117.76141989500016, 4.100102063999986],
              [117.760658, 4.100814000000095],
              [117.7590329330002, 4.102208746999945],
              [117.7585650000001, 4.102614000000035],
              [117.75773788200007, 4.103215817999959],
              [117.75469747400021, 4.105124742999986],
              [117.75296680200019, 4.1061650339999956],
              [117.75228100000001, 4.10649400000008],
              [117.75091400000007, 4.10646300000009],
              [117.75033789801627, 4.106812811925962],
              [117.75026100000004, 4.10667100000007],
              [117.74973846800006, 4.106693177999996],
              [117.74912881800007, 4.106945208999977],
              [117.74842157800018, 4.107656536999946],
              [117.7480956560002, 4.1085205500000255],
              [117.74772567500024, 4.108859821999942],
              [117.74298784700026, 4.112464675999958],
              [117.74265074400009, 4.113011652000007],
              [117.73268291900011, 4.120135847999982],
              [117.73193170300013, 4.12043173299995],
              [117.731311, 4.120739000000103],
              [117.73024175000019, 4.12173969099999],
              [117.7296869200002, 4.1224180539999855],
              [117.72815267700018, 4.123950117999917],
              [117.72761963100012, 4.124639393999927],
              [117.7273585110001, 4.124934825999946],
              [117.72337292600011, 4.129382850000005],
              [117.72034500000004, 4.134562000000116],
              [117.71974675000011, 4.135185350999957],
              [117.71793789200011, 4.1373457960000115],
              [117.71601200000009, 4.139436000000071],
              [117.71569661600012, 4.139938988999989],
              [117.71419200000004, 4.141477000000101],
              [117.71237456900022, 4.142921321000013],
              [117.71210282400013, 4.143533819999976],
              [117.71179800000003, 4.14379700000008],
              [117.70981500000009, 4.14578200000005],
              [117.70909600000002, 4.146789000000059],
              [117.70812700000013, 4.1474130000000855],
              [117.70514077000024, 4.149879180999991],
              [117.70295300000014, 4.151740000000078],
              [117.70224576600016, 4.1522979959999295],
              [117.70163599999997, 4.153020000000115],
              [117.7014948590002, 4.152976533999939],
              [117.70083783659403, 4.153035150768534],
              [117.70029381700022, 4.15366975699992],
              [117.69960810300014, 4.154173297999928],
              [117.69902000000006, 4.154710000000058],
              [117.69872673600014, 4.155147131000034],
              [117.6961650000001, 4.156816000000094],
              [117.69441269900015, 4.158041851000003],
              [117.69381392300026, 4.158337585999958],
              [117.68984500000013, 4.1601150000001175],
              [117.68872396600011, 4.160826381999914],
              [117.6871438490003, 4.16312937799995],
              [117.68673100000005, 4.1646390000001565],
              [117.68645930100004, 4.164999559999969],
              [117.68565300000003, 4.1654490000000735],
              [117.68351756100019, 4.166666666999972],
              [117.90030099999998, 4.1656710000000565],
              [117.90044100000001, 4.165350000000053],
              [117.90288300000009, 4.162045000000067],
              [117.9056880000001, 4.154837000000086],
              [117.90683699999995, 4.153257000000096]
            ]
          ],
          [
            [
              [117.59124285800013, 4.164899542999954],
              [117.59094800000005, 4.164885000000126],
              [117.59063899999998, 4.165018000000117],
              [117.5905069280428, 4.164870820511299],
              [117.59041799999999, 4.1646490000000504],
              [117.59018189300009, 4.163732753999958],
              [117.58807397900003, 4.161746583999935],
              [117.58758791600023, 4.16148091699998],
              [117.58702800000007, 4.1611120000000525],
              [117.58664500000009, 4.160743000000075],
              [117.58577696979248, 4.160447939875431],
              [117.58567294500023, 4.160240858999962],
              [117.58543700000007, 4.1599900000000325],
              [117.58344184243637, 4.158847836732824],
              [117.58251362100013, 4.158094707999935],
              [117.58208650800023, 4.157902891999963],
              [117.58086400000005, 4.157505000000036],
              [117.58054000000007, 4.157180000000057],
              [117.57990654600016, 4.156677795999939],
              [117.57872800000007, 4.156206000000026],
              [117.57459700000004, 4.153899000000102],
              [117.56778600000004, 4.150235000000077],
              [117.56693197000018, 4.149777365000005],
              [117.56600400000004, 4.149468000000031],
              [117.565017, 4.149055000000054],
              [117.5644578010001, 4.148862797999917],
              [117.56327900000008, 4.148332000000007],
              [117.5601770000001, 4.147356000000077],
              [117.55951480200012, 4.147281952999946],
              [117.55888153700013, 4.147060703999936],
              [117.55839560600025, 4.146957583999931],
              [117.55749700000004, 4.146855000000102],
              [117.55709975400023, 4.146677684999953],
              [117.55609800000002, 4.146383000000039],
              [117.55478772600016, 4.1459846679999],
              [117.55365365000011, 4.145423834999948],
              [117.55318200000008, 4.145247000000061],
              [117.55172400000005, 4.144583000000054],
              [117.55128251100004, 4.1444056979999955],
              [117.55098792100009, 4.144228552999993],
              [117.54883187000013, 4.142628429999937],
              [117.54835999999997, 4.142097000000064],
              [117.54726997300021, 4.140811605999981],
              [117.54684272800013, 4.140427621999918],
              [117.54305600000006, 4.136499000000068],
              [117.53789300000008, 4.129311000000055],
              [117.5329210000001, 4.120838000000035],
              [117.53148700000011, 4.117681000000037],
              [117.53094200000014, 4.11726800000006],
              [117.53069194491844, 4.116942755967776],
              [117.53045500000007, 4.115893000000067],
              [117.52992485400001, 4.115080660999957],
              [117.52951200000004, 4.114416000000073],
              [117.52930581900004, 4.1140464900000095],
              [117.52787299999997, 4.110537000000156],
              [117.52741599500017, 4.109457935999958],
              [117.52625099999996, 4.107271000000065],
              [117.5255439690001, 4.106000706999988],
              [117.52442100000007, 4.1036740000001215],
              [117.52262393800007, 4.102226563999998],
              [117.52221153600023, 4.101960799999946],
              [117.51964100000008, 4.101474000000035],
              [117.51812500000005, 4.101830000000092],
              [117.51707997000011, 4.102170014999937],
              [117.51524000000009, 4.102748000000108],
              [117.5126048160002, 4.102926672999927],
              [117.51219262400011, 4.102986054999955],
              [117.51006383500028, 4.103460434999948],
              [117.50706100000006, 4.1050740000001396],
              [117.50653155200023, 4.105251042999956],
              [117.50544281100021, 4.106404568000008],
              [117.50426481700018, 4.106109714999948],
              [117.50323400000005, 4.106347000000085],
              [117.50295483200014, 4.106642612999987],
              [117.50268994800007, 4.106834914999999],
              [117.50245423200029, 4.106598593999986],
              [117.49945668300016, 4.107370394999985],
              [117.49821999686213, 4.108006995902911],
              [117.49791100000007, 4.108244000000102],
              [117.49782300000007, 4.108510000000084],
              [117.49769097744364, 4.108864017704792],
              [117.49742599999999, 4.109072000000044],
              [117.49455352700019, 4.111299320999904],
              [117.4943184130001, 4.112038467999954],
              [117.49405397100016, 4.112954972999936],
              [117.49428991130416, 4.113605077797042],
              [117.49377482100024, 4.113915846999947],
              [117.49367250800013, 4.1151278519999535],
              [117.49389496363928, 4.117891547291506],
              [117.54609700000006, 4.166875000000022],
              [117.5496109140001, 4.1669702189999525],
              [117.55194200000005, 4.167607000000103],
              [117.55326789900008, 4.168360059999929],
              [117.55366567900013, 4.168699710999966],
              [117.56344181100023, 4.176916293999997],
              [117.56504700000008, 4.177639000000063],
              [117.56691760800014, 4.178288291999919],
              [117.56894981400016, 4.178730211999979],
              [117.56974500000004, 4.178892000000086],
              [117.57336200000009, 4.179409000000098],
              [117.57439296900021, 4.17949713799993],
              [117.58228884000019, 4.177924123999985],
              [117.5917290000001, 4.171972000000043],
              [117.59281800000005, 4.171099000000108],
              [117.59325900000013, 4.170345000000072],
              [117.59334700000014, 4.170168000000082],
              [117.5934989390001, 4.169420384999998],
              [117.5933510000001, 4.168519000000067],
              [117.59277600000004, 4.167766000000114],
              [117.59230399999998, 4.166865000000083],
              [117.59193585200009, 4.166214403999944],
              [117.5917730000001, 4.1659490000000545],
              [117.59124285800013, 4.164899542999954]
            ]
          ],
          [
            [
              [115.16354506100006, 2.927228175000071],
              [115.16638793900009, 2.9269846280000813],
              [115.17540343300006, 2.9302321380001075],
              [115.17870744700005, 2.930851260000086],
              [115.18080717300006, 2.9308220960001163],
              [115.18520854000008, 2.931491471000033],
              [115.21206733599999, 2.9578394960000898],
              [115.22093775400002, 2.9611949880000346],
              [115.22385163099997, 2.960750354000105],
              [115.22611466, 2.9592340700000577],
              [115.23117899400006, 2.959036292000036],
              [115.23456660500005, 2.9595273510000766],
              [115.23964872799999, 2.9630579110000745],
              [115.24872620400002, 2.9810809710000576],
              [115.28619925500001, 3.0468544410000433],
              [115.295085295, 3.039783054000086],
              [115.297485262, 3.040545506000022],
              [115.29837320200009, 3.040622168000059],
              [115.29942473000006, 3.0402405320000128],
              [115.30895673500004, 3.018262423000081],
              [115.31173248200002, 3.01869071600008],
              [115.312220753, 3.018960973000059],
              [115.31570556800004, 3.0186418020000296],
              [115.32670868000005, 2.977954103000066],
              [115.32843039500005, 2.9770041720001172],
              [115.33149303900007, 2.97524649500017],
              [115.34261297600005, 2.977935710000054],
              [115.3442052610001, 2.976797451000021],
              [115.34579116100012, 2.9765688400001125],
              [115.35403399200001, 2.9814923920000815],
              [115.355732932, 2.9809338150000952],
              [115.358205116, 2.9819320980000477],
              [115.35932080500002, 2.981592132000074],
              [115.36683953000014, 2.9822353420000915],
              [115.3681196380001, 2.9818911910000834],
              [115.37073845400006, 2.9811128940001685],
              [115.3718124760001, 2.9805118110000386],
              [115.37960425000007, 2.9848739990001008],
              [115.38188254900001, 2.9816770000000794],
              [115.38670525500008, 2.980998479000071],
              [115.389556545, 2.9797938510000535],
              [115.39270196300002, 2.9795591280000835],
              [115.39361128600004, 2.979691050000074],
              [115.43060818700006, 3.0157001050000822],
              [115.43503537400008, 3.013101118000069],
              [115.4423736140001, 3.0235753380000254],
              [115.44309657500006, 3.023615339000094],
              [115.44465386900004, 3.0231889790000324],
              [115.44953212200006, 3.0247613490001015],
              [115.45454203000008, 3.0274497670000535],
              [115.45755413599998, 3.026038233000058],
              [115.46211075699998, 3.0259837700000816],
              [115.46296842200006, 3.0262068050000615],
              [115.463727766, 3.0257551750000857],
              [115.46438629100014, 3.025497140000052],
              [115.46704094300004, 3.0252135590000364],
              [115.47059323900007, 3.0215763050000923],
              [115.47234106200008, 3.0211302180000423],
              [115.47297903400012, 3.0213074230000947],
              [115.47502292800003, 3.0209535380000787],
              [115.47698766400006, 3.0201794080000646],
              [115.47858633799999, 3.0200285600001067],
              [115.48143817600014, 3.0187408370000526],
              [115.48390173500005, 3.018465266000078],
              [115.48547652700006, 3.0181741720000623],
              [115.48547513800011, 3.0181838930000673],
              [115.49009511800001, 3.025289239000081],
              [115.49041258, 3.0261877840001317],
              [115.4950889180001, 3.029591394000061],
              [115.49746720900008, 3.0278129040001245],
              [115.54025031200004, 3.1433257480000556],
              [115.54337489100011, 3.141065614000147],
              [115.54751767700004, 3.141215023000118],
              [115.54890860500002, 3.1410664190000794],
              [115.55773032200003, 3.172327129000049],
              [115.55525203199997, 3.171532739000046],
              [115.54243680600003, 3.1818472700000235],
              [115.539909639, 3.181592022000043],
              [115.53396765000006, 3.1837996470001384],
              [115.53128605400005, 3.1826102900000954],
              [115.51966189300008, 3.2258423880000855],
              [115.52068897900006, 3.225541572000065],
              [115.52171106600007, 3.2254051920000606],
              [115.52332251900009, 3.2248643990000794],
              [115.5259966110001, 3.2249391060000434],
              [115.53352895600008, 3.226303146000106],
              [115.53130678700008, 3.2372309650000233],
              [115.53076103300013, 3.2408528970001207],
              [115.52824359200011, 3.2410634690000464],
              [115.52662519100015, 3.2412701050000905],
              [115.52619969100012, 3.2413792580001077],
              [115.53565371100004, 3.3199823310000234],
              [115.53613392500006, 3.319854561000021],
              [115.53878496000003, 3.319637049000054],
              [115.53993480600005, 3.319522601000088],
              [115.54485140600006, 3.3276567000001336],
              [115.54549410100003, 3.327711981000089],
              [115.54660006300006, 3.327366160000075],
              [115.54630375300006, 3.3394955390000227],
              [115.5634547300001, 3.3966437280000896],
              [115.57424337300004, 3.4155848190000917],
              [115.58691762600004, 3.449271900000003],
              [115.59042966100002, 3.4478461810000773],
              [115.59273213400002, 3.4475456390000794],
              [115.59792337800002, 3.4433056560001374],
              [115.59926903100006, 3.442911505000076],
              [115.60491218800007, 3.4459268390000766],
              [115.60821258800003, 3.447195890000007],
              [115.62472890400014, 3.408510996000156],
              [115.64292628000007, 3.424636994000071],
              [115.64374617200005, 3.4245617230000605],
              [115.64928295200004, 3.42793784500007],
              [115.65516666700005, 3.4426211850000357],
              [115.64664809300007, 3.4506672660000817],
              [115.64399122000006, 3.45027841200006],
              [115.63268891499999, 3.4770381590001653],
              [115.63098552900009, 3.4771142680001113],
              [115.61569152500013, 3.5038953840000744],
              [115.60211468400006, 3.5774967150000805],
              [115.59934782500011, 3.576509582000117],
              [115.59838100800005, 3.576427923000022],
              [115.59745835200009, 3.576225441000055],
              [115.59495479500006, 3.5769384450000743],
              [115.59432626600002, 3.5767326310001435],
              [115.59270981500003, 3.577009006000096],
              [115.59059731800004, 3.578388063000112],
              [115.59025847500007, 3.578454168000075],
              [115.57742172800012, 3.628572170000041],
              [115.61353276200013, 3.875973108000106],
              [115.61231959100012, 3.875965621000063],
              [115.6089175540001, 3.8780044050001328],
              [115.60484558400006, 3.875324059000093],
              [115.59584376699999, 3.8900974170000913],
              [115.59491500099998, 3.8901688010000903],
              [115.59395429700007, 3.890094376000061],
              [115.58648138000001, 3.885256972000114],
              [115.58113086500006, 3.9399068260000583],
              [115.58317281900008, 3.93934399600003],
              [115.5906957330001, 3.9425751870000383],
              [115.59785977800009, 3.9390088030001413],
              [115.59946012200007, 3.938788263000056],
              [115.60069940100001, 3.938543552000059],
              [115.60711382600007, 3.9393084440001083],
              [115.60991790199999, 3.9392131860000426],
              [115.6154013360001, 3.936699760000092],
              [115.61723359300001, 3.9366653150001296],
              [115.680162516, 4.128365697000088],
              [115.70603735000012, 4.194229323000073],
              [115.71061062800005, 4.192365571000053],
              [115.71701562200012, 4.19399074300005],
              [115.71892953700004, 4.1930875010001],
              [115.727628364, 4.188918596000043],
              [115.74377989700011, 4.212223707000081],
              [115.74568769400005, 4.210574376000039],
              [115.76721772700003, 4.244507383000048],
              [115.76919635500005, 4.244329352000062],
              [115.7709425160001, 4.244547399000073],
              [115.77616626000005, 4.242348665000093],
              [115.78147805500008, 4.242190056000069],
              [115.78436433500006, 4.241691461000116],
              [115.785401694, 4.2414184140000835],
              [115.78740559299999, 4.2410695390001285],
              [115.78958724400002, 4.240924528000075],
              [115.79295511700005, 4.238263573000086],
              [115.79470710500007, 4.238083573000026],
              [115.79581251200004, 4.2379855140000835],
              [115.80201635000007, 4.22064814100008],
              [115.8103563760001, 4.2262902270000815],
              [115.81193366400014, 4.225450567000063],
              [115.81389174000006, 4.225514180000086],
              [115.81574816, 4.22547807000003],
              [115.81680496100005, 4.224650901000068],
              [115.82879646100004, 4.236158069000048],
              [115.82784806200009, 4.263035805000101],
              [115.83496212500002, 4.265297292000078],
              [115.83674522000003, 4.264826214000003],
              [115.84299523000006, 4.2688441920000955],
              [115.84336990200006, 4.268975843000064],
              [115.85375606000002, 4.280559686000127],
              [115.8567240000001, 4.280139443000039],
              [115.85835322500007, 4.279865556000026],
              [115.86891377800006, 4.285875316000073],
              [115.86993919599999, 4.285709766000053],
              [115.87490828500009, 4.295770919000027],
              [115.86697034100011, 4.346267249000032],
              [115.8672566910001, 4.346256693000047],
              [115.8805161690001, 4.392195926000028],
              [115.88249395900006, 4.391711793000116],
              [115.88458479300004, 4.391732620000108],
              [115.88516804800007, 4.3914218050000144],
              [115.88706474100006, 4.391412919000079],
              [115.89197603900008, 4.393081121000129],
              [115.89373885700002, 4.392321170000088],
              [115.900727941, 4.39530957100008],
              [115.90384779600004, 4.392899176000085],
              [115.90675990900002, 4.392558929000042],
              [115.91595667000006, 4.3693472950001],
              [115.91738398000011, 4.3691062040000475],
              [115.92889184500007, 4.3538806200001146],
              [115.930891858, 4.354064767000029],
              [115.93169980700004, 4.3540008860000725],
              [115.93469163400006, 4.354170043000035],
              [115.9357387150001, 4.353605643000055],
              [115.942680578, 4.356697888000024],
              [115.94370377500002, 4.356668712000008],
              [115.94416926699998, 4.356533714000118],
              [115.946010409, 4.356335382000051],
              [115.94788876800007, 4.356062052000084],
              [115.95896618100002, 4.35660278200006],
              [115.96159193500003, 4.3534988480001005],
              [115.97499017200006, 4.357392453000028],
              [115.97542927900007, 4.3575235470001275],
              [115.97712655200007, 4.356963862000004],
              [115.98115462000013, 4.352050102000046],
              [115.98220281500008, 4.351997886000123],
              [115.98278968100013, 4.35178262400003],
              [115.98385064900008, 4.35072993000006],
              [115.98944825000004, 4.3523015140000645],
              [115.99008372100005, 4.352094862000064],
              [115.99455395499999, 4.348884291000075],
              [115.99646647900013, 4.348702912000166],
              [115.99742940400004, 4.348336543000094],
              [115.99953273499999, 4.348048229000131],
              [116.00197685200007, 4.348011262000092],
              [116.00838984800009, 4.335075250000017],
              [116.01423740700004, 4.336251535000088],
              [116.01507951699999, 4.336053216000021],
              [116.02084901600006, 4.332795928000119],
              [116.02479959900008, 4.333165587000018],
              [116.03779969700012, 4.293789291000024],
              [116.03835850900009, 4.293591799000115],
              [116.04277457999999, 4.290991971000032],
              [116.04364196399999, 4.290690604000055],
              [116.04470460000007, 4.290596718000103],
              [116.04781946700005, 4.29077171500015],
              [116.05035468400003, 4.289878446000092],
              [116.05124678700012, 4.289718454000088],
              [116.05138648900004, 4.288979623000063],
              [116.05742039300004, 4.283033113000009],
              [116.05824139500012, 4.2828356270001455],
              [116.060662738, 4.281830151000086],
              [116.06181425200006, 4.281371026000066],
              [116.06649334900005, 4.279631434000105],
              [116.06826700400009, 4.279552564000063],
              [116.07305274800002, 4.277036338000059],
              [116.07439440100009, 4.2767619530000935],
              [116.07797184600007, 4.277802175000143],
              [116.08155945799999, 4.279316982000111],
              [116.08800276000011, 4.304282293000114],
              [116.10919719700004, 4.324574989000038],
              [116.10992129500009, 4.324543792000077],
              [116.11727287400005, 4.3349593270001066],
              [116.11994696200006, 4.333748289000091],
              [116.12150361400006, 4.332612631000096],
              [116.12765446299997, 4.330621667000031],
              [116.1289515980001, 4.32997365100006],
              [116.133270077, 4.3295220850000895],
              [116.14153056400004, 4.337925203000146],
              [116.14305266700003, 4.337568344000107],
              [116.14867023700005, 4.340394872000072],
              [116.15053646200009, 4.339769623000031],
              [116.151959828, 4.339267888000129],
              [116.15346882000006, 4.338511557000032],
              [116.16895432500006, 4.390838284000051],
              [116.177796715, 4.380922601000034],
              [116.18029274300002, 4.380321590000044],
              [116.18066505400009, 4.3802479290000775],
              [116.18329804100007, 4.381148333000059],
              [116.18382905400004, 4.381000682000099],
              [116.186630098, 4.381214101000083],
              [116.18857908500004, 4.380158692000066],
              [116.19231072700008, 4.379912955000073],
              [116.19449334900001, 4.37906780300009],
              [116.19524927400002, 4.378663817000103],
              [116.19701617300002, 4.378326088000048],
              [116.19851105400008, 4.37781492200012],
              [116.20258328100013, 4.373368287000087],
              [116.20365322100011, 4.373137905000166],
              [116.20402164200004, 4.372985996000075],
              [116.21153314099999, 4.378805247000081],
              [116.22061286000012, 4.381556775000103],
              [116.2252788420001, 4.379080070000082],
              [116.22700274900001, 4.378665723000128],
              [116.229809982, 4.37789375500007],
              [116.23177721900007, 4.377871410000086],
              [116.23211089600014, 4.377811381000093],
              [116.23606711800001, 4.37657639100005],
              [116.23618252000006, 4.3766275250001065],
              [116.23841516500013, 4.3766997220000405],
              [116.24004047400005, 4.3760850320000735],
              [116.24250336500009, 4.375781858000081],
              [116.24293411300002, 4.375892068000006],
              [116.24535262300003, 4.37588907900007],
              [116.24709099900006, 4.3749895170001585],
              [116.25289378600004, 4.376426558000133],
              [116.26218045600005, 4.362017335000065],
              [116.26594095499999, 4.362514104000045],
              [116.26681747600003, 4.362448266000104],
              [116.27038336000011, 4.362481670000115],
              [116.27203041699997, 4.362146243000073],
              [116.27613045700001, 4.362290901000051],
              [116.27918676800002, 4.360168146000095],
              [116.29420163900015, 4.372360524000015],
              [116.29712755300004, 4.371530162000056],
              [116.29820865900005, 4.371431580000116],
              [116.30311664000007, 4.369348063000075],
              [116.30559492000012, 4.369196192000032],
              [116.30659172900009, 4.368723830000118],
              [116.3145546760001, 4.371068301000167],
              [116.326972393, 4.383889492000023],
              [116.33140405500005, 4.384572099000148],
              [116.33208501900008, 4.384483789000079],
              [116.33620603000008, 4.385096613000069],
              [116.33838573700004, 4.384219815000087],
              [116.34889471200003, 4.389842873000113],
              [116.35230767200007, 4.388601347000062],
              [116.35449832700013, 4.389113169000044],
              [116.36657438600002, 4.378061304000077],
              [116.37150262500003, 4.37880606900006],
              [116.38770989500006, 4.358569035000079],
              [116.39817423400008, 4.362395691000106],
              [116.41960451300007, 4.326395520000034],
              [116.42925102800011, 4.3296198300000945],
              [116.43605246100002, 4.323108570000031],
              [116.437609724, 4.322447860000075],
              [116.44139006900005, 4.2882159280000245],
              [116.45800360000013, 4.296599739000082],
              [116.46134615100001, 4.2943341010000715],
              [116.49080124999998, 4.3349334860001],
              [116.49376029900012, 4.333489718000102],
              [116.49548534900012, 4.333335295000026],
              [116.49761756600006, 4.333181149000062],
              [116.50769537200009, 4.3242665320001406],
              [116.51129794900008, 4.324444845000105],
              [116.51176094400003, 4.324458456000077],
              [116.51629089700012, 4.325013394000119],
              [116.51804232800008, 4.3247650580000885],
              [116.51837256100013, 4.324680898000096],
              [116.52355298600004, 4.326851256000128],
              [116.52726804500003, 4.326812616000083],
              [116.53472452800005, 4.321137629000158],
              [116.53666315800004, 4.320837370000049],
              [116.53687924000008, 4.320817928000039],
              [116.54098078700007, 4.378090957000089],
              [116.54200953900009, 4.377808479000031],
              [116.544500876, 4.378114847000112],
              [116.54499442200006, 4.378204843000052],
              [116.55592244600008, 4.388689951000021],
              [116.55793550700002, 4.3874378040000686],
              [116.56959112700012, 4.4080983910001015],
              [116.58881081000008, 4.374302590000031],
              [116.59222202400007, 4.374500633000075],
              [116.5967244770001, 4.373199600000074],
              [116.60594089299998, 4.379359798000046],
              [116.60708256000012, 4.379277021000036],
              [116.60987190800007, 4.379232450000078],
              [116.61827880100013, 4.3607926910000785],
              [116.61889760599999, 4.360240510000043],
              [116.6212422340001, 4.337514352000169],
              [116.62594300500011, 4.339868073000094],
              [116.63127562100009, 4.335865597000041],
              [116.63557727500003, 4.337734620000098],
              [116.63669184800005, 4.3372266000000295],
              [116.63760728000004, 4.336360269000114],
              [116.63832329700004, 4.336961608000087],
              [116.63954396700005, 4.336807447000076],
              [116.64114347500006, 4.336480241000138],
              [116.64169867899999, 4.3366249500000755],
              [116.64631862600007, 4.339157803000169],
              [116.65098272300006, 4.336930745000064],
              [116.66853042199996, 4.3513616530001045],
              [116.67070837700014, 4.349559088000085],
              [116.67406371300002, 4.350531362000062],
              [116.67518350700004, 4.3493411710001295],
              [116.67727909000006, 4.3494470590000525],
              [116.68488542100013, 4.340816340000039],
              [116.689562053, 4.34133363000003],
              [116.69361620599999, 4.340515246000084],
              [116.69506203900006, 4.338970171000053],
              [116.697187813, 4.338861551000125],
              [116.70208290200001, 4.334214946000067],
              [116.71286964899998, 4.342665226000072],
              [116.71321499100006, 4.3427069970000645],
              [116.71943539100003, 4.346370146000154],
              [116.71990466100013, 4.346325146000115],
              [116.72627553600003, 4.347673552000039],
              [116.74610571100007, 4.383556330000079],
              [116.7527217920001, 4.390124730000075],
              [116.77616612500002, 4.365071096000047],
              [116.77743623300003, 4.3647294510001124],
              [116.786073922, 4.342120825000059],
              [116.78729903600004, 4.3417800060001035],
              [116.79225420400005, 4.338349430000029],
              [116.79471943100009, 4.338236106000113],
              [116.795026613, 4.3385746880000156],
              [116.80984386500005, 4.350562177000125],
              [116.81300952600004, 4.3494615220000945],
              [116.8162818970001, 4.349481106000027],
              [116.82436980700004, 4.334262243000072],
              [116.82856362500003, 4.33219855300003],
              [116.82993782800004, 4.331243074000021],
              [116.83223693500011, 4.3306540580000465],
              [116.8358135310001, 4.326197552000085],
              [116.83893203200003, 4.326629550000035],
              [116.84009757000001, 4.326314287000063],
              [116.84261542800006, 4.325950489000071],
              [116.851766933, 4.338775064000075],
              [116.85497050700012, 4.338198396000101],
              [116.85561916800005, 4.336766441000059],
              [116.85878552300002, 4.336195814000096],
              [116.85930342800006, 4.336684474000027],
              [116.86418778100008, 4.338612303000019],
              [116.86776419000005, 4.336667887000075],
              [116.87819004700009, 4.347142061000028],
              [116.87914139300003, 4.347100869000084],
              [116.88050865400008, 4.3469495590000875],
              [116.88329061600005, 4.347293016000129],
              [116.91175222100006, 4.366838414000082],
              [116.91300080200007, 4.365928578000119],
              [116.91595760000011, 4.364996041000055],
              [116.92104214499999, 4.3651168950001065],
              [116.92677645600007, 4.361054451000065],
              [116.930554228, 4.360481503000088],
              [116.93335463100007, 4.359041156000018],
              [116.9357744470001, 4.358911651000049],
              [116.93931358100009, 4.356285913000043],
              [116.94642287799999, 4.3588004960000895],
              [116.95073362000007, 4.356419287000111],
              [116.95521693600003, 4.356112554000133],
              [116.95972988600012, 4.346264412000064],
              [116.96147722900001, 4.345714029000089],
              [116.96886315800006, 4.337073777000086],
              [116.977214903, 4.343162851000034],
              [116.98057881800005, 4.341295695000088],
              [116.98355566899998, 4.34097868000006],
              [116.99138388600012, 4.341300503000042],
              [117.00659125700011, 4.347131661000101],
              [117.00687425300008, 4.321341730000125],
              [117.01034253899998, 4.320863541000083],
              [117.01566740100012, 4.32058178800013],
              [117.01848858800012, 4.319406792000077],
              [117.01978970900005, 4.319086334000119],
              [117.02085610100008, 4.31896743600014],
              [117.04362757500012, 4.346679293000108],
              [117.04727392400001, 4.345808304000073],
              [117.05151554600005, 4.345136763000155],
              [117.05502546000002, 4.341765665000117],
              [117.05669975400008, 4.341772709000033],
              [117.057476845, 4.341767960000129],
              [117.05841149800005, 4.341584027000053],
              [117.06149386500009, 4.341578549000044],
              [117.06203021000015, 4.341524689000028],
              [117.06374801000008, 4.341420648000035],
              [117.07131796799999, 4.3373288930000555],
              [117.07358513599999, 4.336223609000086],
              [117.07472509600008, 4.336279297000075],
              [117.07541539100009, 4.335554520000059],
              [117.07792564200012, 4.33598498200006],
              [117.07883921500004, 4.336102360000002],
              [117.07969651700002, 4.3356773910000115],
              [117.08181212300009, 4.335804422000087],
              [117.08274819300009, 4.33539387200009],
              [117.08488146200003, 4.333894840000049],
              [117.08910695600005, 4.3343404380000585],
              [117.08978864200006, 4.333987493000077],
              [117.095166012, 4.335481770000079],
              [117.09607375200007, 4.335227623000101],
              [117.09814633700005, 4.334995419000073],
              [117.10120362300006, 4.333584412000032],
              [117.10493601400006, 4.333259569000112],
              [117.10750478300005, 4.332465579000097],
              [117.11354690000012, 4.335041428000106],
              [117.11547522600006, 4.334649340000038],
              [117.1271956830001, 4.342586043000004],
              [117.12781726600011, 4.34249129600007],
              [117.13744785000007, 4.34500352400001],
              [117.141679616, 4.34309350700007],
              [117.146163537, 4.351101849000102],
              [117.14713971400013, 4.351575115000137],
              [117.1543143450001, 4.353365826000108],
              [117.15483016500006, 4.353141456000106],
              [117.15841293700012, 4.352883625000135],
              [117.16249377000008, 4.345764983000087],
              [117.16648937700009, 4.3461602940000645],
              [117.17045280500011, 4.336981795000025],
              [117.17197079700013, 4.336725395000126],
              [117.17259210400002, 4.3367087270000795],
              [117.17479305900005, 4.336613168000078],
              [117.17792622300013, 4.335699233000042],
              [117.19123945500006, 4.338149039000058],
              [117.19240688100001, 4.336813192000108],
              [117.19427849200007, 4.3366070150001015],
              [117.19601270300011, 4.335636767000025],
              [117.19816027900008, 4.335546382000096],
              [117.19968249200008, 4.335201651000084],
              [117.22110388300004, 4.3606490180000925],
              [117.23164730200004, 4.369834703000016],
              [117.2349026170001, 4.369161417000131],
              [117.24051504100012, 4.371236624000105],
              [117.24172957300007, 4.371082566000059],
              [117.24540625400009, 4.373460181000052],
              [117.24581603300007, 4.3735384010000855],
              [117.24799466000002, 4.373635119000049],
              [117.25971252300012, 4.359132297000098],
              [117.261078591, 4.358789322000098],
              [117.26247737600009, 4.358440311000042],
              [117.29279043300008, 4.313557364000107],
              [117.29386673300004, 4.312447867000099],
              [117.29494803400007, 4.312267209000073],
              [117.2968859140001, 4.311877356000102],
              [117.29907309000005, 4.308822859000102],
              [117.304559946, 4.3107829710000125],
              [117.30571701400008, 4.310630259000078],
              [117.3122631250001, 4.299651672000091],
              [117.31678335700009, 4.299895039000109],
              [117.32204882900011, 4.303446266000086],
              [117.331563747, 4.296177925000041],
              [117.33368582500009, 4.29595165200006],
              [117.33702182400006, 4.295092348000149],
              [117.33787062800003, 4.29497552400003],
              [117.34229233600004, 4.28985945100003],
              [117.34554807100004, 4.290474760000048],
              [117.34602778600004, 4.290642609000081],
              [117.34668167000004, 4.290158256000062],
              [117.34955220400005, 4.2892489280000525],
              [117.35240215700006, 4.289004770000147],
              [117.35294419500005, 4.2889226910001055],
              [117.35570207800006, 4.28909427400018],
              [117.35762790300006, 4.287749229000045],
              [117.36016506500002, 4.287471195000045],
              [117.36306609499998, 4.286517285000077],
              [117.36490284800007, 4.285750226000026],
              [117.36529960100005, 4.285402139000047],
              [117.3693109009749, 4.285998346421613],
              [117.37234141500004, 4.285297723000067],
              [117.38783992000003, 4.257632954000087],
              [117.39749869200003, 4.258053574000073],
              [117.40185663600009, 4.254983125000042],
              [117.4057435340001, 4.254228478000041],
              [117.41012666600002, 4.249592868000093],
              [117.41241774900004, 4.249056013000082],
              [117.41201317500006, 4.23734735600004],
              [117.41570271200007, 4.237005398000124],
              [117.42040827600012, 4.234225983000059],
              [117.42334458000006, 4.234320335000049],
              [117.4246901490001, 4.232864971000069],
              [117.42694390400007, 4.232583597000104],
              [117.42952554800006, 4.224051068000087],
              [117.42776778200002, 4.2238399710001175],
              [117.42660693600007, 4.2238700870001225],
              [117.43506445400014, 4.208265192000024],
              [117.43713381800004, 4.207886493000088],
              [117.43820253600009, 4.2078353260000725],
              [117.43916260100002, 4.2066084430000785],
              [117.44302420400007, 4.191564786000099],
              [117.44495197400013, 4.190838337000077],
              [117.44672448800007, 4.189773468000077],
              [117.44956108400002, 4.19088929900003],
              [117.45008487400003, 4.189825738000095],
              [117.45050109600008, 4.189454266000045],
              [117.45900231000005, 4.17808968800005],
              [117.46168637000008, 4.178258062000037],
              [117.465572404, 4.17517014500007],
              [117.46759230200006, 4.1749197440000465],
              [117.46867215700006, 4.173519791000032],
              [117.46982741999999, 4.173325111000089],
              [117.47486349700003, 4.171765663000112],
              [117.47636421300004, 4.170902140000119],
              [117.47772430800003, 4.169654395000041],
              [117.48131013700008, 4.169694554000078],
              [117.48253255799997, 4.169502093000097],
              [117.48307537400002, 4.169186386000131],
              [117.48396297800002, 4.169263983000113],
              [117.49098796800004, 4.174172973000076],
              [117.492617081, 4.171460235000065],
              [117.49823997400003, 4.171851893000053],
              [117.50080487800005, 4.169170241000039],
              [117.50869610900008, 4.170279878000102],
              [117.51691120500007, 4.1656261930000795],
              [117.51813465300006, 4.165272746000056],
              [117.52480881800001, 4.162723662000132],
              [117.52637969200013, 4.162562228000052],
              [117.5407633164185, 4.1709269911526325],
              [117.54536800000004, 4.166875000000022],
              [117.49159800000007, 4.117774000000093],
              [117.49149400000007, 4.116637000000075],
              [117.491037, 4.115366000000073],
              [117.49086000000003, 4.114938000000143],
              [117.49041700000014, 4.112913000000059],
              [117.49018167300022, 4.112617432999985],
              [117.48947477900018, 4.112292714999941],
              [117.4891060000001, 4.112308000000006],
              [117.48870900000013, 4.1122340000001],
              [117.48671399999999, 4.110636000000042],
              [117.48387200000003, 4.11035700000005],
              [117.48320993700015, 4.110549394999938],
              [117.48144377600022, 4.111481589999975],
              [117.48000100000003, 4.112281000000081],
              [117.47741800000009, 4.113704000000048],
              [117.47599075900014, 4.114591383999975],
              [117.4747248890002, 4.1150946599999605],
              [117.47103000000001, 4.116442000000106],
              [117.46988200000007, 4.116857000000116],
              [117.4661060000001, 4.118417000000093],
              [117.46332400000004, 4.119438000000105],
              [117.46261787800024, 4.119955571999898],
              [117.45963770700023, 4.121114476999952],
              [117.45921078100007, 4.121203406999938],
              [117.456988, 4.12200300000006],
              [117.45475063600016, 4.122816989999953],
              [117.45383800000005, 4.123350000000045],
              [117.45289599694175, 4.123763992396454],
              [117.4524540000001, 4.123942000000088],
              [117.4489135210002, 4.125424022999922],
              [117.4481482930002, 4.1260895479999204],
              [117.44630800000007, 4.126564000000097],
              [117.44551300000002, 4.12678600000008],
              [117.44508600000003, 4.127067000000103],
              [117.43626100000003, 4.131247000000147],
              [117.41575365500012, 4.140978148999994],
              [117.41515000000007, 4.141437000000078],
              [117.41494490300025, 4.14297387099992],
              [117.4157259095492, 4.144022947667856],
              [117.41652100000009, 4.14456900000005],
              [117.41970087845594, 4.145715145990656],
              [117.41864182400016, 4.146986928999961],
              [117.41792000000011, 4.146973000000095],
              [117.41605050600016, 4.147047417999992],
              [117.41493100000007, 4.146945000000088],
              [117.4143129740002, 4.146752728999945],
              [117.41337000000014, 4.146236000000044],
              [117.41238369500017, 4.145807824000012],
              [117.41034399999997, 4.145513000000086],
              [117.40994660500023, 4.14554264799992],
              [117.40745800000002, 4.146313000000155],
              [117.40678100000004, 4.146387000000104],
              [117.40451400000005, 4.146521000000089],
              [117.40313053908712, 4.146373900692022],
              [117.40148752400012, 4.146019851999969],
              [117.39919000000008, 4.145711000000038],
              [117.39792400000013, 4.145608000000042],
              [117.39715852700023, 4.145489966000002],
              [117.3963928870002, 4.145460784999986],
              [117.3948743537805, 4.145574994255461],
              [117.39122219800002, 4.13571731000005],
              [117.39308100000008, 4.134963000000077],
              [117.41383600000006, 4.1212180000000345],
              [117.4186390000001, 4.111374000000132],
              [117.41792700000008, 4.10898800000011],
              [117.413084849, 4.107367711000073],
              [117.41945800000009, 4.094385000000042],
              [117.42081985700025, 4.094456316999948],
              [117.4230230000001, 4.094563000000026],
              [117.42477800000009, 4.094418000000108],
              [117.42685600000007, 4.094255000000121],
              [117.42755466399998, 4.094147044999938],
              [117.43268780000024, 4.093352133999981],
              [117.43342200000005, 4.0931180000001035],
              [117.43712899999998, 4.091767000000054],
              [117.43813200000002, 4.091461000000049],
              [117.44414200000008, 4.089475000000039],
              [117.46166900000006, 4.084281000000075],
              [117.46462400000004, 4.083632000000112],
              [117.4670419970002, 4.083235075],
              [117.46763292100015, 4.0829290359999915],
              [117.46912089300025, 4.0824351519999835],
              [117.46934600000012, 4.081982000000014],
              [117.4695840000001, 4.081301000000067],
              [117.46973493700015, 4.081238265999985],
              [117.46991081200015, 4.081616011999976],
              [117.47051295800014, 4.081540088999911],
              [117.47076300000003, 4.080873000000093],
              [117.4724180000001, 4.079867000000078],
              [117.47273800000002, 4.079163000000094],
              [117.47287000000003, 4.078869000000015],
              [117.47288200000004, 4.07857900000009],
              [117.47273170800023, 4.07833964599996],
              [117.4722290000001, 4.077924000000074],
              [117.47202873900024, 4.077352592999914],
              [117.47172700000013, 4.077000000000094],
              [117.47216500000005, 4.074468000000117],
              [117.47231500000011, 4.074065000000079],
              [117.47408200000002, 4.070739000000042],
              [117.47383100000005, 4.070450000000022],
              [117.47346700000003, 4.069498000000035],
              [117.47277700000005, 4.069285000000086],
              [117.47250100000005, 4.0690830000001155],
              [117.47241298500015, 4.068642429999989],
              [117.47212416300023, 4.068176589999992],
              [117.47188572900022, 4.068075965999927],
              [117.47142198600581, 4.068113988399644],
              [117.47134600000004, 4.068051000000125],
              [117.47120800000009, 4.067774000000077],
              [117.47095695300011, 4.067383790999943],
              [117.47034000000012, 4.066134000000051],
              [117.46893300000015, 4.063452000000054],
              [117.46793699999998, 4.0558140000000655],
              [117.46798700000012, 4.055411000000028],
              [117.46798600000004, 4.053815000000046],
              [117.46778500000002, 4.052518000000158],
              [117.46724500000002, 4.051486000000124],
              [117.46681800000012, 4.050453000000051],
              [117.46647893800014, 4.049722821999988],
              [117.46612700000006, 4.049232000000099],
              [117.46475700000012, 4.047654000000097],
              [117.46237200000004, 4.045413000000039],
              [117.46205851400006, 4.045249440999963],
              [117.46144300000002, 4.044797000000098],
              [117.46075300000004, 4.0445700000001],
              [117.46043980000015, 4.044595415999939],
              [117.46014396400018, 4.044782647999976],
              [117.46005500000001, 4.045946000000086],
              [117.45941100000002, 4.046703000000104],
              [117.45927900000002, 4.046710000000061],
              [117.45779900000005, 4.046699000000039],
              [117.45653199867309, 4.047051998774207],
              [117.45620600000004, 4.047380000000075],
              [117.45502600000012, 4.045957000000064],
              [117.45541400000006, 4.0448740000000285],
              [117.45552699727436, 4.0443319994335125],
              [117.45570200000009, 4.043979000000139],
              [117.45621600000007, 4.042606000000134],
              [117.45635395400022, 4.042404326999924],
              [117.45634100000011, 4.041901000000067],
              [117.45529700000006, 4.041152000000089],
              [117.45321300000003, 4.038584000000109],
              [117.45276100000002, 4.037929000000093],
              [117.45263576600024, 4.03762670299995],
              [117.45237200000008, 4.037438000000101],
              [117.45049800000001, 4.035393000000095],
              [117.44963200000004, 4.034222000000063],
              [117.44892899300014, 4.033327970999987],
              [117.4485520000001, 4.033001000000066],
              [117.44778600000006, 4.032019000000129],
              [117.44631500000003, 4.029242000000085],
              [117.44444300000012, 4.025636000000063],
              [117.44429200000006, 4.024931000000084],
              [117.4435120000001, 4.021959000000027],
              [117.44329900000005, 4.021254000000049],
              [117.44292200000004, 4.020397000000106],
              [117.44212799360848, 4.018060004348398],
              [117.437622971, 4.013057286000063],
              [117.44028799999998, 4.00381100000001],
              [117.44056400000008, 4.002879000000078],
              [117.44230000000009, 4.000718000000067],
              [117.44458500000006, 3.9988160000000796],
              [117.44676500000004, 3.996810000000014],
              [117.44829400000008, 3.993831000000089],
              [117.44817800000007, 3.9912110000001135],
              [117.44788500000007, 3.9905970000001147],
              [117.4480870000001, 3.9888500000001192],
              [117.44823085900019, 3.9892122719999845],
              [117.45066687500014, 3.989887188999961],
              [117.45415983100021, 3.9875003320000024],
              [117.45456782700005, 3.986967304999953],
              [117.45495500000001, 3.9861410000001065],
              [117.45518800000002, 3.985318000000091],
              [117.45555000000003, 3.977551000000087],
              [117.45621000000003, 3.9760230000000476],
              [117.45678700000006, 3.9743700000000572],
              [117.45864297332577, 3.9694950484088976],
              [117.46259400000012, 3.9650150000000686],
              [117.46329200000005, 3.9632610000000703],
              [117.46455600000002, 3.9586120000000804],
              [117.46449000000005, 3.957647000000083],
              [117.46457700000006, 3.9572960000000847],
              [117.46400900000005, 3.9553350000000123],
              [117.46248100000001, 3.9528490000001106],
              [117.46166200000002, 3.9500430000000675],
              [117.45981100000007, 3.946697000000107],
              [117.45892600000003, 3.945238000000092],
              [117.45739789800017, 3.9423676229999627],
              [117.45668700000014, 3.940706000000147],
              [117.4558900000001, 3.9375540000000733],
              [117.456082, 3.9349850000000544],
              [117.45719900000005, 3.9312580000000565],
              [117.45802799999998, 3.928741000000077],
              [117.46764400000008, 3.9243990000000863],
              [117.46839099999997, 3.9242320000000355],
              [117.47353200000009, 3.922773000000155],
              [117.47449500000009, 3.9224220000000223],
              [117.47627200000014, 3.921804000000093],
              [117.47876300000009, 3.920535000000122],
              [117.48151200000008, 3.918809000000042],
              [117.48410199999998, 3.91712300000012],
              [117.4845340000001, 3.9168060000000473],
              [117.48493282500016, 3.9164721500000033],
              [117.48714100000007, 3.9150030000000804],
              [117.48898472046749, 3.9141011313467677],
              [117.49031325200009, 3.9135833509999918],
              [117.49382700000002, 3.9129090000001057],
              [117.49630199999999, 3.9128240000000893],
              [117.50224958900014, 3.913370999999919],
              [117.50555059000007, 3.9142869549999437],
              [117.50676300000009, 3.914486000000114],
              [117.50714551800013, 3.914769662000004],
              [117.510402, 3.9164020000001045],
              [117.51151570900015, 3.917068852999903],
              [117.51542081100014, 3.9195182819999763],
              [117.51888500000005, 3.9216730000000446],
              [117.52159400000002, 3.9228730000000347],
              [117.52187699999999, 3.9231400000000107],
              [117.52821600000001, 3.924937000000103],
              [117.53102378400017, 3.925002074999937],
              [117.53999700000008, 3.922813000000044],
              [117.54368400000007, 3.921426000000036],
              [117.55565966800017, 3.916307218999946],
              [117.5579346650002, 3.9152883039999287],
              [117.5623680000001, 3.9126330000000955],
              [117.56339699999998, 3.911782000000116],
              [117.56689191600015, 3.9083842079999576],
              [117.56762200000006, 3.907533000000093],
              [117.568700936, 3.906081141000004],
              [117.5692649940002, 3.9050299939999844],
              [117.56947999999997, 3.9042290000000115],
              [117.57042599999998, 3.9029280000001023],
              [117.5723360000001, 3.89953400000008],
              [117.57268499700004, 3.898966078999986],
              [117.57286700000007, 3.898082000000066],
              [117.57306600000001, 3.8979320000000897],
              [117.57331499499327, 3.897397997511951],
              [117.57361383600006, 3.8970472619999397],
              [117.57575400000012, 3.893793000000154],
              [117.58706600000002, 3.881540000000058],
              [117.59102600000003, 3.879496000000046],
              [117.591673, 3.8784120000000613],
              [117.59242100000007, 3.8786110000000953],
              [117.593749, 3.8780430000000834],
              [117.59818900000002, 3.87660500000003],
              [117.6003810000001, 3.8758860000001363],
              [117.601128, 3.875669000000034],
              [117.60194200000004, 3.875568000000026],
              [117.60345352300023, 3.8752001289999205],
              [117.60838099999998, 3.8743620000000725],
              [117.61138700000001, 3.873993000000051],
              [117.61916075100027, 3.873687124999967],
              [117.62659500000004, 3.873948000000013],
              [117.62913680200022, 3.8740962939999823],
              [117.63299858500017, 3.874594032999954],
              [117.63545700000009, 3.8749090000000344],
              [117.63906156900028, 3.875123269999956],
              [117.64027400000012, 3.8751720000001235],
              [117.64578200000005, 3.8756850000001597],
              [117.65006800000002, 3.8763490000000758],
              [117.65128100000003, 3.876615000000058],
              [117.65989582499998, 3.878281266999948],
              [117.663035, 3.8787290000000887],
              [117.66615199900016, 3.878910349999951],
              [117.67599900000008, 3.87605600000008],
              [117.6979180000001, 3.864559000000053],
              [117.702494, 3.861171000000038],
              [117.70958200000008, 3.8546930000000614],
              [117.71117100000002, 3.852954000000061],
              [117.71354100000009, 3.850237000000053],
              [117.71774900000001, 3.845672000000131],
              [117.71967400000003, 3.8439640000000743],
              [117.72048786800015, 3.8431072839999336],
              [117.72055000000003, 3.8421490000000915],
              [117.72039700000008, 3.8413830000000395],
              [117.72062600000002, 3.8410880000001013],
              [117.72093100000004, 3.840858000000167],
              [117.7221275820002, 3.8410870119999307],
              [117.72230576200002, 3.841137972999973],
              [117.72304300000008, 3.8408050000000884],
              [117.72362800000008, 3.8403960000001325],
              [117.72413700000008, 3.839999000000102],
              [117.72661000000006, 3.83866300000005],
              [117.72682657600015, 3.8385352679999185],
              [117.72835300000004, 3.8381250000000335],
              [117.7302869370002, 3.8378550879999507],
              [117.73181350700011, 3.837483222000002],
              [117.73368400000007, 3.8302650000000638],
              [117.73305890100005, 3.828195457999981],
              [117.73218900000009, 3.82296400000007],
              [117.73208700000009, 3.8222360000000988],
              [117.7320990000001, 3.8216220000000547],
              [117.73190700000012, 3.820639000000078],
              [117.73185600000008, 3.8202680000000235],
              [117.73178900000003, 3.8163630000000417],
              [117.731852, 3.8156340000000313],
              [117.73171200000006, 3.8152640000000595],
              [117.73288179400014, 3.810747126999945],
              [117.73319100000003, 3.8106380000000186],
              [117.73801000000006, 3.8067550000000807],
              [117.74019000000014, 3.803940000000047],
              [117.74142800000007, 3.8030680000000174],
              [117.7477650000001, 3.8001170000000997],
              [117.74918945600021, 3.7998982369999856],
              [117.75039674800017, 3.799726185999961],
              [117.7508147550002, 3.7997880070000134],
              [117.77028386600003, 3.790757109000018],
              [117.77849500000005, 3.7861030000001383],
              [117.77860900000006, 3.785902000000071],
              [117.77819000000012, 3.779188000000108],
              [117.77859600000014, 3.777475000000038],
              [117.778487, 3.7756130000000745],
              [117.77858200000004, 3.775217000000083],
              [117.77859299999997, 3.7742800000000933],
              [117.77871200000006, 3.773728000000073],
              [117.77881800000003, 3.771512000000129],
              [117.7786620000001, 3.7707670000001725],
              [117.77867400000002, 3.770443000000099],
              [117.77853900000004, 3.7685420000000605],
              [117.77853900000004, 3.768372000000028],
              [117.7830160000001, 3.7694350000000965],
              [117.78584700000013, 3.768679000000116],
              [117.78609600000003, 3.7684190000000974],
              [117.78768399999997, 3.766580000000083],
              [117.78790500000005, 3.766292000000057],
              [117.788542, 3.7655030000000558],
              [117.78875400000004, 3.7652710000000447],
              [117.7909648190002, 3.7628872659999457],
              [117.79257900000007, 3.7603060000001554],
              [117.78217409000008, 3.7559061289999063],
              [117.77530670400013, 3.7588666739999033],
              [117.77461100000002, 3.758984000000062],
              [117.77384599500024, 3.7590426429999857],
              [117.77356788400014, 3.759217558999981],
              [117.77290700000007, 3.759649000000106],
              [117.77261700000005, 3.7595680000000655],
              [117.77214153300017, 3.758916077999994],
              [117.76983483300009, 3.7595585479999505],
              [117.76839770800011, 3.760188597999945],
              [117.76171461500022, 3.762337793999957],
              [117.76055552600015, 3.7627347229999364],
              [117.75865900000007, 3.7636020000000627],
              [117.75666563500018, 3.764011137999943],
              [117.75573865100003, 3.764652372999975],
              [117.75540264400003, 3.764920485999954],
              [117.75452165500015, 3.7651308499999514],
              [117.75198893300002, 3.765728733999949],
              [117.74938000000006, 3.7658830000000556],
              [117.74722389300011, 3.7660239509999505],
              [117.73965794500018, 3.766986722999941],
              [117.739056, 3.767046000000093],
              [117.73573257000011, 3.7672344329999197],
              [117.73180283700022, 3.7681809379999853],
              [117.73051600000005, 3.7683690000000913],
              [117.72809862000024, 3.7686039019999873],
              [117.72776249400013, 3.7687439130000255],
              [117.72481794700013, 3.769293657999948],
              [117.72373976600026, 3.769422651999963],
              [117.72258054500018, 3.769703075999984],
              [117.71808882900025, 3.7704544729999823],
              [117.71741600000007, 3.770572000000069],
              [117.710998, 3.7717650000001015],
              [117.70974599999997, 3.7720340000000654],
              [117.70847094600009, 3.7721508440000084],
              [117.70526549800007, 3.772852956999926],
              [117.7033529070002, 3.7735065940000068],
              [117.6994520000001, 3.773372000000016],
              [117.6884329140001, 3.7766774609999976],
              [117.68801500000006, 3.776911000000047],
              [117.68765638000006, 3.777062350999958],
              [117.68382481700012, 3.7788156209999846],
              [117.67887500000009, 3.7811490000000916],
              [117.67677265000025, 3.7823994779999515],
              [117.67337684800012, 3.7843118129999054],
              [117.67082536200012, 3.7858198090001096],
              [117.669800866, 3.7864606769999787],
              [117.66863029100013, 3.7871136720000065],
              [117.66511783500022, 3.788152746000004],
              [117.66463094457454, 3.788245991112613],
              [117.66496723310472, 3.784516884945286],
              [117.66806800000005, 3.782757000000089],
              [117.66956000000005, 3.7813180000000415],
              [117.67101000000002, 3.7789140000000856],
              [117.67299300000005, 3.7772690000000466],
              [117.6733200000001, 3.776632000000099],
              [117.67393200000004, 3.7757930000000917],
              [117.67451300000005, 3.7751600000000742],
              [117.67483200000007, 3.7749460000000425],
              [117.68009900000003, 3.771114000000061],
              [117.6827770000001, 3.769304000000182],
              [117.68339074500008, 3.7689131999999104],
              [117.6840040000001, 3.7684400000000586],
              [117.68633495300016, 3.7674113139999887],
              [117.68694800000006, 3.767144000000119],
              [117.68792980200013, 3.766691076999993],
              [117.68919700000006, 3.7660740000000494],
              [117.69634800000004, 3.7630590000000765],
              [117.7014808200002, 3.7611442999999722],
              [117.70430288000001, 3.760423045999981],
              [117.70465000000004, 3.760279000000142],
              [117.70577500000005, 3.7599700000001093],
              [117.7172230000001, 3.756475000000168],
              [117.72192100000005, 3.7551760000000236],
              [117.72292300000001, 3.754226000000158],
              [117.72376798400012, 3.753347314999931],
              [117.72552500000009, 3.7538450000000303],
              [117.72834900000007, 3.7527610000000458],
              [117.72961000000014, 3.752458000000022],
              [117.72992500000008, 3.7523280000001016],
              [117.732073, 3.75150600000008],
              [117.73296100000002, 3.7511600000000946],
              [117.73443600000012, 3.750540000000089],
              [117.735668, 3.7501220000001423],
              [117.73638400000009, 3.750035000000093],
              [117.73731557300017, 3.749991089999969],
              [117.73785973400017, 3.74971725199996],
              [117.74177875700015, 3.7478833029999192],
              [117.74521600000006, 3.746988000000048],
              [117.74571699561253, 3.7466859927330765],
              [117.74631883300019, 3.746383085999958],
              [117.75753893900004, 3.7421100749999914],
              [117.76526900000013, 3.7393070000000996],
              [117.76601385294533, 3.73860113935661],
              [117.79224500000005, 3.729407000000048],
              [117.79737300000015, 3.726973000000008],
              [117.80898596398181, 3.7217960145217033],
              [117.81020797400005, 3.7219032159999754],
              [117.81123263100018, 3.7218661570000178],
              [117.81374900000002, 3.721683000000006],
              [117.81421668700017, 3.7217370119999904],
              [117.81475600000012, 3.721881000000046],
              [117.81735200000006, 3.7192750000000743],
              [117.818574, 3.7186960000000404],
              [117.81986700000004, 3.7170700000000636],
              [117.81957792487933, 3.715174139924602],
              [117.82305100000006, 3.7130140000000225],
              [117.8264620000001, 3.705581000000077],
              [117.82642491900008, 3.70397434799997],
              [117.82022200000003, 3.7031320000000845],
              [117.81923400000008, 3.7038550000001313],
              [117.81595587300019, 3.704146584999921],
              [117.81410370240445, 3.7033178088775243],
              [117.81325799999998, 3.702831000000092],
              [117.81088386900011, 3.7012804839999225],
              [117.80621800000004, 3.698371000000108],
              [117.80335800000002, 3.6965680000000525],
              [117.80191899999997, 3.6955220000000146],
              [117.79342192300028, 3.689635897999941],
              [117.78868464100009, 3.6877395619999787],
              [117.78645566800013, 3.6878498699999573],
              [117.78562900000011, 3.6883020000001068],
              [117.78465870918541, 3.6883209328890088],
              [117.77854898900017, 3.6868483659999596],
              [117.77672074308728, 3.6881201048979717],
              [117.76866084900011, 3.682159547000139],
              [117.76850200000003, 3.680520000000107],
              [117.7686210000001, 3.6795200000000996],
              [117.76971700000001, 3.675617000000062],
              [117.76782700000004, 3.6724820000000626],
              [117.76724200000004, 3.670965000000045],
              [117.76617700000011, 3.669708000000046],
              [117.76332296800015, 3.669186499000019],
              [117.76273954700002, 3.6692214679999813],
              [117.76172694309547, 3.6686538289554127],
              [117.76031600000013, 3.664570000000097],
              [117.76117391843162, 3.6642760279501507],
              [117.76187700000006, 3.6641890000001034],
              [117.76333500000007, 3.663619000000015],
              [117.76405798451323, 3.662645763824499],
              [117.76400599400017, 3.6618527369999354],
              [117.76336991900013, 3.6605088739999436],
              [117.76259700000003, 3.659924000000089],
              [117.76204800000008, 3.659924000000089],
              [117.76167000000007, 3.6599070000001035],
              [117.76143000000002, 3.6595800000000933],
              [117.76206399999998, 3.6586310000000424],
              [117.76085900000011, 3.655834000000077],
              [117.75984690600013, 3.6557659599999104],
              [117.75931499999999, 3.6559910000000997],
              [117.75893700000006, 3.6560940000000954],
              [117.75586000000011, 3.6530950000000253],
              [117.7545028880001, 3.65132068299999],
              [117.75302100000013, 3.649453000000044],
              [117.75130100000003, 3.6443530000000415],
              [117.75068200000014, 3.642767000000088],
              [117.74902972400014, 3.641121775999987],
              [117.74748400000013, 3.6400030000000996],
              [117.74650500000004, 3.638952000000092],
              [117.74559552400011, 3.638418554999965],
              [117.74241297000005, 3.6362108920000002],
              [117.74093700000003, 3.636040000000115],
              [117.73990699999999, 3.635972000000084],
              [117.73927200000003, 3.6356450000000287],
              [117.73896300000004, 3.635352000000033],
              [117.73817343000009, 3.634904424999994],
              [117.7371260000001, 3.634130000000088],
              [117.73452761000024, 3.633163394000003],
              [117.73334300000009, 3.632992000000076],
              [117.7327084950001, 3.632940813999972],
              [117.73143850400008, 3.632735011999997],
              [117.73025455800018, 3.6328393849999285],
              [117.72831600000009, 3.6335310000000867],
              [117.72671458100011, 3.6344324979999376],
              [117.72529100000008, 3.635761000000034],
              [117.72470800000008, 3.6359340000000486],
              [117.72376449700019, 3.6362102189999446],
              [117.7229585450002, 3.6369175540000276],
              [117.71928152200016, 3.6385097089999574],
              [117.718029, 3.6390970000000102],
              [117.7173260000001, 3.6397700000000945],
              [117.71700000000013, 3.6401150000001294],
              [117.71658873100003, 3.640183770000003],
              [117.71540400000005, 3.639323000000058],
              [117.71564300000001, 3.6382370000000854],
              [117.71586599999999, 3.6378060000000403],
              [117.71613900000003, 3.635841000000081],
              [117.71598300000008, 3.6345480000000343],
              [117.71404000000008, 3.6311780000000873],
              [117.71247890600016, 3.630885849999941],
              [117.71216999999999, 3.631024000000046],
              [117.71032500000001, 3.6313890000000484],
              [117.70975900000008, 3.631510000000069],
              [117.70874580000019, 3.6303904339999837],
              [117.7079559720002, 3.629770547999942],
              [117.70459260900027, 3.6297387149999727],
              [117.7030308190001, 3.629412446999978],
              [117.70253328899997, 3.629550716999961],
              [117.69890396300006, 3.629122486999967],
              [117.69648400000001, 3.62862500000006],
              [117.69566000000005, 3.6284530000001283],
              [117.6947160000001, 3.628178000000023],
              [117.69418400000005, 3.628023000000077],
              [117.68919876400014, 3.626904730999967],
              [117.68648700000003, 3.6263730000000685],
              [117.68555998600016, 3.625735427999941],
              [117.68461595700012, 3.625408654999993],
              [117.68391263374333, 3.625305821264333],
              [117.68270353500016, 3.62471551799993],
              [117.67767400000002, 3.6225820000001043],
              [117.67685000000006, 3.6225480000000445],
              [117.67476551500026, 3.621252478000012],
              [117.67382100000009, 3.6203400000000974],
              [117.67071300000005, 3.6182560000001054],
              [117.66935700000012, 3.617396000000003],
              [117.668224, 3.616535000000084],
              [117.66748600000004, 3.6162080000001176],
              [117.66322128300023, 3.615379907999947],
              [117.66169399999998, 3.6155540000000954],
              [117.65826285400021, 3.6164004899999247],
              [117.6576795490001, 3.616573281999922],
              [117.65690796900012, 3.6174184229999495],
              [117.65267877000022, 3.6191308079999684],
              [117.64626299461113, 3.621306989289095],
              [117.64557599999996, 3.621308000000031],
              [117.64473522400021, 3.6211876529999776],
              [117.64079770500013, 3.6214327339999164],
              [117.64012853500017, 3.621519392999981],
              [117.6367140000001, 3.622022000000044],
              [117.63616500000005, 3.6221600000000933],
              [117.63503269100025, 3.622471000999936],
              [117.63049299999997, 3.622699000000104],
              [117.62989295000015, 3.622819643999917],
              [117.6254835270001, 3.623839677000027],
              [117.62515700000007, 3.6235820000000665],
              [117.6238874890002, 3.6235994589999576],
              [117.61835300000004, 3.6244670000000623],
              [117.61492100000011, 3.6246070000000543],
              [117.61354859400016, 3.6247457400000327],
              [117.61286200000009, 3.625057000000073],
              [117.60852785400006, 3.625421882999933],
              [117.60670900000001, 3.625613000000069],
              [117.60175000000004, 3.6264610000000665],
              [117.59676600000004, 3.626724000000067],
              [117.59616456100021, 3.62687900299997],
              [117.59240696300016, 3.6276226689999502],
              [117.59130895000027, 3.6280025869999433],
              [117.59034819700017, 3.6283134829999986],
              [117.58988497900013, 3.6285033849999015],
              [117.58774900000004, 3.629113000000114],
              [117.586411, 3.629769000000035],
              [117.58486706100017, 3.630390049999952],
              [117.58404361400015, 3.630787024000024],
              [117.58330586900013, 3.6310115839999524],
              [117.58253387900012, 3.631356823000007],
              [117.5779459790002, 3.633518015999946],
              [117.57286800000007, 3.636090000000123],
              [117.57247351800004, 3.636193203999958],
              [117.571461, 3.636694000000137],
              [117.57062083100021, 3.6372286000000065],
              [117.56694200000003, 3.6393740000001484],
              [117.56400875900025, 3.641047463999967],
              [117.56291093300018, 3.6417548619999662],
              [117.5625160000001, 3.6419970000001056],
              [117.55940400000009, 3.6435390000001036],
              [117.55835794800015, 3.6444526449999826],
              [117.55588800000005, 3.6463850000000377],
              [117.5546528940001, 3.6471438959999025],
              [117.55400100000007, 3.647748000000103],
              [117.55205690500024, 3.6492537379999446],
              [117.55147384438881, 3.6499090911928134],
              [117.55114791200009, 3.6500988929999734],
              [117.54874658300018, 3.6520481279999606],
              [117.54797478800009, 3.6527725529999477],
              [117.54730589900016, 3.6533934869999873],
              [117.54686100000004, 3.6538590000001347],
              [117.54577464600013, 3.6550742609999665],
              [117.5435620000001, 3.6570410000000244],
              [117.54309900000007, 3.6576620000001148],
              [117.54282467600011, 3.657902898999974],
              [117.54237862000015, 3.6581272539999743],
              [117.54145200000004, 3.6590420000000314],
              [117.54116091000022, 3.659300100999938],
              [117.54004178700016, 3.6601849949999687],
              [117.538944, 3.6610650000000824],
              [117.53745161200017, 3.6620998489999534],
              [117.53717700000009, 3.6623760000000196],
              [117.53691992200014, 3.6625827959999446],
              [117.53585100000006, 3.663915000000081],
              [117.53305484700017, 3.6655367580000187],
              [117.53233430800016, 3.6658991719999845],
              [117.5316650000001, 3.6664690000001476],
              [117.53001878200024, 3.667968973],
              [117.52914379300013, 3.668365934999982],
              [117.52761100000014, 3.669509000000101],
              [117.52701070800022, 3.669922523999989],
              [117.52613572500003, 3.6703367259999764],
              [117.52551800000006, 3.6708720000000774],
              [117.52510649300022, 3.671095746999895],
              [117.5236140000001, 3.6720280000001138],
              [117.51597256700023, 3.678726979999989],
              [117.51178200000005, 3.6829600000000653],
              [117.51126781500007, 3.683476862999977],
              [117.50994764300017, 3.6856839499999827],
              [117.50903750000018, 3.6880871289999595],
              [117.50783800000013, 3.691622000000091],
              [117.50737500000002, 3.6922600000001218],
              [117.5059160000001, 3.6952830000000914],
              [117.50179787888425, 3.7028940911672725],
              [117.50088874500017, 3.7039117919999454],
              [117.50006560900027, 3.7050326589999605],
              [117.49980835900013, 3.7053603049999806],
              [117.49575649600015, 3.7094894889999486],
              [117.49520774800023, 3.710265469000027],
              [117.49467600000001, 3.7107660000000955],
              [117.4930635950002, 3.7122316749999973],
              [117.4910175500002, 3.7137211189999553],
              [117.4892334460001, 3.7150838289999966],
              [117.488101, 3.7157570000000497],
              [117.48715700000005, 3.716154000000035],
              [117.48662554200014, 3.7164470059999877],
              [117.48633385400008, 3.7165850539999523],
              [117.4859220000001, 3.7168270000001193],
              [117.48784173774177, 3.718229812532612],
              [117.48775877400011, 3.718317850000105],
              [117.48581800000011, 3.720368000000093],
              [117.48343200000014, 3.719525000000065],
              [117.48185999258702, 3.718663007957743],
              [117.48137900000009, 3.7182150000000327],
              [117.480984, 3.7174740000000064],
              [117.47990264600007, 3.7167337109999954],
              [117.47928466900018, 3.7164755029999474],
              [117.47751600000004, 3.715322000000163],
              [117.47708700000007, 3.714977000000083],
              [117.47581599999997, 3.714185000000011],
              [117.47543897700022, 3.713943750999902],
              [117.47516400000002, 3.7138230000000796],
              [117.47468351200024, 3.7133063849999237],
              [117.47280830700008, 3.7123173819998945],
              [117.47237900000007, 3.7121110000000925],
              [117.4698040000001, 3.7109920000000542],
              [117.46886000000006, 3.710682000000073],
              [117.46454300000009, 3.708925000000093],
              [117.44647356800027, 3.7028765509999984],
              [117.44370965500012, 3.7011887009999667],
              [117.44338300000008, 3.7008960000000393],
              [117.44109598500013, 3.6986154539999516],
              [117.44046, 3.697530000000068],
              [117.43908600000009, 3.6946350000000763],
              [117.43796700000004, 3.690800000000113],
              [117.43753795500017, 3.6904377929999432],
              [117.43688573000021, 3.690282984999924],
              [117.43404762800013, 3.691439250000026],
              [117.43294989000007, 3.6927325729999216],
              [117.43255500000008, 3.6931120000000064],
              [117.43050102700013, 3.690945025000122],
              [117.42886300000013, 3.6881840000001134],
              [117.42936000000013, 3.687167000000077],
              [117.42958297800011, 3.686080681999946],
              [117.42744900000002, 3.6832830000000563],
              [117.42506200000005, 3.6807500000001303],
              [117.42452998622205, 3.6796298322334087],
              [117.42439200000004, 3.6785440000000804],
              [117.42435700000007, 3.6776990000000644],
              [117.42514500000007, 3.674692000000043],
              [117.42533386941805, 3.673950300338489],
              [117.4262080000001, 3.673054000000139],
              [117.42737500000011, 3.6722600000000796],
              [117.42788997300019, 3.67200132899995],
              [117.43506300000001, 3.671222000000082],
              [117.4365217200002, 3.6710490999999434],
              [117.438924, 3.6704960000000533],
              [117.43986783209596, 3.67022006881331],
              [117.44309019100002, 3.6699912799999934],
              [117.453320961, 3.6751400180000315],
              [117.4560498370002, 3.6755350829999456],
              [117.45630700000005, 3.6754660000000463],
              [117.46072200000005, 3.6706720000000947],
              [117.4612540000001, 3.6701370000001035],
              [117.46271200000002, 3.668740000000067],
              [117.46360400000003, 3.668188000000047],
              [117.46485680200021, 3.6677910629999344],
              [117.46605, 3.6675260000000733],
              [117.47447851000015, 3.6710205759999814],
              [117.47652174000011, 3.672967266999936],
              [117.48155800000006, 3.6746960000000186],
              [117.48535000000003, 3.673522000000048],
              [117.4870060000001, 3.6727940000000316],
              [117.48947594100018, 3.6701901329999265],
              [117.49011000000004, 3.6691730000001],
              [117.49009199999998, 3.667932000000093],
              [117.48867300000008, 3.664539000000019],
              [117.48816300000007, 3.6571940000000716],
              [117.48823700000007, 3.655276000000093],
              [117.48876000000008, 3.653508000000091],
              [117.49695289017562, 3.638716957799679],
              [117.48755998800019, 3.6354318080000203],
              [117.48450493200019, 3.6367640590000283],
              [117.4837385340002, 3.638210379999971],
              [117.48096051700011, 3.6445682379999544],
              [117.47987769200023, 3.6460067099999582],
              [117.4770155990002, 3.647906909999974],
              [117.47381575112607, 3.647350777659706],
              [117.47280288639868, 3.6464458471006855],
              [117.47108300000005, 3.6441310000001037],
              [117.46896800000002, 3.6405690000001236],
              [117.46608300000005, 3.6379250000000276],
              [117.46255599967343, 3.6383870064828328],
              [117.45965199999998, 3.637101000000107],
              [117.45748979100014, 3.634647445999959],
              [117.45368399598118, 3.6357629928573365],
              [117.4521490000001, 3.6366270000001455],
              [117.44896052100017, 3.6378398289999536],
              [117.44579400000009, 3.638588000000129],
              [117.44184200000004, 3.6400800000000757],
              [117.43745638100017, 3.641844038999973],
              [117.43429800000006, 3.6416410000000923],
              [117.43278000000012, 3.63884200000005],
              [117.43276800000002, 3.6326320000000436],
              [117.43154976300013, 3.6301026279999737],
              [117.43005900000006, 3.6282400000000905],
              [117.42979299999999, 3.6271600000000817],
              [117.4296558570002, 3.625939445999946],
              [117.42798187000007, 3.6250235090000116],
              [117.41968372000012, 3.6288566099999953],
              [117.41710256300017, 3.630021106999979],
              [117.40184345800017, 3.6371114959999096],
              [117.38326500000005, 3.6407380000000735],
              [117.37817400000009, 3.6402070000001485],
              [117.36788000000003, 3.6370780000001126],
              [117.3607370000001, 3.6344640000001007],
              [117.35600700000006, 3.632939000000043],
              [117.33645900000012, 3.628333000000058],
              [117.32651769700013, 3.62542852999995],
              [117.3202110000001, 3.6238510000000304],
              [117.316326, 3.6232710000000914],
              [117.31238600000005, 3.6229790000000897],
              [117.30661974900018, 3.622495785999944],
              [117.29693031000022, 3.6210205770000092],
              [117.29215277600026, 3.6203677669999967],
              [117.28395600000007, 3.6193250000000923],
              [117.27765800000007, 3.618818000000065],
              [117.27447375500014, 3.6186004989999665],
              [117.26642500000004, 3.6176800000000533],
              [117.25761852400007, 3.6181186899999807],
              [117.25513354300016, 3.6188707099999418],
              [117.24064263000004, 3.6238189119999076],
              [117.22849159700016, 3.6278075359999695],
              [117.20635370500024, 3.6323739999999693],
              [117.19509600000002, 3.636160000000096],
              [117.18510799999997, 3.6397490000000445],
              [117.18005186500005, 3.6417199940000122],
              [117.17418891700017, 3.643441903999931],
              [117.17223458600012, 3.643902752999959],
              [117.16982176300014, 3.6441698069999395],
              [117.1634849982482, 3.644631988801925],
              [117.16239900000005, 3.644802000000066],
              [117.16150656600021, 3.644486913999976],
              [117.15996200000004, 3.6444630000000835],
              [117.15371287600026, 3.6439308529999748],
              [117.1457106520002, 3.6413374509999796],
              [117.13762700000007, 3.6390610000000514],
              [117.12545199999998, 3.636539000000102],
              [117.12065055600026, 3.63603067000001],
              [117.10989697800011, 3.6360057569999915],
              [117.10210300000004, 3.636734000000117],
              [117.09368990300018, 3.6378277560000205],
              [117.08847799999998, 3.6379980000000733],
              [117.08230100000003, 3.6369810000000804],
              [117.07350200000005, 3.634384000000054],
              [117.06024861800019, 3.6275477449999682],
              [117.05075700000008, 3.62157600000009],
              [117.03981400000006, 3.6138870000001466],
              [117.03391100000013, 3.6087960000000443],
              [117.03219886954007, 3.607178960882904],
              [117.04245665804277, 3.5940048182990436],
              [117.07465600000005, 3.6113390000000436],
              [117.0784126700001, 3.61127912800002],
              [117.087028, 3.609122000000151],
              [117.095931784249, 3.6084879938037195],
              [117.13887300000013, 3.621133000000029],
              [117.14850300000003, 3.62005300000002],
              [117.17240195400011, 3.619777227999985],
              [117.17511492700014, 3.6195670779999167],
              [117.18097700000013, 3.617948000000112],
              [117.18631300000003, 3.6156410000000108],
              [117.18835071551894, 3.6146161430782398],
              [117.19407400000001, 3.612878000000105],
              [117.19982800000004, 3.611589000000034],
              [117.22086875700023, 3.609363231999949],
              [117.22274676400019, 3.608494323999909],
              [117.22539900000007, 3.605619000000079],
              [117.22451956400023, 3.5868583599999537],
              [117.22029900000007, 3.5832650000000887],
              [117.21137500000012, 3.574607000000082],
              [117.20822300000009, 3.5698860000000856],
              [117.20442899999998, 3.5631270000000406],
              [117.20265795300008, 3.558487624000004],
              [117.201268, 3.5540350000000975],
              [117.19918400000005, 3.550011000000083],
              [117.19736784800007, 3.5470606589999987],
              [117.19629900000008, 3.544754000000058],
              [117.19469600000005, 3.541160000000051],
              [117.19421500000014, 3.539282000000096],
              [117.19405400000005, 3.5351830000000497],
              [117.20708200000001, 3.517636000000021],
              [117.2081499094384, 3.5159725085250093],
              [117.21109099999998, 3.5027480000000857],
              [117.21402700000007, 3.497275000000041],
              [117.21707000000006, 3.4936790000000917],
              [117.21786760500007, 3.4932683260000843],
              [117.22385200000005, 3.488956000000062],
              [117.22726996399999, 3.4879360390000036],
              [117.27549700000006, 3.4685120000000538],
              [117.2769380000001, 3.4672780000000927],
              [117.28964800000004, 3.463840000000026],
              [117.30177099999999, 3.4652310000000988],
              [117.31346700000006, 3.466193000000114],
              [117.32007200000005, 3.4637670000001144],
              [117.32210099437738, 3.4624249914993],
              [117.32268777100005, 3.4602786490000126],
              [117.31884197400008, 3.4582948000000036],
              [117.31574400000007, 3.457867000000089],
              [117.31860600000009, 3.4506710000000353],
              [117.33267100000005, 3.450832000000034],
              [117.35125500000008, 3.449806000000052],
              [117.355153771, 3.449429172999916],
              [117.35945600000007, 3.4464510000001027],
              [117.36249700000006, 3.4391530000001813],
              [117.36292200000005, 3.4324460000001755],
              [117.36404100000009, 3.426813000000081],
              [117.36975000000004, 3.413129000000157],
              [117.3740210000001, 3.410498000000114],
              [117.38155063300023, 3.4095830619999523],
              [117.39380291000022, 3.4068092249999493],
              [117.41328700000011, 3.39097400000011],
              [117.41410200000004, 3.3823550000000893],
              [117.41335300000007, 3.3795660000001204],
              [117.41329800000005, 3.374361000000089],
              [117.41328700000011, 3.351692000000103],
              [117.41328600000011, 3.348955000000039],
              [117.41376596388548, 3.3467017826376155],
              [117.41355100000011, 3.344073000000133],
              [117.41360400000005, 3.342731000000118],
              [117.41381696500018, 3.3408533519999706],
              [117.41509700000003, 3.3380090000000386],
              [117.41413400000012, 3.3339320000000363],
              [117.41333296400002, 3.332644740999977],
              [117.41253153300023, 3.331518384999952],
              [117.41205094757109, 3.331035902291677],
              [117.41167695116596, 3.330338863538471],
              [117.41092799999997, 3.3282460000001315],
              [117.41062040753684, 3.3274518097269867],
              [117.45788700000004, 3.279620000000069],
              [117.45777968678165, 3.2798556345785412],
              [117.45768362200019, 3.2797434329999353],
              [117.45725175100007, 3.2792455969999557],
              [117.45611599632505, 3.278009005490854],
              [117.45399460000013, 3.2768464259999552],
              [117.4529230000001, 3.276349000000053],
              [117.4522196840001, 3.2759315069999273],
              [117.45126000000008, 3.2756430000000805],
              [117.4503649650002, 3.2752897419999405],
              [117.44906899999998, 3.2745190000000726],
              [117.44814200000012, 3.27403800000011],
              [117.4457116570002, 3.272512531999925],
              [117.44500800000006, 3.272160000000021],
              [117.44409665600017, 3.271661793999967],
              [117.4434090000001, 3.2712610000000666],
              [117.44248400000004, 3.2701280000000246],
              [117.44173199999999, 3.2696300000000313],
              [117.44157250200013, 3.269437597999967],
              [117.44070900000008, 3.2691010000001377],
              [117.44032500000002, 3.2684260000000656],
              [117.44008500000005, 3.267976000000136],
              [117.43976485500013, 3.2667554820000033],
              [117.43890100000014, 3.2660810000000176],
              [117.43794191200011, 3.265583520999935],
              [117.43695000000001, 3.2647810000001023],
              [117.43663055300023, 3.2644755869999242],
              [117.4359429230001, 3.263977865999954],
              [117.43536700000004, 3.263561000000056],
              [117.43440100000014, 3.2626350000000883],
              [117.43161786100008, 3.2581377700000003],
              [117.43144189100009, 3.2578486629999714],
              [117.43099395000016, 3.257077724999955],
              [117.43010600000004, 3.2557520000000864],
              [117.42943400000004, 3.2550610000001567],
              [117.42857100000003, 3.254258000000018],
              [117.42786700000015, 3.253568000000171],
              [117.4269240000001, 3.2529260000000306],
              [117.42562857800021, 3.2516085909999637],
              [117.42500492000013, 3.2511269079999883],
              [117.42355900000004, 3.250579000000129],
              [117.42256773300018, 3.250257661000009],
              [117.42216800000006, 3.250210000000062],
              [117.42152872100019, 3.250466951000006],
              [117.42044178200005, 3.250756574999989],
              [117.42009000000007, 3.2505480000000055],
              [117.41965800000003, 3.249906000000088],
              [117.41906600000007, 3.24936000000012],
              [117.41869863700006, 3.2491507709999956],
              [117.41570869600012, 3.2478507219999875],
              [117.41414194800008, 3.2476103789999966],
              [117.41162000000011, 3.2478650000000577],
              [117.41136274600017, 3.2479436149999463],
              [117.4109306290002, 3.248098588999979],
              [117.41052600000002, 3.248272000000071],
              [117.40997200000001, 3.2485560000000326],
              [117.4096371550002, 3.2487553169999606],
              [117.40905581200015, 3.2491541130000057],
              [117.40864774300023, 3.2494708619999235],
              [117.40837177700023, 3.2496981459999885],
              [117.40834284711703, 3.249722716054424],
              [117.392508, 3.250105000000122],
              [117.39223900000005, 3.2497110000000298],
              [117.39187800000002, 3.249466000000009],
              [117.3913980000001, 3.2489220000000287],
              [117.39074300000007, 3.248172000000057],
              [117.39045500000006, 3.2477350000001373],
              [117.38997500000004, 3.2468800000000932],
              [117.38972700000012, 3.2464410000000967],
              [117.38918488000004, 3.245375732999931],
              [117.3889710000001, 3.244980000000094],
              [117.3887530000001, 3.244583000000109],
              [117.38825800000008, 3.2435330000000953],
              [117.38793100000012, 3.2430660000000913],
              [117.38755190275684, 3.2429749492174897],
              [117.38746200000003, 3.2429280000000418],
              [117.38739600000008, 3.242781000000136],
              [117.38729698700007, 3.2423108849999194],
              [117.387103, 3.241714000000048],
              [117.38704300000009, 3.2414950000000466],
              [117.38615200000001, 3.239214000000099],
              [117.38584899999998, 3.2386920000001176],
              [117.38578900000007, 3.2386590000000517],
              [117.38571900000015, 3.238491000000141],
              [117.38561100000001, 3.238268000000075],
              [117.385525, 3.2380960000000094],
              [117.38512400000003, 3.237412000000081],
              [117.38500000000008, 3.2371720000000295],
              [117.384764, 3.2366720000000937],
              [117.384544, 3.2361900000000468],
              [117.38429800000009, 3.235752000000044],
              [117.38327887800023, 3.234698514999965],
              [117.3831250000001, 3.2347390000001175],
              [117.38290171000011, 3.234809750999932],
              [117.38268600000002, 3.2348830000001305],
              [117.38259500000004, 3.234864000000112],
              [117.38232700000006, 3.2344340000000606],
              [117.38235500000008, 3.2342130000000715],
              [117.38186391928409, 3.2338578910888627],
              [117.38171800000012, 3.233661000000051],
              [117.38140700000007, 3.2331880000000837],
              [117.38107095400015, 3.232707429999979],
              [117.38069078300015, 3.2322525289999104],
              [117.38012000000006, 3.2315330000001055],
              [117.3797500000001, 3.231142000000129],
              [117.37959891100013, 3.231027511999982],
              [117.37923779500026, 3.2306906349999975],
              [117.37864, 3.2302990000000555],
              [117.37826088700008, 3.2298895699999752],
              [117.37782800000005, 3.229459000000098],
              [117.37741557000022, 3.229107633999937],
              [117.37699300000007, 3.2287530000000366],
              [117.37652399999999, 3.2284620000001176],
              [117.37611800000005, 3.2281230000000463],
              [117.37589200000001, 3.2279640000000356],
              [117.37530498800021, 3.2276904569999187],
              [117.37460489800019, 3.227623401999966],
              [117.374183, 3.2274180000000676],
              [117.37393500000009, 3.2273320000000574],
              [117.37351499999997, 3.2270410000000496],
              [117.37327587200018, 3.2269015279999236],
              [117.37285800000006, 3.2266480000000852],
              [117.3723958310002, 3.2264688989999213],
              [117.37221097100019, 3.226431014999984],
              [117.37160800000002, 3.2266120000001264],
              [117.37147099968325, 3.226638987547612],
              [117.37098499999999, 3.2264690000001073],
              [117.37067300000001, 3.2262190000000714],
              [117.3701812140002, 3.226171475999915],
              [117.36980260300012, 3.2261614629999746],
              [117.36920300000007, 3.2260840000000925],
              [117.36895000000001, 3.226049000000039],
              [117.36776400000011, 3.2259320000000393],
              [117.36709481200018, 3.225854974999929],
              [117.36688868100026, 3.2258407739999972],
              [117.3666980840002, 3.225842081999928],
              [117.36608700000009, 3.2259090000001356],
              [117.36560500000009, 3.225900000000056],
              [117.3651187080001, 3.225893813999945],
              [117.36417757600012, 3.225995838999949],
              [117.36369299999998, 3.2260260000000898],
              [117.36297216000013, 3.226082860999955],
              [117.3625437070002, 3.226119410999959],
              [117.36148788080769, 3.2262316161309235],
              [117.36142000000004, 3.22601300000008],
              [117.35974700000007, 3.2255410000001064],
              [117.35907900000005, 3.2252970000000794],
              [117.35884000000007, 3.2252470000001168],
              [117.35836700000002, 3.225135000000087],
              [117.35764900000004, 3.224984000000073],
              [117.35654000000002, 3.224609000000086],
              [117.35626788500025, 3.224543421999946],
              [117.35581100000002, 3.2244000000000694],
              [117.35531200000003, 3.224242000000096],
              [117.35487800000008, 3.22413600000003],
              [117.35460790800013, 3.2240496269999452],
              [117.35396756600008, 3.2238656860000026],
              [117.3532905720002, 3.2236605559999942],
              [117.35238251100012, 3.223443379999966],
              [117.35211400000001, 3.2234040000000377],
              [117.35161967200024, 3.2234384970000063],
              [117.35113795200009, 3.223503620999977],
              [117.35062995100024, 3.223539000999973],
              [117.35040157700017, 3.2235927529999797],
              [117.34977787600018, 3.2241556839999275],
              [117.34964000000004, 3.2248070000000375],
              [117.34988300000006, 3.2252801420001056],
              [117.34804200000006, 3.225591000000069],
              [117.34781100000014, 3.2255630000000615],
              [117.34779900000004, 3.2255550000000213],
              [117.34766700000003, 3.2254720000000816],
              [117.34715977845102, 3.2253738697331036],
              [117.34692688070095, 3.2252368590888514],
              [117.34678874699995, 3.2250735579999334],
              [117.3467006510002, 3.2249714410000108],
              [117.34662152699997, 3.2249007469999347],
              [117.3464848960002, 3.224873987999941],
              [117.34641900000007, 3.224909000000128],
              [117.3463538190001, 3.2249803879999517],
              [117.34630441800019, 3.225112188000021],
              [117.34629983600017, 3.2252058249999527],
              [117.34622971800005, 3.2253029499999952],
              [117.34596093577682, 3.225263923142605],
              [117.34589999000004, 3.2251909029999615],
              [117.34557283100014, 3.2247933870000223],
              [117.34505200000004, 3.224266000000039],
              [117.34457200000011, 3.2238090000001085],
              [117.3444400000001, 3.2236870000000053],
              [117.34417669100019, 3.2234475439999555],
              [117.34405185900016, 3.2233365370000078],
              [117.34383199999999, 3.223147000000046],
              [117.34351092100016, 3.222895939999968],
              [117.3430530000001, 3.222708000000093],
              [117.34272400000006, 3.222703000000169],
              [117.3420900000001, 3.22236600000004],
              [117.34191900000006, 3.2222710000000845],
              [117.3415030000001, 3.222044000000043],
              [117.34112200000003, 3.2218170000000903],
              [117.3407789429339, 3.221614792487002],
              [117.34074600000008, 3.2214950000000933],
              [117.34065400000011, 3.2211470000000766],
              [117.34061700000007, 3.221008000000033],
              [117.34052800000008, 3.2206920000000885],
              [117.34046800000009, 3.2205170000000862],
              [117.3403070000001, 3.2202210000000653],
              [117.34005700000002, 3.219777000000099],
              [117.339958, 3.2194790000000886],
              [117.33979100000012, 3.2189890000000467],
              [117.33962200000008, 3.218562000000066],
              [117.33949000000008, 3.218250000000097],
              [117.33928599999999, 3.2178010000000725],
              [117.33912600000008, 3.2174800000001147],
              [117.33886288400016, 3.2169857249999856],
              [117.33877400000009, 3.2168250000000986],
              [117.33860600000004, 3.2165220000000296],
              [117.33828700000002, 3.2158120000000814],
              [117.33796600000002, 3.2153000000001297],
              [117.33746900000003, 3.214852000000099],
              [117.33728648900012, 3.214740718999951],
              [117.33703699999998, 3.214336000000081],
              [117.33726900000008, 3.214057000000089],
              [117.33708600000004, 3.212991000000084],
              [117.33702700000003, 3.212536000000096],
              [117.33662277400009, 3.2121188489999986],
              [117.33615081100021, 3.2121297519999237],
              [117.33544600000006, 3.212196000000076],
              [117.33496800000003, 3.2121000000000812],
              [117.33432561500018, 3.2121654739999483],
              [117.3339480000001, 3.2123700000000843],
              [117.3335519753267, 3.2123509433428543],
              [117.33334187200015, 3.2120267199999253],
              [117.33095599999999, 3.2113080000000984],
              [117.33048237200016, 3.2112846539999884],
              [117.33003244800014, 3.2112789739999625],
              [117.32891700000003, 3.2113540000000853],
              [117.32825052300024, 3.2114250449999693],
              [117.32774000000009, 3.211458000000075],
              [117.32733800000004, 3.2114760000000544],
              [117.32710088400023, 3.2114895369999763],
              [117.3262900000001, 3.2115210000000474],
              [117.32600499999997, 3.211492000000046],
              [117.32556600000007, 3.2114470000000983],
              [117.32505575400013, 3.2114069819999846],
              [117.32412500000012, 3.2112990000001096],
              [117.32407700000014, 3.211301000000052],
              [117.32403493800022, 3.2112814129999867],
              [117.32396000000006, 3.2111800000001223],
              [117.32267400000005, 3.2110190000000784],
              [117.32248800000002, 3.2110170000000906],
              [117.32185900000003, 3.2108710000000897],
              [117.32146271500021, 3.210721387000013],
              [117.32101000000004, 3.210624000000081],
              [117.31590386600026, 3.2142129589999824],
              [117.3161006320001, 3.2153129709999595],
              [117.31607336899998, 3.217851726999963],
              [117.31528764600016, 3.2185853860000035],
              [117.3147267060002, 3.220334398000033],
              [117.31247965200016, 3.2255111309999895],
              [117.31253700000002, 3.2260190000000435],
              [117.31273273699998, 3.226977879999935],
              [117.31228398000015, 3.227993536999949],
              [117.31205960200015, 3.228698771999947],
              [117.31163877000023, 3.2297144199999606],
              [117.31133010300017, 3.2299119689999634],
              [117.31085346400009, 3.2318585019999935],
              [117.31102199592762, 3.232084003043698],
              [117.31102200000008, 3.2324230000000256],
              [117.3108537220002, 3.2327047199999326],
              [117.30922690900006, 3.2370492089999514],
              [117.30911478300011, 3.2376134510000076],
              [117.3086659500001, 3.23840340499991],
              [117.30838500000003, 3.238799000000089],
              [117.30767989200005, 3.23999760299992],
              [117.30686596700004, 3.2406748629999127],
              [117.30551896700004, 3.241803595999957],
              [117.30377800000005, 3.2413530000000215],
              [117.30223400000003, 3.240733000000059],
              [117.30083000000002, 3.240226000000032],
              [117.30043750000016, 3.240169090999898],
              [117.29920299546227, 3.2408179909748958],
              [117.29872500000012, 3.2409310000000104],
              [117.29701297500014, 3.24067782099998],
              [117.29479500000002, 3.2405940000000157],
              [117.29448667857422, 3.2405094012016944],
              [117.29428986000016, 3.2401426599999317],
              [117.29420500000006, 3.2399740000000534],
              [117.29381262700011, 3.2397478909999533],
              [117.29336300000003, 3.239720000000087],
              [117.29208582668687, 3.2400567051303097],
              [117.29118700000001, 3.2391830000000645],
              [117.29045700000009, 3.2392390000000795],
              [117.29003697163024, 3.2391547241279772],
              [117.29000800000007, 3.2388730000000834],
              [117.28978300000001, 3.2383080000000533],
              [117.2893620000001, 3.237942000000057],
              [117.28764954800016, 3.237011413999933],
              [117.28456174400011, 3.236899486999998],
              [117.2777410000001, 3.2396380000000526],
              [117.27659033500012, 3.2402302809998984],
              [117.27591676400017, 3.2405971279999646],
              [117.27208300000004, 3.2428880000000184],
              [117.27140988700012, 3.2435648350000212],
              [117.27107100000005, 3.244124000000056],
              [117.27102045030212, 3.2441831761129114],
              [117.26694700000007, 3.2251960000000715],
              [117.26990600000012, 3.2212100000000943],
              [117.27341400000003, 3.2127100000001043],
              [117.27430200000005, 3.2103070000000535],
              [117.27568300000009, 3.2079180000000953],
              [117.29373290916368, 3.204070998116779],
              [117.29661200000008, 3.205499000000053],
              [117.29741000000003, 3.2061610000000265],
              [117.30049700000009, 3.207868000000044],
              [117.30459092000018, 3.2089311159999445],
              [117.30673400000003, 3.208178000000159],
              [117.30887700000005, 3.2044160000000623],
              [117.30943800000003, 3.2029450000000317],
              [117.31258200000002, 3.1959440000000816],
              [117.31281100000004, 3.1951620000000815],
              [117.31298200000006, 3.194768000000078],
              [117.31312300000002, 3.1941630000000245],
              [117.313302, 3.193806000000108],
              [117.31418500000004, 3.1919620000000783],
              [117.31428700000004, 3.1912370000000436],
              [117.31429200000001, 3.1910050000001213],
              [117.31428100000008, 3.1905490000000505],
              [117.31419800000005, 3.1901600000000165],
              [117.31387100000009, 3.1897750000000924],
              [117.31371299999998, 3.1896340000001047],
              [117.31333200000007, 3.189342000000103],
              [117.31329800000002, 3.189248000000098],
              [117.3143940000001, 3.1885200000000813],
              [117.31592299999996, 3.18697000000013],
              [117.31629100000012, 3.1864910000000215],
              [117.31658500000002, 3.1860110000000965],
              [117.31668400000004, 3.185793000000089],
              [117.31681200000006, 3.184282000000035],
              [117.316777, 3.1832890000000305],
              [117.316678, 3.1827650000001517],
              [117.31659900000002, 3.1826190000000167],
              [117.31752100000001, 3.1816620000000597],
              [117.31779400000005, 3.1812370000001122],
              [117.31789200000007, 3.181003000000068],
              [117.31805800000004, 3.180503000000087],
              [117.31825200000002, 3.1794650000000892],
              [117.3189107136751, 3.178035416982481],
              [117.33104285500026, 3.1744977299999233],
              [117.33117267800007, 3.174676772999905],
              [117.331670831, 3.1752318439999128],
              [117.33218581800024, 3.1757858289999197],
              [117.33237085400009, 3.175972929999946],
              [117.33309375100022, 3.1767431799999946],
              [117.3333918950001, 3.177100933000019],
              [117.33441454000017, 3.1778830749999853],
              [117.33456149400007, 3.177959383999993],
              [117.33458972900019, 3.178017878999948],
              [117.33518168200023, 3.1784491939999304],
              [117.33551387000017, 3.1787800579999503],
              [117.3359210000001, 3.1789940000000207],
              [117.33605563800023, 3.1790883249999657],
              [117.33679100000006, 3.1794210000001355],
              [117.33762254900012, 3.179881040999919],
              [117.33841664800019, 3.1804492389999472],
              [117.33858352200014, 3.1805770889999563],
              [117.339022, 3.1807690000001143],
              [117.33970895500026, 3.1809790940000005],
              [117.3399820000001, 3.1810270000000997],
              [117.34233183400022, 3.181369279999955],
              [117.34284879300009, 3.181409141999967],
              [117.34364499700015, 3.1814580969999318],
              [117.34386866500019, 3.181478243],
              [117.34471965400026, 3.181625331000002],
              [117.34502684100009, 3.1816710119999625],
              [117.34624137500022, 3.1817762349999645],
              [117.34651289000021, 3.181787107999976],
              [117.34698877600025, 3.181754133000001],
              [117.34774590800026, 3.181709085000004],
              [117.3484374910002, 3.181641215999984],
              [117.34861585900003, 3.181590050999925],
              [117.34878699999999, 3.1814460000000855],
              [117.34898396625965, 3.1813530159283543],
              [117.34929786200024, 3.18135502499993],
              [117.34954397900019, 3.181229287000007],
              [117.35033700000007, 3.181316000000076],
              [117.35108678400012, 3.1813873449999397],
              [117.35187200000006, 3.181482000000088],
              [117.35264477000024, 3.181480102999976],
              [117.3540137660001, 3.1814012650000256],
              [117.3548320000001, 3.1813210000000893],
              [117.35539100000008, 3.181242000000082],
              [117.35591100000012, 3.181140000000169],
              [117.35645800000007, 3.181060000000077],
              [117.35753200000012, 3.1808060000001106],
              [117.35839400000012, 3.1806870000001233],
              [117.35855600000002, 3.180667000000067],
              [117.35918972200007, 3.180836014999975],
              [117.35948919000016, 3.1808790829999856],
              [117.36029200000004, 3.1809400000000956],
              [117.36087181200016, 3.1809830159999697],
              [117.36171199400005, 3.181013271999986],
              [117.36278200000001, 3.180935000000126],
              [117.36331700000005, 3.1809090000000175],
              [117.36361000000014, 3.180918000000097],
              [117.36414256500024, 3.1809741609999476],
              [117.36508300000006, 3.1811440000000992],
              [117.36552299779791, 3.181219010558265],
              [117.36573959000013, 3.1812641869999636],
              [117.36623796400025, 3.1813311169999947],
              [117.36656653200016, 3.1815020679999284],
              [117.36670889300012, 3.1815112969999815],
              [117.36738233200016, 3.181466183999979],
              [117.36779571900009, 3.181479270999996],
              [117.36822831700026, 3.1814631399999937],
              [117.36844382100014, 3.181436102999977],
              [117.37019700000008, 3.180871000000116],
              [117.37096300000012, 3.180645000000112],
              [117.37126900000013, 3.1804950000000467],
              [117.37136787100015, 3.1804773479999637],
              [117.37287300000006, 3.1798290000000087],
              [117.37366600000004, 3.1792970000000444],
              [117.37401900000012, 3.179072000000125],
              [117.37452200000007, 3.1787540000000583],
              [117.37519500000008, 3.1782660000001384],
              [117.37534400000006, 3.1781280000000436],
              [117.37571500000001, 3.1778640000000493],
              [117.37625200000004, 3.1774640000000822],
              [117.37682292200013, 3.176999338999962],
              [117.37698099999996, 3.1768270000000456],
              [117.37753392300016, 3.1763292839999435],
              [117.37771100000006, 3.1761600000000136],
              [117.37827985100006, 3.17568624199994],
              [117.37869100000005, 3.175377000000065],
              [117.37889885400003, 3.17520128399996],
              [117.37929000000005, 3.174898000000045],
              [117.38001100000011, 3.1743840000000603],
              [117.38031600000012, 3.174252000000063],
              [117.38056500000003, 3.1741480000001188],
              [117.3821300000001, 3.173439000000119],
              [117.38255183100003, 3.1732401799999677],
              [117.38359300000002, 3.1727160000000723],
              [117.38377800000004, 3.1726260000000863],
              [117.38421194800016, 3.1724430760000066],
              [117.38465100000006, 3.172205000000069],
              [117.38484900000002, 3.172095000000116],
              [117.38596800000005, 3.1715150000000882],
              [117.38688200000001, 3.171150000000086],
              [117.387644, 3.170826000000101],
              [117.38787100000003, 3.1707350000001213],
              [117.38910200000011, 3.170133000000095],
              [117.38928392900016, 3.170048157999914],
              [117.39004500000014, 3.169684000000114],
              [117.39028400000002, 3.16964900000006],
              [117.39069364500018, 3.169651063999921],
              [117.39071299999999, 3.169650000000054],
              [117.39141500000008, 3.1695010000000714],
              [117.39165700000004, 3.1693230000000874],
              [117.3925220000001, 3.168694000000091],
              [117.3931070000001, 3.168250000000036],
              [117.39373000000005, 3.167593000000032],
              [117.39393000000007, 3.1672630000000837],
              [117.39408999999999, 3.1667330000001073],
              [117.39423700000007, 3.166271000000118],
              [117.39436500000009, 3.165880000000051],
              [117.39441685812092, 3.165667574362394],
              [117.4037310000001, 3.1625610000000606],
              [117.40579437800012, 3.1649099219999455],
              [117.4059563240002, 3.1650878369999225],
              [117.40642293000018, 3.1654341169999745],
              [117.40772100000001, 3.166235000000114],
              [117.40789864000007, 3.1663827969999536],
              [117.40829349600006, 3.166749922999954],
              [117.40845822300018, 3.1669295819999865],
              [117.40934253000007, 3.1677672370000165],
              [117.4102738180002, 3.1689670299999895],
              [117.41053779100021, 3.169413086999948],
              [117.41067856600013, 3.169605692999986],
              [117.41116742500016, 3.170067989999956],
              [117.41358892100006, 3.171596232999927],
              [117.4147198980002, 3.1724370939999558],
              [117.41492925800011, 3.1725521929999756],
              [117.41563300000007, 3.172708000000032],
              [117.41771100000005, 3.172229000000101],
              [117.41792491000017, 3.1726520229999755],
              [117.41901698100011, 3.173460009999949],
              [117.41944154600016, 3.1736409229999074],
              [117.42029284800016, 3.1737442080000156],
              [117.42095570600021, 3.1737772659999974],
              [117.42122100000003, 3.17375400000007],
              [117.42195899999999, 3.1734580000000037],
              [117.42418176000005, 3.1733792200000144],
              [117.427262, 3.172776000000063],
              [117.4274360000001, 3.1726680000000087],
              [117.42797895200027, 3.1723701310000108],
              [117.42869500000009, 3.1717900000000157],
              [117.42885581503391, 3.1716791438626357],
              [117.42906400000007, 3.171576000000073],
              [117.42942500000001, 3.1713600000000985],
              [117.42961881900024, 3.1712471509999096],
              [117.43040287800001, 3.1707882679999555],
              [117.43180700000009, 3.16995100000009],
              [117.43244977000018, 3.169622228000022],
              [117.43457, 3.1683560000001023],
              [117.43477900000006, 3.1682530000000177],
              [117.43495600000006, 3.168116000000051],
              [117.43570500000011, 3.167761000000077],
              [117.43590400000006, 3.1676670000000264],
              [117.436544, 3.1670200000001847],
              [117.43719100000014, 3.1664190000000616],
              [117.43749690200006, 3.166081137999952],
              [117.43805400000005, 3.1654220000000812],
              [117.43836400000012, 3.164713000000038],
              [117.43837800000003, 3.1644740000000695],
              [117.43914698300017, 3.1637542149999787],
              [117.43950600000002, 3.1638980000001515],
              [117.43996299999999, 3.163992000000068],
              [117.44136589800009, 3.16345008099995],
              [117.44191300000004, 3.1631640000000374],
              [117.44208099649926, 3.1630519947728564],
              [117.44209975700014, 3.163040254999969],
              [117.44248857800017, 3.1628462779999955],
              [117.44337100000007, 3.162782000000095],
              [117.44363658300011, 3.1627431409999884],
              [117.44401400000007, 3.162534000000047],
              [117.4441680000001, 3.1624170000000476],
              [117.44547700000005, 3.16119700000009],
              [117.44563800000006, 3.161093000000057],
              [117.44630800000007, 3.160268000000052],
              [117.44642500000006, 3.1600730000000823],
              [117.44665800000007, 3.15953100000009],
              [117.44686499999997, 3.158907000000063],
              [117.4470620000001, 3.1585030000000316],
              [117.44721800000005, 3.1581410000001453],
              [117.44743300000007, 3.157821000000136],
              [117.44761300000005, 3.1572200000000583],
              [117.44762900000003, 3.1569600000000833],
              [117.44833400000002, 3.1559810000000823],
              [117.4485390000001, 3.155506000000038],
              [117.4485520000001, 3.155042000000016],
              [117.44871700000009, 3.154895000000155],
              [117.44897900000001, 3.1545900000000096],
              [117.44912796400017, 3.1537030929999466],
              [117.44977785800012, 3.153374139999907],
              [117.4508320000001, 3.15299200000004],
              [117.45103600000002, 3.1528350000000174],
              [117.45148583300022, 3.1522732569999468],
              [117.45324300000001, 3.15067000000003],
              [117.45356500000003, 3.15021700000003],
              [117.45419100000004, 3.149396000000091],
              [117.45447191600029, 3.1489831959999526],
              [117.45519199999998, 3.148036000000051],
              [117.45729500000009, 3.145932000000048],
              [117.45750279772739, 3.1458281011364475],
              [117.45775000000008, 3.1457690000000618],
              [117.45801500000006, 3.1453710000000825],
              [117.45839499999997, 3.1449060000000664],
              [117.45867300000006, 3.1441240000001116],
              [117.45892000000006, 3.1437350000000777],
              [117.45924900000003, 3.1434070000001624],
              [117.459735, 3.143073000000104],
              [117.46008377200017, 3.1428133059999785],
              [117.46081799999999, 3.1421440000000658],
              [117.46104200000005, 3.1420000000000528],
              [117.46131186900001, 3.141601345999976],
              [117.46138897374597, 3.141359827574628],
              [117.46170900000008, 3.1402930000000353],
              [117.46180400000004, 3.13982600000012],
              [117.46172599999998, 3.1391590000001335],
              [117.46176100000004, 3.1388030000000313],
              [117.46227200000013, 3.1380230000000644],
              [117.46284300000003, 3.1373040000001273],
              [117.46323100000006, 3.136717000000097],
              [117.4633998130002, 3.1366363239999506],
              [117.46414000000006, 3.136085000000164],
              [117.46452776300026, 3.1357402209999696],
              [117.46497400000014, 3.1348640000001238],
              [117.46512900000008, 3.1340060000000527],
              [117.46525500000011, 3.133836000000109],
              [117.46565000000011, 3.133368000000111],
              [117.46760400000005, 3.131524000000038],
              [117.46777900000005, 3.1314490000000497],
              [117.46828671100006, 3.13131735899995],
              [117.46897000000001, 3.130858000000134],
              [117.46900696373822, 3.1305808792803402],
              [117.46874100000007, 3.129801000000029],
              [117.46844400000009, 3.1292680000000708],
              [117.46809100000011, 3.128767000000007],
              [117.46766700000002, 3.128366000000046],
              [117.46719400000006, 3.1280200000000624],
              [117.4667028050002, 3.1276653939999433],
              [117.4664806870002, 3.1275085430000216],
              [117.46599585200013, 3.1272103979999555],
              [117.46650978409559, 3.1137359618745064],
              [117.46658500000002, 3.113656000000095],
              [117.46712300000004, 3.113068000000027],
              [117.46763100000007, 3.1125730000000607],
              [117.46881295800017, 3.1116361889999977],
              [117.46896900000002, 3.111510000000081],
              [117.46931800000003, 3.111221000000106],
              [117.46950299300025, 3.1110982519999864],
              [117.47051700000011, 3.1103160000000543],
              [117.47149000000006, 3.109642000000065],
              [117.47167300000001, 3.109505000000098],
              [117.47227600000008, 3.109018000000038],
              [117.47268100000011, 3.108687000000141],
              [117.47376600000008, 3.1076630000001018],
              [117.47397299999997, 3.1074560000001163],
              [117.47488100000005, 3.106350000000088],
              [117.47505900000013, 3.1061730000000978],
              [117.47541881400015, 3.1057633149999075],
              [117.47640100000005, 3.1047100000001073],
              [117.4768170000001, 3.1041770000000604],
              [117.47714000000009, 3.103793000000085],
              [117.47743699999998, 3.1033980000000874],
              [117.47814200000005, 3.1022170000000706],
              [117.47832900000006, 3.101789000000096],
              [117.47864999999997, 3.10094400000008],
              [117.47915099314038, 3.099909849793856],
              [117.47864300000002, 3.0968700000000595],
              [117.47808300000005, 3.0958060000000875],
              [117.47423938800019, 3.0944695850000015],
              [117.47216600000004, 3.0940150000001365],
              [117.46712200000005, 3.092704000000065],
              [117.46015300000013, 3.089068000000047],
              [117.4582719510002, 3.0878326699999326],
              [117.45347186900005, 3.08479680700001],
              [117.45089968900012, 3.083552601999915],
              [117.44687700000007, 3.0807470000000805],
              [117.44364500000009, 3.0750890000000943],
              [117.44327079100005, 3.0739496859999305],
              [117.4396810000001, 3.0694820000000647],
              [117.43897300000006, 3.067364000000058],
              [117.43865699632795, 3.0668920024617163],
              [117.43890895255406, 3.066392651309111],
              [117.43884600000004, 3.0659300000001144],
              [117.43868300000005, 3.0646860000001253],
              [117.43874500000003, 3.062603000000127],
              [117.43887100000006, 3.0604880000001025],
              [117.43832600000009, 3.056070000000175],
              [117.49087999435021, 2.9926259912633624],
              [117.48625700000002, 2.988323000000146],
              [117.48272661200014, 2.986916484999944],
              [117.48037291600025, 2.985650500000001],
              [117.47831700000005, 2.9799520000000825],
              [117.47750300000011, 2.9762080000000104],
              [117.47747400000002, 2.974631000000091],
              [117.47794900000007, 2.9713930000000524],
              [117.47634600000004, 2.968030000000063],
              [117.47539300000005, 2.9676640000000667],
              [117.46938595500006, 2.9694136539999283],
              [117.46527599999999, 2.9707800000000475],
              [117.46391900000006, 2.970975000000106],
              [117.45145500000005, 2.9659120000000563],
              [117.446685, 2.9645890000000144],
              [117.44667596642479, 2.964541001894303],
              [117.44599464269189, 2.9611240149318574],
              [117.44598600000008, 2.9610810000001067],
              [117.45230488004631, 2.95690810728789],
              [117.45351900000003, 2.9537600000000133],
              [117.45375300000003, 2.9529030000001155],
              [117.45557400000007, 2.9497930000000983],
              [117.45505500000002, 2.9483980000000933],
              [117.45413500000011, 2.9479620000000786],
              [117.4526470000001, 2.9475760000001605],
              [117.45010594000009, 2.9477616879999813],
              [117.4484670000001, 2.9475440000000432],
              [117.44781489300024, 2.946972623999975],
              [117.44739100000007, 2.943334000000095],
              [117.44884400000002, 2.940275000000078],
              [117.4494460000001, 2.93951800000006],
              [117.45272500000006, 2.936853000000003],
              [117.45312600000003, 2.9363990000001428],
              [117.45382800000002, 2.9351890000000793],
              [117.45560036100021, 2.9344818809999706],
              [117.45648600000003, 2.9341620000001036],
              [117.45643600000007, 2.9338090000000285],
              [117.46256667600018, 2.933157065999956],
              [117.46513792900012, 2.934197974000017],
              [117.46940900000001, 2.935738000000163],
              [117.471938, 2.9357790000000463],
              [117.48253000000003, 2.9249070000000854],
              [117.48366289300024, 2.923884112999917],
              [117.49267700000009, 2.918816000000021],
              [117.5008365710002, 2.9154552409999956],
              [117.50391781300014, 2.9142023119999783],
              [117.50548486000014, 2.9136860709999857],
              [117.51111984500008, 2.9117152559999893],
              [117.51435300000006, 2.910310000000024],
              [117.51749700000005, 2.90688600000005],
              [117.519946, 2.9050450000000927],
              [117.52616800000011, 2.903825000000001],
              [117.53895200000014, 2.906366000000058],
              [117.54573653100026, 2.9075828090000178],
              [117.54682800000005, 2.907775000000065],
              [117.5483850000001, 2.9081810000000843],
              [117.54997200000004, 2.9081800000000904],
              [117.56444900000008, 2.908195000000088],
              [117.56781165300013, 2.9073601409999794],
              [117.56922658200023, 2.906963128999993],
              [117.57099500000008, 2.906261000000118],
              [117.57220777300007, 2.905549269999983],
              [117.573127, 2.905203000000064],
              [117.57379400000003, 2.9047560000001162],
              [117.57506299999996, 2.9045990000000934],
              [117.57828700000009, 2.903480000000055],
              [117.57865100000001, 2.903307000000086],
              [117.58050100000004, 2.9032550000000903],
              [117.58284300000003, 2.903284000000048],
              [117.58686687500017, 2.9040442499999797],
              [117.58946464800026, 2.904002243999968],
              [117.5940906830002, 2.9038170890000137],
              [117.60368642800013, 2.9042202909999792],
              [117.62439000000003, 2.9017150000001237],
              [117.62509200000011, 2.901634000000083],
              [117.63050799100016, 2.900138331999922],
              [117.63507955400013, 2.8986772879999156],
              [117.63691800000001, 2.8980240000000848],
              [117.6445546940002, 2.896008342999976],
              [117.64678900000006, 2.8955140000000625],
              [117.65084900000008, 2.894931000000053],
              [117.65513757000018, 2.894615086999983],
              [117.67972574799998, 2.897034271999952],
              [117.68743775200018, 2.8967693139999673],
              [117.6988948480002, 2.896493130999942],
              [117.7044099993249, 2.896994010674301],
              [117.7061160000001, 2.8969590000000736],
              [117.71090600000002, 2.8971690000000407],
              [117.71509696400024, 2.897214162999915],
              [117.71571500000002, 2.896821000000024],
              [117.71612000000005, 2.8965020000000976],
              [117.71639672000022, 2.896255334999984],
              [117.71703699999998, 2.8956360000001204],
              [117.71727996300002, 2.895393241999975],
              [117.71792500000001, 2.8946230000000597],
              [117.71804400000008, 2.8943990000000888],
              [117.71831200000005, 2.893823000000082],
              [117.71844600000013, 2.893518000000114],
              [117.71937998500023, 2.891940064999985],
              [117.71970300000012, 2.8911350000001192],
              [117.7198820000001, 2.89069500000004],
              [117.71998900000007, 2.8904320000001285],
              [117.72013000000001, 2.8900190000000627],
              [117.72015000000007, 2.889824000000093],
              [117.72015300000014, 2.889402000000082],
              [117.71998000000004, 2.8883610000001028],
              [117.71989300000004, 2.887927000000076],
              [117.719504, 2.8870010000000192],
              [117.71943400000006, 2.8868200000000535],
              [117.71915100000001, 2.886023000000101],
              [117.71899700000006, 2.885668000000038],
              [117.71883900000005, 2.885187000000119],
              [117.71872100000004, 2.884689000000126],
              [117.71869600000002, 2.8844960000000555],
              [117.718613, 2.8840500000001468],
              [117.71856000000005, 2.8838420000000333],
              [117.71846000000004, 2.883312000000057],
              [117.71838500000005, 2.882943000000079],
              [117.71834700000011, 2.8827440000000903],
              [117.71823300000008, 2.882279000000029],
              [117.718072, 2.8816580000000727],
              [117.71796199900024, 2.8812867429999534],
              [117.71789300000002, 2.880901000000055],
              [117.717793, 2.880154000000065],
              [117.71775099999999, 2.8797050000000404],
              [117.7177180000001, 2.879298000000027],
              [117.71770799999999, 2.878851000000079],
              [117.71765100000007, 2.8775490000001325],
              [117.71762499999997, 2.877142000000074],
              [117.71760100000002, 2.876874000000015],
              [117.71754900000008, 2.876401000000093],
              [117.71744700000006, 2.875974000000067],
              [117.71743900000003, 2.875562000000084],
              [117.71743000000008, 2.8753570000000863],
              [117.71736300000013, 2.8746100000000965],
              [117.71730100000006, 2.873849000000103],
              [117.71724400000005, 2.873394000000115],
              [117.71732200000011, 2.8727880000000674],
              [117.71730600000004, 2.8722090000000335],
              [117.71724500000005, 2.871705000000077],
              [117.71707300000003, 2.8710390000000388],
              [117.71692600000003, 2.870546000000015],
              [117.7167410000001, 2.870147000000131],
              [117.71645800000013, 2.8697380000000408],
              [117.71538071100026, 2.86879434699999],
              [117.71485100000004, 2.868356000000091],
              [117.71433299999998, 2.868247000000043],
              [117.71337793500011, 2.868375662999987],
              [117.71323800000008, 2.868267000000099],
              [117.71334099999997, 2.867524000000085],
              [117.71263781700016, 2.866629389000006],
              [117.7120920000001, 2.8658180000000613],
              [117.71195800000012, 2.8654590000000226],
              [117.71178398900021, 2.864995413999991],
              [117.71138490000023, 2.864336842999946],
              [117.71126500000007, 2.864185000000038],
              [117.71116077600007, 2.8639967839999647],
              [117.71055300000005, 2.8636380000001216],
              [117.71025877600022, 2.8638795449999455],
              [117.71004200000004, 2.863701000000094],
              [117.70948300000006, 2.863174000000054],
              [117.70936788000023, 2.8630574289999577],
              [117.70909800000001, 2.8629170000000626],
              [117.70847684700023, 2.86200786099998],
              [117.70804375857874, 2.8618968412573365],
              [117.70797100000001, 2.8618490000000243],
              [117.70761500000005, 2.8617090000000758],
              [117.70748757700017, 2.8616769879999593],
              [117.70732888339481, 2.8616819230071178],
              [117.70691100000015, 2.861406000000052],
              [117.70655258600017, 2.861539051000004],
              [117.706131, 2.86159800000004],
              [117.70559700000005, 2.86149400000005],
              [117.70521454600022, 2.8614745459999957],
              [117.70475494000011, 2.8615135400000247],
              [117.70449600000009, 2.8615020000001357],
              [117.70433599999998, 2.8614320000000717],
              [117.70410700000005, 2.8613470000000554],
              [117.70388372300023, 2.8613858459999397],
              [117.70286579100004, 2.8613864739999917],
              [117.70214900000005, 2.8616330000000048],
              [117.70166300000007, 2.861704000000106],
              [117.7011887840002, 2.861758507999954],
              [117.70074233800011, 2.861796922999935],
              [117.70006200000003, 2.861816000000136],
              [117.69980964900012, 2.861822914999954],
              [117.69939352500015, 2.861833818999968],
              [117.6991730000001, 2.861863000000117],
              [117.69850799900024, 2.8619178329999917],
              [117.69832000000005, 2.8619700000000883],
              [117.6979256450002, 2.8619375489999355],
              [117.69785600000003, 2.862027000000097],
              [117.69765587524131, 2.8621239034126367],
              [117.6975626440001, 2.8620514569999456],
              [117.6973459910002, 2.8620687789999577],
              [117.696911, 2.8621220000000527],
              [117.69672049700014, 2.862165839999906],
              [117.69663977000022, 2.86244153499998],
              [117.69590946400001, 2.8626749520000194],
              [117.69571700000006, 2.8627770000000687],
              [117.69550657700024, 2.862797549999949],
              [117.69489773500005, 2.8629907279999456],
              [117.69477378600001, 2.862971445999949],
              [117.69413000000011, 2.8630170000000312],
              [117.6934460000001, 2.8630270000000593],
              [117.68946300000005, 2.8623350000000904],
              [117.687938, 2.8622370000001096],
              [117.68720700000009, 2.862695000000123],
              [117.68447975100004, 2.863143815],
              [117.68394489700019, 2.8629948879999345],
              [117.68366700000001, 2.86270700000005],
              [117.6825580000001, 2.862608000000119],
              [117.68184500000008, 2.862419000000024],
              [117.680425, 2.861462000000067],
              [117.67943399999999, 2.860796000000029],
              [117.67909795100017, 2.860606826999965],
              [117.67817683200016, 2.859940463999986],
              [117.67782000000003, 2.8596320000000865],
              [117.67603300000005, 2.858127000000085],
              [117.67508200000006, 2.8578090000000635],
              [117.67399300000001, 2.8577300000000996],
              [117.6736860000001, 2.8577400000001276],
              [117.67232985542623, 2.8573328798983644],
              [117.67156200000014, 2.856695000000129],
              [117.671057, 2.8564660000000544],
              [117.67023500000002, 2.8560090000000784],
              [117.66871969300016, 2.854974409999964],
              [117.66784800000005, 2.8548760000000364],
              [117.6667492490001, 2.8548661189999747],
              [117.66482351000019, 2.8553649549999482],
              [117.662903, 2.8563320000000694],
              [117.66225965600016, 2.8565408599999875],
              [117.66129955900021, 2.85698935099997],
              [117.66018097700021, 2.857467762999941],
              [117.6568497310001, 2.8587357399999602],
              [117.65476083000019, 2.8593839049999437],
              [117.65261700000008, 2.859866000000131],
              [117.65123100000005, 2.8600460000000574],
              [117.64789445600013, 2.860166793999972],
              [117.64578972300016, 2.859599887999962],
              [117.64430400000006, 2.8589440000001387],
              [117.64360099900017, 2.8588048169999913],
              [117.642502, 2.858796000000016],
              [117.64167960800017, 2.858871620999923],
              [117.63900600000011, 2.8573580000000964],
              [117.63810197944534, 2.8569449635987487],
              [117.63792300000003, 2.856628000000047],
              [117.63775865400011, 2.856462796000012],
              [117.63747080500019, 2.856352767999968],
              [117.63629097882664, 2.8540527189716647],
              [117.63588978500012, 2.8511524639999264],
              [117.63545084500021, 2.85053277499999],
              [117.63336756000005, 2.8502170649999803],
              [117.63064063600021, 2.8508935990000017],
              [117.62855790500019, 2.8518178400000016],
              [117.62197352100011, 2.8545950150000143],
              [117.61227899900018, 2.8575778039999866],
              [117.60546194863296, 2.8586157272775337],
              [117.60738800000006, 2.855368000000066],
              [117.61410900000007, 2.8539860000001163],
              [117.61598274700013, 2.853379159999956],
              [117.62860000000002, 2.8486670000001126],
              [117.63334107300018, 2.8479110969999644],
              [117.63651000000009, 2.848217000000094],
              [117.6386107020001, 2.8495187819999357],
              [117.64429100000005, 2.8557280000000986],
              [117.6543059332822, 2.8532130942680345],
              [117.65521100000004, 2.8527070000000734],
              [117.65539199999999, 2.8523830000000885],
              [117.65593499999999, 2.8516950000000953],
              [117.65927591800019, 2.8495272950000183],
              [117.65955769600023, 2.8493652059999297],
              [117.66109600000006, 2.848266000000063],
              [117.66132300000001, 2.847939000000096],
              [117.6614410000001, 2.8476900000000995],
              [117.66147000000001, 2.8460030000000947],
              [117.66043599999998, 2.8441660000001114],
              [117.65575000000004, 2.840434000000055],
              [117.65285500000005, 2.8384740000000654],
              [117.65012900000009, 2.8348820000000465],
              [117.64878200000011, 2.8327040000001382],
              [117.64506100000008, 2.8256640000001587],
              [117.63969891500015, 2.821518687000011],
              [117.63444100000005, 2.820626000000135],
              [117.62790500000007, 2.81996500000011],
              [117.62392079900012, 2.8199128720000166],
              [117.61430100000005, 2.821967000000111],
              [117.60569200000006, 2.826368000000098],
              [117.59869400000005, 2.8311340000000875],
              [117.59520689000028, 2.8334446910000066],
              [117.59313700000007, 2.835568000000052],
              [117.59307218900004, 2.83600392300006],
              [117.58657000000002, 2.8318670000000736],
              [117.58775999999997, 2.8298560000000386],
              [117.58903500000005, 2.828017000000024],
              [117.60103400000004, 2.812805000000104],
              [117.60592400000007, 2.8090390000000767],
              [117.60685988961274, 2.8082260958814365],
              [117.60915600000007, 2.8069850000000818],
              [117.61362000000011, 2.8011240000000406],
              [117.61408700000003, 2.7994130000000474],
              [117.6166030000001, 2.797225000000111],
              [117.62097373400017, 2.796033179999955],
              [117.62255100000002, 2.7958010000000613],
              [117.62537753600022, 2.795403061999955],
              [117.62646200000005, 2.795237000000025],
              [117.6279408930002, 2.7949722060000104],
              [117.63774188100015, 2.7934802639999345],
              [117.6431870900002, 2.793710147999948],
              [117.64792700000007, 2.7933830000001016],
              [117.6507, 2.792782000000024],
              [117.65326392200024, 2.792359162999989],
              [117.65883300000004, 2.7912350000001],
              [117.66028400000002, 2.7908940000001294],
              [117.661735, 2.7906500000001024],
              [117.66461450700014, 2.7898513209999676],
              [117.66788700000009, 2.789136000000112],
              [117.67025689400016, 2.78808134899998],
              [117.67689081900016, 2.7861772869999113],
              [117.677503, 2.78572300000016],
              [117.67808300000003, 2.785350000000072],
              [117.68258197100022, 2.785169047999978],
              [117.68309783069279, 2.784958069232366],
              [117.68476488500018, 2.784954201999965],
              [117.686505, 2.78367300000005],
              [117.68829531500018, 2.7837039819999942],
              [117.69153699200015, 2.785242006999975],
              [117.69370433600017, 2.784705257999973],
              [117.69620300000012, 2.784104000000095],
              [117.6983795270001, 2.783421984999932],
              [117.70091799999997, 2.7827880000000107],
              [117.70264300000007, 2.7823980000000716],
              [117.70765600000007, 2.780012000000095],
              [117.70872000000008, 2.7796710000000813],
              [117.70918777900016, 2.7795411099999923],
              [117.71036200000005, 2.7790980000000545],
              [117.71054599708243, 2.7790369912364588],
              [117.71131100000005, 2.7788200000000565],
              [117.71166600000004, 2.778703000000057],
              [117.7121070000001, 2.778506000000011],
              [117.71263500000009, 2.778213000000015],
              [117.71305300000003, 2.777991000000032],
              [117.71394200000006, 2.7774760000000986],
              [117.71490290516572, 2.7767841069733157],
              [117.71534567900021, 2.776895308999925],
              [117.71573800000006, 2.77681400000008],
              [117.717209, 2.7763200000000623],
              [117.71789964199996, 2.776331979999944],
              [117.71805300000003, 2.775922000000083],
              [117.718568, 2.7756850000001023],
              [117.71954400000003, 2.7755390000000126],
              [117.71978276900016, 2.775564290000019],
              [117.72001700000008, 2.7755730000001178],
              [117.72047166400014, 2.775586231999969],
              [117.72186899736845, 2.7756140084211323],
              [117.72232792899999, 2.775673347999983],
              [117.72288500000006, 2.775365000000093],
              [117.72305700000008, 2.775213000000085],
              [117.7238420000001, 2.77469000000011],
              [117.72440000000009, 2.77417700000003],
              [117.72513400000007, 2.773599000000079],
              [117.72528600000012, 2.7734550000001112],
              [117.72561781999997, 2.7734460959999074],
              [117.72643480200024, 2.7734660979999637],
              [117.7269053620001, 2.7735800729999793],
              [117.72838500000003, 2.771490000000152],
              [117.72853263200017, 2.7716159590000045],
              [117.72932699999998, 2.7715770000001108],
              [117.72977000000004, 2.7715720000000523],
              [117.73038700000004, 2.77185400000016],
              [117.7310588790002, 2.772034323999981],
              [117.73159300000007, 2.771790000000105],
              [117.73194590100015, 2.7716190979999977],
              [117.732423, 2.77121000000003],
              [117.73290600000009, 2.7707040000000855],
              [117.7331819110001, 2.770433119000013],
              [117.73383968200017, 2.769593352999986],
              [117.73467100000002, 2.7685509999999836],
              [117.73469197390833, 2.7683432584319467],
              [117.73520000000009, 2.76788600000007],
              [117.73567293100024, 2.7674462329999683],
              [117.73615900000003, 2.767042000000048],
              [117.73644599999997, 2.7667460000000705],
              [117.73786096800018, 2.7655221780000216],
              [117.73808100000008, 2.7652110000000736],
              [117.73814000000007, 2.7650780000000825],
              [117.73877300000004, 2.7648110000001065],
              [117.73892000000004, 2.76461900000003],
              [117.73912600000003, 2.7644260000000482],
              [117.73927300000003, 2.764041000000079],
              [117.74073600000011, 2.763248000000102],
              [117.7410010000001, 2.7630110000000325],
              [117.74117700000009, 2.76222700000009],
              [117.74145683011331, 2.761886079946705],
              [117.74186897200015, 2.762152118999981],
              [117.74257500000012, 2.7619890000001153],
              [117.74282500000002, 2.761885000000037],
              [117.74334000000009, 2.761293000000082],
              [117.74363400000007, 2.7606120000000463],
              [117.74385400000007, 2.7593390000000557],
              [117.74419199999997, 2.7569920000001087],
              [117.74407400000007, 2.7565630000000514],
              [117.74392600000007, 2.7557630000000284],
              [117.74427899999998, 2.7553490000000576],
              [117.74457300000006, 2.754668000000022],
              [117.74561700000001, 2.7530240000000656],
              [117.74608800000009, 2.7526390000000074],
              [117.74607028600005, 2.7526080759999827],
              [117.74846553500008, 2.752312074000005],
              [117.74906900000009, 2.7524890000001196],
              [117.74962800000006, 2.752607000000113],
              [117.74996700000005, 2.752533000000077],
              [117.75012898033125, 2.752592194065282],
              [117.75017360700019, 2.7532729709999293],
              [117.75051241500016, 2.7536871440000033],
              [117.75124864600005, 2.7540862659999865],
              [117.752823, 2.7534340000000608],
              [117.75517200000003, 2.752410000000067],
              [117.75674692800024, 2.7517431819999194],
              [117.75745300000003, 2.7516390000000452],
              [117.75815991000017, 2.751594278999945],
              [117.75913100000004, 2.7517120000000457],
              [117.760176, 2.751356000000036],
              [117.76142700000003, 2.7510260000000404],
              [117.77356600000007, 2.748229000000033],
              [117.7771315030002, 2.7482840259999675],
              [117.77745995087595, 2.7483439910138996],
              [117.77766861666976, 2.7484937248825814],
              [117.77796700000015, 2.749093000000064],
              [117.77895300000002, 2.74987300000012],
              [117.7790120000001, 2.750172000000079],
              [117.77910163000016, 2.750382182999931],
              [117.7804440000001, 2.7506510000000572],
              [117.78092100000003, 2.7505610000000242],
              [117.78181600000002, 2.7506200000001098],
              [117.78214453900013, 2.7507700919999634],
              [117.78384300000005, 2.7484000000001014],
              [117.7849450000001, 2.7459699999999954],
              [117.78650300000004, 2.740199000000116],
              [117.78724500000007, 2.7358550000000488],
              [117.78851600000007, 2.7304120000000465],
              [117.79092999999996, 2.7234050000000405],
              [117.79202400000007, 2.706800000000018],
              [117.79220100000006, 2.7042200000001078],
              [117.79214099999997, 2.7035000000000426],
              [117.79252600000004, 2.6998110000000386],
              [117.792373984, 2.6944844100000287],
              [117.79210400000011, 2.692235000000027],
              [117.79212789760268, 2.6915769616009255],
              [117.7917947259391, 2.6893904467195062],
              [117.79177400000007, 2.6892660000001296],
              [117.79180300000007, 2.6881870000001147],
              [117.79165300000001, 2.6872870000000777],
              [117.79123500000006, 2.686417000000036],
              [117.79129400000015, 2.684603000000047],
              [117.79117300000009, 2.682324000000042],
              [117.79093400000012, 2.6811840000000897],
              [117.7903540000001, 2.6768430000000043],
              [117.79008700000011, 2.6765410000000163],
              [117.78974500000007, 2.6762840000000683],
              [117.7901330000001, 2.6758560000000937],
              [117.79020000000006, 2.675640000000074],
              [117.79024600000004, 2.6740380000000403],
              [117.79024600000004, 2.6740140000000974],
              [117.79019500000008, 2.673618000000064],
              [117.79015100000008, 2.6733430000000897],
              [117.79004297900012, 2.672646433999968],
              [117.78970200000006, 2.6709800000000623],
              [117.78955800000004, 2.6705460000000354],
              [117.78922500000012, 2.6699130000000215],
              [117.78903700000001, 2.6693200000001145],
              [117.78915596100009, 2.6691590969999934],
              [117.78936996700013, 2.668564276999983],
              [117.7894150000001, 2.667903000000111],
              [117.7893140000001, 2.6674880000000574],
              [117.78929400000004, 2.6668100000000923],
              [117.78929800000003, 2.6663960000000797],
              [117.78930399999999, 2.665892000000076],
              [117.78938600000002, 2.664955000000086],
              [117.78932500000003, 2.6642360000001037],
              [117.78926500000004, 2.663833000000066],
              [117.78925200000003, 2.6635800000000938],
              [117.78925200000003, 2.6629900000001268],
              [117.78902100000002, 2.661088000000051],
              [117.78823969800023, 2.6603334379999266],
              [117.78797099272548, 2.6599719348312822],
              [117.78794700000006, 2.6597570000000577],
              [117.78810535400021, 2.6598571049999498],
              [117.78864400000009, 2.6597370000000904],
              [117.78907500000005, 2.6593050000000513],
              [117.78959500000008, 2.658651000000118],
              [117.78975999999997, 2.658219000000079],
              [117.78980900000012, 2.6579940000000724],
              [117.78990600000006, 2.657560000000087],
              [117.78999700000013, 2.656887000000003],
              [117.79000700000006, 2.6566350000000245],
              [117.79010100000002, 2.6556890000000895],
              [117.79010100000002, 2.655440000000093],
              [117.79012500000015, 2.654727000000074],
              [117.79024800000002, 2.654227000000093],
              [117.79025499999997, 2.653489000000137],
              [117.79031800000004, 2.6530090000000346],
              [117.79042899851932, 2.652408000005244],
              [117.79042799999999, 2.6522060000001186],
              [117.79036100000005, 2.6517380000001207],
              [117.79041100000009, 2.650691000000089],
              [117.79043199999997, 2.6505550000000273],
              [117.7905280000001, 2.65020200000013],
              [117.79070699999998, 2.6497730000000725],
              [117.79080300000011, 2.6495080000000844],
              [117.79084500000013, 2.6493889999999665],
              [117.79104500000007, 2.6487119999999953],
              [117.79114200000001, 2.6480390000000416],
              [117.79112900000008, 2.647488000000104],
              [117.79122900000002, 2.647334000000063],
              [117.79139400000008, 2.6471810000000158],
              [117.79146899999998, 2.647069000000033],
              [117.79174600000007, 2.6466520000000333],
              [117.7917990000001, 2.64645600000007],
              [117.79200193700011, 2.645844333999956],
              [117.79211100000006, 2.645245000000058],
              [117.79224000000008, 2.644264000000069],
              [117.7930700000001, 2.64161700000008],
              [117.79325700000004, 2.640929000000045],
              [117.7936389040002, 2.6398762949999854],
              [117.79403000000005, 2.6389250000000564],
              [117.79420300000005, 2.6385130000000263],
              [117.79436500000006, 2.6381159999999992],
              [117.7945920000001, 2.6374439999999977],
              [117.79492300000004, 2.6372800000000174],
              [117.79548600000007, 2.6358740000000775],
              [117.79565300000004, 2.6353740000000965],
              [117.7958470000001, 2.6349430000000513],
              [117.7959780000001, 2.634702000000095],
              [117.79652600000006, 2.6334430000000193],
              [117.796786, 2.6329100000000194],
              [117.79719600000007, 2.631890000000043],
              [117.79777500000002, 2.630686000000077],
              [117.79798000000002, 2.6302719999999757],
              [117.79847800000002, 2.629259000000004],
              [117.79856700000009, 2.62906500000007],
              [117.79876700000003, 2.6287120000000836],
              [117.79897000000004, 2.628332000000084],
              [117.79915900000005, 2.6280030000001293],
              [117.79950600000006, 2.627486000000074],
              [117.80007600000008, 2.6266210000000907],
              [117.80058400000009, 2.6257310000000817],
              [117.80105900000004, 2.6252210000000726],
              [117.80129600000012, 2.624828000000063],
              [117.80157100000004, 2.6244310000000777],
              [117.8021600000001, 2.623482000000072],
              [117.80277300000002, 2.622468000000106],
              [117.80291300000015, 2.622282000000082],
              [117.80335500000004, 2.621663000000072],
              [117.80343100000002, 2.6214890000000164],
              [117.80386000000007, 2.620789000000096],
              [117.8040147860001, 2.6205822840000037],
              [117.80413900000006, 2.6204200000001183],
              [117.80476290300027, 2.6194052009999558],
              [117.80503700000011, 2.619011000000066],
              [117.80540500000009, 2.618400000000049],
              [117.8064280000001, 2.6170260000000507],
              [117.80664000000006, 2.6167160000000695],
              [117.80722900000004, 2.615919000000117],
              [117.8075240000001, 2.6155250000000247],
              [117.80795700000013, 2.6149270000001064],
              [117.80823600000012, 2.614552000000076],
              [117.80842200000006, 2.6143630000000284],
              [117.80873600000011, 2.613992999999968],
              [117.80913700000006, 2.6133620000000253],
              [117.80927700000011, 2.613135000000031],
              [117.8101250000001, 2.611972000000124],
              [117.81098900000009, 2.610848000000116],
              [117.81118500000005, 2.6105270000000242],
              [117.811326, 2.610339000000101],
              [117.811677, 2.610017000000062],
              [117.81239789300005, 2.6092933129999585],
              [117.8136040000001, 2.6082020000000323],
              [117.81439200000001, 2.6073440000000954],
              [117.81570827400004, 2.607580284999975],
              [117.81608800000001, 2.60748300000005],
              [117.8164390000001, 2.6073420000001075],
              [117.8166140000001, 2.6071980000000057],
              [117.81760976400017, 2.6063503259999043],
              [117.817757, 2.6062170000001057],
              [117.81854400000009, 2.605480000000055],
              [117.81919500000005, 2.6049060000000797],
              [117.8193630000001, 2.6047710000001008],
              [117.82039800000011, 2.6040950000001235],
              [117.82076572100017, 2.603910138999974],
              [117.82146200000004, 2.603502000000044],
              [117.82243400000007, 2.6031200000000094],
              [117.82282297400003, 2.602861130999954],
              [117.82364500000008, 2.6019530000000852],
              [117.82376897800006, 2.601792192999972],
              [117.82407299999997, 2.6014620000000495],
              [117.82420199999999, 2.6012930000000996],
              [117.82448800000012, 2.601001000000098],
              [117.82494900000007, 2.6005400000000574],
              [117.82553100000008, 2.599965000000088],
              [117.82583091200004, 2.599683220000002],
              [117.82613400000007, 2.599369000000027],
              [117.826538, 2.598898000000089],
              [117.82667199999999, 2.598720000000105],
              [117.827225, 2.5981720000000603],
              [117.82839971100013, 2.597187215999983],
              [117.82872800000011, 2.596954000000002],
              [117.82920689600004, 2.5966131380000013],
              [117.82968200000008, 2.596219000000117],
              [117.82999796800021, 2.5959741089999744],
              [117.83075900000003, 2.5953050000000344],
              [117.83192585427466, 2.594798079082703],
              [117.83214400000013, 2.594795000000067],
              [117.83233084900023, 2.594786224999921],
              [117.8329100000001, 2.5945090000001176],
              [117.83314500000009, 2.5944220000000247],
              [117.83499000000006, 2.593060000000131],
              [117.83569400000013, 2.59249200000003],
              [117.83601300000007, 2.5922100000000565],
              [117.83664900000011, 2.5915230000000573],
              [117.83692399300013, 2.5911811569999754],
              [117.83764000000012, 2.5903760000000116],
              [117.83781700000011, 2.5901980000000275],
              [117.83812900000008, 2.5897950000000787],
              [117.83829798700013, 2.589586264999997],
              [117.83871500000008, 2.589012000000041],
              [117.83899400000007, 2.5886660000000123],
              [117.83941800000007, 2.58803300000004],
              [117.84004500000007, 2.5870950000000565],
              [117.84038900000012, 2.5867300000000544],
              [117.84089195400026, 2.5861882789999546],
              [117.84102300000008, 2.585975000000113],
              [117.84143100000009, 2.585478000000114],
              [117.84192900000008, 2.584923000000023],
              [117.84274377100019, 2.5839243199999506],
              [117.84353787800016, 2.582989178999937],
              [117.84380800000012, 2.5825849999999795],
              [117.84423899999999, 2.582086000000034],
              [117.845041, 2.581172000000082],
              [117.84513787700021, 2.5810111839999683],
              [117.84571300000009, 2.580297000000071],
              [117.84583999911612, 2.580157009306414],
              [117.84632300000011, 2.5796870000001366],
              [117.84732300000007, 2.578483000000082],
              [117.84761599999999, 2.5781210000000616],
              [117.84776200000007, 2.5779420000000837],
              [117.84832300000004, 2.577304000000053],
              [117.84958800000007, 2.5757460000000183],
              [117.84987400000003, 2.575372000000029],
              [117.8501238600002, 2.575070153000012],
              [117.85024500000009, 2.5749300000000925],
              [117.8508250000001, 2.574056000000075],
              [117.85522000000005, 2.5696950000001113],
              [117.855534, 2.5693070000000713],
              [117.8557249972621, 2.569135996950709],
              [117.85663300000007, 2.568053000000054],
              [117.85711272900016, 2.567523299999972],
              [117.85724700000007, 2.5673600000000496],
              [117.85742700000004, 2.567196000000111],
              [117.85792800000002, 2.5666720000000094],
              [117.85828177200017, 2.566349294000001],
              [117.85976000000008, 2.5646730000000373],
              [117.86067100000004, 2.563774000000125],
              [117.861029, 2.5634250000000254],
              [117.86120699600026, 2.5632590210000172],
              [117.86152100000002, 2.5629690000000434],
              [117.86195600000005, 2.5625000000000515],
              [117.862258, 2.562158000000087],
              [117.86255400000006, 2.561870000000061],
              [117.86268900000003, 2.5617120000000444],
              [117.86318600000004, 2.5611990000000118],
              [117.86391600000005, 2.560391000000079],
              [117.8640636920001, 2.560225331000008],
              [117.86437200000002, 2.5598540000000565],
              [117.86501791300019, 2.5592172009999947],
              [117.865398, 2.558903000000063],
              [117.86589000000004, 2.5585060000000777],
              [117.86735600000009, 2.5572490000000787],
              [117.86796300000005, 2.5568370000000957],
              [117.868336, 2.5565690000001258],
              [117.86851786600022, 2.5564112389999982],
              [117.86882483100023, 2.5560743079999204],
              [117.86897300000012, 2.555922000000061],
              [117.86913400000003, 2.5557290000000794],
              [117.8696490000001, 2.5550400000000923],
              [117.86966800000008, 2.5541690000000568],
              [117.87012000000009, 2.553792999999991],
              [117.87101800000005, 2.5535940000000874],
              [117.87143100000002, 2.5534150000001095],
              [117.87222300000009, 2.5526450000000818],
              [117.87352193200019, 2.5511782959999207],
              [117.87378400000001, 2.550866000000058],
              [117.87411476100004, 2.550562332000026],
              [117.87442500000012, 2.5502580000000226],
              [117.87496500000012, 2.5497260000000583],
              [117.87556100000006, 2.549086999999992],
              [117.87625899999999, 2.548228000000014],
              [117.8765460000001, 2.5479240000000853],
              [117.87686500000004, 2.547653999999997],
              [117.87728400000006, 2.5471630000000918],
              [117.87815100000003, 2.546203000000064],
              [117.87843900000006, 2.5459320000000236],
              [117.87877800000004, 2.545657000000096],
              [117.88034999999999, 2.543845000000095],
              [117.88190200000007, 2.5424460000000293],
              [117.88207998583938, 2.5422970006355383],
              [117.88256300000005, 2.5418940000000507],
              [117.88326094100016, 2.5413801569999483],
              [117.88363097300014, 2.5411463059999617],
              [117.88407786800016, 2.5409681339999635],
              [117.8845099160002, 2.5407781689999664],
              [117.88515577806518, 2.5404181327690045],
              [117.88592200000005, 2.5401850000000454],
              [117.88692793300017, 2.5393981810000055],
              [117.88706100000006, 2.5392040000000566],
              [117.88767300000008, 2.5382279999999957],
              [117.8885300000001, 2.5372150000000655],
              [117.88880700000001, 2.5368900000000867],
              [117.88897300000008, 2.5366910000000527],
              [117.88942899700025, 2.5361021019999574],
              [117.88972500000004, 2.5357420000000053],
              [117.89129999999997, 2.533804000000101],
              [117.89144700000006, 2.5336320000000807],
              [117.89209400000003, 2.532826000000094],
              [117.89225100000014, 2.5326140000000086],
              [117.89254300000005, 2.5322090000001136],
              [117.89283700000013, 2.5318090000000577],
              [117.8933119700001, 2.531245246],
              [117.89374100000006, 2.5306760000001045],
              [117.89390400000005, 2.5304670000000424],
              [117.89409500000012, 2.5301460000000393],
              [117.89441400000014, 2.529696000000021],
              [117.89533480600022, 2.5284742939999694],
              [117.89609000000007, 2.5275110000000662],
              [117.89690800000008, 2.526355000000075],
              [117.89704200000007, 2.526177000000091],
              [117.89731500000009, 2.5257290000000605],
              [117.89760900000009, 2.525298000000104],
              [117.89818200000006, 2.5246400000001064],
              [117.89845000000004, 2.524301000000082],
              [117.89905100000011, 2.523766000000089],
              [117.8992430000001, 2.5237400000000694],
              [117.89955400000008, 2.5234539999999894],
              [117.89977897266397, 2.5230220783633994],
              [117.89973000000008, 2.522898000000035],
              [117.89974897191922, 2.5221882415669894],
              [117.90072215900011, 2.522258238999995],
              [117.90112400000012, 2.5222920000000766],
              [117.90187999999998, 2.5216170000000933],
              [117.90197800000008, 2.5212460000000387],
              [117.90244600000008, 2.520500000000043],
              [117.90673600000004, 2.51374700000005],
              [117.9083330000001, 2.511437000000056],
              [117.9087430000001, 2.5109210000000415],
              [117.90897600000001, 2.5105820000001007],
              [117.90921399999999, 2.510183999999991],
              [117.90959100000009, 2.509622000000073],
              [117.90982900000007, 2.509225000000046],
              [117.91049482100019, 2.5082892919999855],
              [117.91107600000012, 2.507524000000034],
              [117.91134000000004, 2.50715899999999],
              [117.91162600000007, 2.506775000000056],
              [117.91229200000011, 2.5058370000000725],
              [117.91243500000004, 2.5056010000000857],
              [117.91287300000013, 2.5049720000000892],
              [117.91358699999996, 2.5039130000000416],
              [117.913991, 2.5033250000000624],
              [117.91414900000011, 2.5031040000000315],
              [117.91453499999997, 2.502574000000008],
              [117.91493400000004, 2.5020220000000766],
              [117.91606100000003, 2.500194000000084],
              [117.91631500000008, 2.499838000000027],
              [117.91692000000005, 2.499026000000077],
              [117.9173500000001, 2.498451000000019],
              [117.9177880000001, 2.49789200000013],
              [117.91831400000001, 2.497328000000005],
              [117.91922500000007, 2.4962600000001007],
              [117.91944900000013, 2.4959400000000915],
              [117.91961200000003, 2.4957600000001197],
              [117.92096000000001, 2.4940500000000316],
              [117.92223499999999, 2.4922260000001035],
              [117.92262599400011, 2.491216060999988],
              [117.92278888100026, 2.4911183109999824],
              [117.92357000000004, 2.4904130000000197],
              [117.9240580000001, 2.4897270000001033],
              [117.924352, 2.4893240000000656],
              [117.92445299241355, 2.489189994307348],
              [117.92455700000009, 2.4890519999999894],
              [117.92476600000006, 2.4887770000001037],
              [117.92558800000003, 2.487695000000107],
              [117.92588400000002, 2.4873230000000586],
              [117.92598900000009, 2.4871980000001077],
              [117.92620600000011, 2.486942000000023],
              [117.92671600000003, 2.486328000000066],
              [117.92700300000006, 2.485973000000092],
              [117.92708100000003, 2.4858809999999876],
              [117.92769300000012, 2.485225000000108],
              [117.92801800000011, 2.484826000000046],
              [117.92817899600011, 2.484630348999981],
              [117.92841800000008, 2.4843540000000726],
              [117.92855596200013, 2.4841842889999333],
              [117.92862699515477, 2.484093996188217],
              [117.92877100000005, 2.4839110000001003],
              [117.9290140000001, 2.483604000000059],
              [117.9290840000001, 2.4835220000000664],
              [117.92925200000006, 2.4833290000000847],
              [117.92977700000007, 2.4826530000001075],
              [117.92984300000003, 2.482562000000086],
              [117.93027200000009, 2.482050999999994],
              [117.9311610000001, 2.4810210000000783],
              [117.93148097000021, 2.4806612459999355],
              [117.93165300000013, 2.4804740000001164],
              [117.93183900000007, 2.480271000000065],
              [117.93209000000004, 2.479957000000061],
              [117.93226200000007, 2.479747000000094],
              [117.932712, 2.4792050000001016],
              [117.93279500000003, 2.4791030000000998],
              [117.93296500000005, 2.478891000000056],
              [117.93305499510717, 2.478781995974564],
              [117.93315090600018, 2.478672262999946],
              [117.93324497100014, 2.4785622619999925],
              [117.9336470000001, 2.478001999999999],
              [117.93453091500014, 2.476927300999985],
              [117.93470800000003, 2.4767060000001013],
              [117.93495600000004, 2.4763960000000784],
              [117.9350427530002, 2.4762952959999174],
              [117.93560999999997, 2.4755350000001126],
              [117.93565, 2.475432000000028],
              [117.9359830000001, 2.475241000000034],
              [117.93607481900015, 2.4752192639999704],
              [117.93624085400022, 2.4752330129999534],
              [117.93639700000007, 2.475210000000045],
              [117.9366120000001, 2.4749140000000676],
              [117.93673900000013, 2.4747160000000274],
              [117.93680186200018, 2.474622321999962],
              [117.9369340000001, 2.474442000000094],
              [117.93708299999999, 2.4742620000000333],
              [117.93732900000009, 2.473953000000046],
              [117.93749299999999, 2.4737490000000424],
              [117.93790599999997, 2.4733120000001225],
              [117.93809100000009, 2.473132000000062],
              [117.93834600000004, 2.4728460000000236],
              [117.93843100000007, 2.472753000000056],
              [117.93870599999998, 2.472483000000098],
              [117.93889288800018, 2.4722903059999224],
              [117.93915799999999, 2.47199400000005],
              [117.93935500000012, 2.4717910000000405],
              [117.93973284400022, 2.4713982320000083],
              [117.93982500000003, 2.471300999999957],
              [117.94002400000015, 2.4711150000000215],
              [117.94022597100017, 2.470932313999916],
              [117.94039200000013, 2.4707440000000975],
              [117.94056700000013, 2.4705440000000696],
              [117.94066500000007, 2.4704450000000495],
              [117.94121400000002, 2.4699030000000572],
              [117.94164600000015, 2.4694450000000874],
              [117.94180200000008, 2.4692680000000973],
              [117.9425020000001, 2.468518000000037],
              [117.94266991600006, 2.468328143000007],
              [117.9429240000001, 2.468071000000089],
              [117.94317100000004, 2.467806000000012],
              [117.94325100000007, 2.46772500000006],
              [117.94351200000008, 2.467470000000011],
              [117.943657, 2.46733700000002],
              [117.94387200000003, 2.467147000000109],
              [117.94441600000002, 2.4666960000000966],
              [117.94515900000012, 2.4659290000000507],
              [117.94552100000013, 2.4655620000000606],
              [117.94608500000008, 2.464971000000011],
              [117.94666600000002, 2.4643650000000523],
              [117.94744799999997, 2.4636040000000587],
              [117.9478200000001, 2.463221000000077],
              [117.94801998000005, 2.4630311449999587],
              [117.94858800000006, 2.462468000000035],
              [117.94971100000006, 2.461376000000099],
              [117.94989700000009, 2.461213000000024],
              [117.95077785800015, 2.4603242459999874],
              [117.95114600000014, 2.4599710000000226],
              [117.95148600000003, 2.4596260000000765],
              [117.95166100000003, 2.4594590000000256],
              [117.95238400000008, 2.458784000000131],
              [117.95256100000007, 2.4586060000000582],
              [117.95330499999999, 2.4579280000000043],
              [117.95348800000012, 2.4577590000000544],
              [117.95383300000006, 2.457408000000056],
              [117.95416100000003, 2.457073000000138],
              [117.95446700000004, 2.4567490000000642],
              [117.95481500000005, 2.4564360000000125],
              [117.95528290100013, 2.4559802130000064],
              [117.95558900000006, 2.455688999999981],
              [117.95577900000005, 2.455527000000119],
              [117.9571867610001, 2.4542122740000982],
              [117.95759191500032, 2.453858262000028],
              [117.95801100000008, 2.453493000000135],
              [117.95829400000005, 2.4532470000000783],
              [117.9585780000001, 2.453002000000099],
              [117.95886000000007, 2.452759000000066],
              [117.95993200000012, 2.4518540000000595],
              [117.96049400000008, 2.451394000000013],
              [117.96078900000006, 2.451156000000127],
              [117.96093900000005, 2.451036000000057],
              [117.961398, 2.450670000000061],
              [117.96233500000008, 2.4499330000000104],
              [117.96249100000003, 2.4498110000000413],
              [117.96316100000004, 2.449290000000099],
              [117.9634150000001, 2.449093000000053],
              [117.96368000000008, 2.448889000000049],
              [117.96395300000003, 2.448679000000082],
              [117.96437299900015, 2.4483582980000618],
              [117.9646570000001, 2.4481420000000593],
              [117.96564900000011, 2.447400000000039],
              [117.96619000000011, 2.447005],
              [117.96690100000005, 2.446502000000079],
              [117.96721300000002, 2.446288000000047],
              [117.96753000000004, 2.4460730000001103],
              [117.96784999999997, 2.445859000000037],
              [117.96817199500033, 2.4456462730001105],
              [117.96849300000005, 2.4454360000000737],
              [117.96865300000006, 2.445332000000084],
              [117.96912658100017, 2.4450273250000576],
              [117.96928168400022, 2.4449283230000374],
              [117.96958600000008, 2.444735000000029],
              [117.96973500000006, 2.4446410000000203],
              [117.97107378600018, 2.4438083389999177],
              [117.97122599999997, 2.4437140000000586],
              [117.97152900000007, 2.4435260000000465],
              [117.97196800000007, 2.443252000000113],
              [117.97285600000009, 2.4426830000000184],
              [117.97296000000009, 2.4426130000000885],
              [117.97400500000003, 2.4417450000001235],
              [117.97412000000006, 2.4416039999999617],
              [117.97431300000004, 2.4413220000000297],
              [117.97441100000006, 2.441164000000102],
              [117.97464499999997, 2.4407680000000216],
              [117.9747570000001, 2.4405919999999837],
              [117.97523379300003, 2.440477062000066],
              [117.97553288100016, 2.4405371060000602],
              [117.97571200000006, 2.440566000000006],
              [117.97604785600024, 2.4406043410000278],
              [117.97636687000016, 2.4406250669999663],
              [117.976539, 2.440631000000055],
              [117.9775727230002, 2.440510279000061],
              [117.9777679760001, 2.440441026000193],
              [117.97819382700034, 2.440243245000082],
              [117.97868400000003, 2.4399609999999994],
              [117.97882271400032, 2.439876292000096],
              [117.97965600000006, 2.439341000000079],
              [117.97978000000003, 2.4392580000000503],
              [117.98007300000002, 2.4390580000000224],
              [117.98075100000008, 2.4385780000000556],
              [117.98136500000007, 2.438148000000046],
              [117.98175500000002, 2.4378870000000337],
              [117.98255200000006, 2.4373780000001073],
              [117.98266556200014, 2.4373103229999726],
              [117.98298600000008, 2.4371320000000924],
              [117.98345700000006, 2.4369190000000547],
              [117.98408700000005, 2.4366200000000955],
              [117.98459100000001, 2.436456000000115],
              [117.98614345314516, 2.435977345228877],
              [117.74942044900004, 2.327323117000044],
              [117.40230933799998, 2.6068974340000945],
              [117.02862284100001, 2.599275761000081],
              [116.59069034000007, 2.4130539790000523],
              [116.43673720400001, 2.510202553000058],
              [116.21905868800005, 2.094959425000093],
              [116.12931037100012, 1.6629403600000376],
              [115.76421906000007, 1.258449931000067],
              [115.38118867000007, 1.3586709410000903],
              [115.29147038600006, 1.1717553629999902],
              [114.75507529600009, 1.276564740000092],
              [114.56745280200008, 1.4251925250000692],
              [114.57854502800001, 1.4431476750001178],
              [114.59631314200013, 1.481873372000015],
              [114.59704387900001, 1.4820252900000188],
              [114.60854115500005, 1.5254753600000566],
              [114.60763516500006, 1.5255231490001027],
              [114.61690261400008, 1.5764469190001247],
              [114.61736172200006, 1.576738007000051],
              [114.63670646600006, 1.587221886000096],
              [114.64120894300001, 1.5893008830000728],
              [114.64282456400011, 1.5889414580000452],
              [114.648177762, 1.5905318770000516],
              [114.65166913600005, 1.5893350240000128],
              [114.66081799400004, 1.6004689270000174],
              [114.66115572600009, 1.6004519760000786],
              [114.66420504699997, 1.6002297470000766],
              [114.71538893200002, 1.7318020800001062],
              [114.71192135700008, 1.7387349290000582],
              [114.70066336100003, 1.8028897580000542],
              [114.69655781400006, 1.8095879080001271],
              [114.69761267600003, 1.8095979020000241],
              [114.69956797799999, 1.8096331750000116],
              [114.70015373300014, 1.809402908000008],
              [114.70705814900013, 1.82028429000008],
              [114.71015273300011, 1.818721862000034],
              [114.7176109610001, 1.8253402790000823],
              [114.71848945100014, 1.8247444680000786],
              [114.72640733199998, 1.8313795020000807],
              [114.72745802800004, 1.8313011720000834],
              [114.72626216400013, 1.8576289160000625],
              [114.72670682300006, 1.8571061630001058],
              [114.72985308300005, 1.8575525140000888],
              [114.747495554, 1.868766107999984],
              [114.74959360500013, 1.8673567460000324],
              [114.75134364900006, 1.86674593600012],
              [114.76049993600013, 1.8605258240000762],
              [114.7628365700001, 1.8596378190000546],
              [114.76444274200004, 1.8578593270000727],
              [114.76577701200004, 1.8575079670000445],
              [114.76693852500004, 1.8568899510000687],
              [114.76840444400001, 1.856616078000057],
              [114.77177786700005, 1.8498318410000554],
              [114.77407284800006, 1.850212646000033],
              [114.77603648200008, 1.8501793140000284],
              [114.77750212100003, 1.849684060000043],
              [114.7797282170001, 1.8491171510000326],
              [114.7815907490001, 1.8484819080000943],
              [114.78388406500005, 1.8494176680000285],
              [114.78704559100007, 1.8474314179999984],
              [114.78888507500002, 1.8478397180000723],
              [114.79057401900006, 1.847488623000066],
              [114.79337282700008, 1.8489332300000445],
              [114.79440935500006, 1.848668514000038],
              [114.8159969300001, 1.8777521529999985],
              [114.82243947900007, 1.8925471610000084],
              [114.82328186900013, 1.8920708060000297],
              [114.83393271000004, 1.8954243990001292],
              [114.8354050180001, 1.8950266500000401],
              [114.83701564200013, 1.8949038850000495],
              [114.84022493700002, 1.8931262140000467],
              [114.84199442700006, 1.8929714930000348],
              [114.84587170300006, 1.8939105790001083],
              [114.84707487800003, 1.8938378010000374],
              [114.85218782200005, 1.8942541340000236],
              [114.86228902400005, 1.8991562490000842],
              [114.86469343700003, 1.8999209140000257],
              [114.87441589300013, 1.9287032430001023],
              [114.87372320700003, 1.9289721180000559],
              [114.86989537900004, 1.9299176230000388],
              [114.86935350600005, 1.9300048460000614],
              [114.86411060800003, 1.9380723210000124],
              [114.86087714100002, 1.9371740770000319],
              [114.87733052400007, 2.014829795999993],
              [114.88136032800007, 2.0307980180000857],
              [114.87885982400005, 2.0311516180001217],
              [114.87570857000007, 2.0320196140000863],
              [114.87529945800006, 2.032139606000067],
              [114.87311196499999, 2.0322334930000663],
              [114.87266146900002, 2.0323121010000396],
              [114.86748690600007, 2.0390994649999916],
              [114.865805182, 2.0393330659999993],
              [114.85896053899998, 2.043993306000031],
              [114.85396091000011, 2.040351973000016],
              [114.85121905000008, 2.0406394760000897],
              [114.82958599300002, 2.028289059000019],
              [114.827387388, 2.028247110000054],
              [114.82352011400003, 2.027353034000063],
              [114.82088879000001, 2.0272991520000456],
              [114.81457126200007, 2.0227578310000833],
              [114.79596938300008, 2.05750341600009],
              [114.80800754800012, 2.0612483830000645],
              [114.80259170900001, 2.0889875390000707],
              [114.82037284700004, 2.1298812820000297],
              [114.81789428500005, 2.12981714300001],
              [114.81259917800007, 2.1347135480000423],
              [114.81043668400002, 2.134271654000073],
              [114.80728987799998, 2.1347047030000628],
              [114.79973867100003, 2.144613682000016],
              [114.79477237500006, 2.1457463660000737],
              [114.79186164400002, 2.145696662000094],
              [114.78559662599999, 2.1445664910000612],
              [114.7823012240001, 2.145174506000009],
              [114.77769682000006, 2.1444540020000797],
              [114.77639365200005, 2.1442920520000914],
              [114.76394249500004, 2.1423041970000174],
              [114.76183999100007, 2.142329752000089],
              [114.74210781300008, 2.1322753070000484],
              [114.73742245100001, 2.1659412090000725],
              [114.74082811700006, 2.1670416520000853],
              [114.75518992700007, 2.194340009000082],
              [114.75766793700011, 2.1942530650000354],
              [114.75904275700009, 2.193982806000056],
              [114.76316777500007, 2.194714122000039],
              [114.77250101600012, 2.196583441000117],
              [114.77613526000007, 2.194304455000024],
              [114.78239447600008, 2.1991577620000013],
              [114.78416646700005, 2.198946943000097],
              [114.81393197800003, 2.2618196900000616],
              [114.8202747590001, 2.2625718180001204],
              [114.826831338, 2.245239753000112],
              [114.83037170800002, 2.2453358410000686],
              [114.83872147200006, 2.2498196740000287],
              [114.84061761100008, 2.2496399540001217],
              [114.84877238800007, 2.2524802650000764],
              [114.85070602300001, 2.252594138999995],
              [114.85611282300007, 2.2540068010000365],
              [114.86545690400014, 2.261388711000018],
              [114.8669430910001, 2.259865478000018],
              [114.87217130700006, 2.2634324100000525],
              [114.87418159400012, 2.2627410480000894],
              [114.87576666300008, 2.26214553200011],
              [114.876820971, 2.2616883550000306],
              [114.8779760980001, 2.26128533300008],
              [114.88131176800005, 2.2603481690000766],
              [114.88351953100002, 2.259753471000076],
              [114.88465827200001, 2.259574043000063],
              [114.88757344500007, 2.2597492910000856],
              [114.89170818300015, 2.2604447740000344],
              [114.89372319399997, 2.2598814680000974],
              [114.89539407900011, 2.258300459000024],
              [114.89747297200009, 2.2582373950000045],
              [114.90355273300005, 2.258640951000041],
              [114.90917114300007, 2.253117168000058],
              [114.91108978100009, 2.253107160000029],
              [114.93900150800008, 2.279391808000037],
              [114.94225247000011, 2.2798117500000554],
              [114.94614697000011, 2.281527461000083],
              [114.94665245600002, 2.2809483310000385],
              [114.94896687700012, 2.2810674840000384],
              [114.95340157200005, 2.279288735000124],
              [114.96409742500013, 2.3650320590000558],
              [114.96468234900013, 2.3650603870000904],
              [114.97036661800007, 2.3670235850000365],
              [114.97157090200005, 2.36666888100004],
              [114.97559953500006, 2.3654953339999762],
              [114.99317272100004, 2.3477223950000354],
              [114.99629481400007, 2.3482012430000427],
              [115.01442722400013, 2.364231401000067],
              [115.0164439060001, 2.3640247580001112],
              [115.01943268100004, 2.3637161600000685],
              [115.02045782200004, 2.3632070230001307],
              [115.03990871000012, 2.3914379240000567],
              [115.04242309900006, 2.3902546730000314],
              [115.04510691300007, 2.390192723000057],
              [115.04811594, 2.3851077870000577],
              [115.05420771899999, 2.4050749240000453],
              [115.0642866830001, 2.4072250060001306],
              [115.06738293900005, 2.4046954750000022],
              [115.07253643800004, 2.4070252820000366],
              [115.07466004300007, 2.4055526030000447],
              [115.0781448590001, 2.405143994000034],
              [115.08023653000006, 2.4049020620000423],
              [115.0845629040001, 2.4045031820000373],
              [115.08532363800006, 2.4045273430000353],
              [115.08665346000014, 2.4043248400000667],
              [115.08848932600007, 2.4021930550000743],
              [115.09661076200004, 2.402559665000032],
              [115.12007593400008, 2.456190345000026],
              [115.1235915770001, 2.4543807400001345],
              [115.12493084700006, 2.454103265000091],
              [115.15646791399999, 2.477161214000107],
              [115.15938086200003, 2.47653458000004],
              [115.162621271, 2.4767059440000967],
              [115.16765089600005, 2.4776850380001054],
              [115.17550597900002, 2.480204510000112],
              [115.17881054799997, 2.480935554000025],
              [115.18167100600013, 2.4789976619999576],
              [115.19019740100012, 2.481573295000123],
              [115.20436828300005, 2.4711567920000572],
              [115.21496942600002, 2.4811468360000095],
              [115.23436609000007, 2.492257628000056],
              [115.25071988300013, 2.5234546940000886],
              [115.25042054300006, 2.541445047000077],
              [115.24858272500005, 2.541055905000073],
              [115.24602778200004, 2.5409634210000593],
              [115.2382835000001, 2.5357877090000986],
              [115.22964022400002, 2.540399166000002],
              [115.22179433400002, 2.54746867300007],
              [115.220356744, 2.5471303730000567],
              [115.2148447540001, 2.5677293870000124],
              [115.21390654400001, 2.568087136000125],
              [115.20963462200005, 2.5743405510000406],
              [115.20769348300011, 2.5734639520000275],
              [115.20440697299996, 2.57506688600005],
              [115.18799863900009, 2.5957892760000885],
              [115.1874073280001, 2.5962117430000493],
              [115.18440605300012, 2.5974544040000636],
              [115.17658072900012, 2.6107772880000386],
              [115.17508592500008, 2.6105103710000694],
              [115.17326060400003, 2.6099770720000866],
              [115.17034405300004, 2.61324600100002],
              [115.159998728, 2.605706100000111],
              [115.1536740170001, 2.6083726130001157],
              [115.13574017100004, 2.5857015400000467],
              [115.13294470500003, 2.586151783999955],
              [115.12927963500009, 2.5874461460000253],
              [115.1248238390001, 2.5877970100000542],
              [115.11502622100008, 2.58324850100003],
              [115.10351723600003, 2.6016154910000484],
              [115.10236710900008, 2.6017738120000917],
              [115.09577326900003, 2.6050880680000033],
              [115.0950614220001, 2.606018835000052],
              [115.09457433600004, 2.623458712000099],
              [115.09590693700008, 2.6228412540000807],
              [115.11420545800001, 2.6477829520000835],
              [115.11519060600008, 2.6478387740000837],
              [115.11872598200004, 2.650532430000025],
              [115.11944283100001, 2.6505604790001254],
              [115.1116365040001, 2.691343611000039],
              [115.10795365100002, 2.6902675990000464],
              [115.10064269600005, 2.6955517310000543],
              [115.11602829200004, 2.728575887000135],
              [115.11744560300006, 2.7281461880000197],
              [115.13631901200006, 2.743691073000127],
              [115.13941662200003, 2.806156518000055],
              [115.13736244400006, 2.8058043230000465],
              [115.13487666099999, 2.8067720240000895],
              [115.12781590800003, 2.802295170000132],
              [115.12315985500008, 2.8041530770001124],
              [115.12089987000004, 2.8048491100000597],
              [115.10207439300011, 2.817388258000072],
              [115.09831148700007, 2.8179895610000862],
              [115.09767434800003, 2.817932619000082],
              [115.09277638300004, 2.8209148740000103],
              [115.09183622600005, 2.8209093090000827],
              [115.09296219700005, 2.8232102420000373],
              [115.10205104300005, 2.8300778340000967],
              [115.14739354800012, 2.8683528610000977],
              [115.16354506100006, 2.927228175000071]
            ],
            [
              [117.44325800000004, 3.0518480000000316],
              [117.44531394800008, 3.053395313999938],
              [117.44696453100013, 3.0540708819999685],
              [117.4520620000001, 3.0539940000000456],
              [117.45411700000004, 3.0537140000000598],
              [117.45507400000008, 3.0537290000000574],
              [117.46425192100017, 3.0542630089999667],
              [117.46486099916612, 3.0543100000424017],
              [117.46589057800023, 3.0546952329999355],
              [117.46696777803525, 3.055268881701365],
              [117.46998476600014, 3.0570611720000285],
              [117.47201800000005, 3.0580290000001256],
              [117.4741590000001, 3.0589010000001116],
              [117.477753, 3.0599410000000518],
              [117.44325800000004, 3.0518480000000316]
            ]
          ]
        ]
      },
      "properties": {
        "PROVINSI": "KALIMANTAN UTARA",
        "REGION": "",
        "NEGARA": "",
        "IBU_PROV": "",
        "id": 65
      }
    },
    {
      "type": "Feature",
      "geometry": {
        "type": "MultiPolygon",
        "coordinates": [
          [
            [
              [127.79374178200023, -8.102990450000018],
              [128.09021972900013, -8.137390134000004],
              [128.04802584600026, -8.255957124999995],
              [127.79374178200023, -8.102990450000018]
            ]
          ],
          [
            [
              [131.03096727400015, -8.07634880499996],
              [131.14347547100022, -8.158966620000012],
              [130.75738275500024, -8.341702182999981],
              [131.03096727400015, -8.07634880499996]
            ]
          ],
          [
            [
              [129.6796318950002, -7.786497063000024],
              [129.86777848500014, -7.905344986999989],
              [129.79227418900015, -8.04378086800001],
              [129.5813885760001, -7.893513744000018],
              [129.6796318950002, -7.786497063000024]
            ]
          ],
          [
            [
              [126.6269256730002, -7.557378733999968],
              [126.84245156600014, -7.733389095000025],
              [126.5492775040002, -7.823483331999974],
              [126.4616548270002, -7.973483468999991],
              [126.0652236730002, -7.888990392999943],
              [125.79077910200027, -8.009159065999942],
              [125.94731901900013, -7.661256794999975],
              [126.19113159300016, -7.724421989999978],
              [126.6269256730002, -7.557378733999968]
            ]
          ],
          [
            [
              [131.65607399700016, -7.118767691000009],
              [131.62045462000015, -7.648967363000018],
              [131.29322802700008, -8.029598790999952],
              [131.07889247100005, -7.867365460999924],
              [131.23665103800022, -7.476197860999971],
              [131.65607399700016, -7.118767691000009]
            ]
          ],
          [
            [
              [134.1124895670001, -6.16039615299994],
              [134.52530013200015, -6.572862745000034],
              [134.19981478500017, -6.9412887689999465],
              [134.06954332100022, -6.825773605999956],
              [134.1124895670001, -6.16039615299994]
            ]
          ],
          [
            [
              [134.5390562140003, -5.9191587499999905],
              [134.78267430700024, -6.094342997999995],
              [134.72910080000054, -6.302150826000023],
              [134.54704339400044, -6.3469738169999275],
              [134.28025527100039, -6.047575979000001],
              [134.5390562140003, -5.9191587499999905]
            ]
          ],
          [
            [
              [132.71150772000018, -5.592579113999899],
              [132.81081661500025, -5.806441742999883],
              [132.6627036650004, -5.906287929999891],
              [132.71150772000018, -5.592579113999899]
            ]
          ],
          [
            [
              [134.58716124700015, -5.419014324999952],
              [134.74271708100014, -5.616482100999934],
              [134.73319327400012, -5.97940457699994],
              [134.53457374200005, -5.916492347999906],
              [134.30201430000002, -6.013305418999952],
              [134.34299828000007, -5.728349836000027],
              [134.58716124700015, -5.419014324999952]
            ]
          ],
          [
            [
              [133.15734721200022, -5.276925345000008],
              [133.12113740500013, -5.563178751000023],
              [132.96228085000016, -5.743844455999972],
              [133.15734721200022, -5.276925345000008]
            ]
          ],
          [
            [
              [128.28879997600015, -3.4908205129999734],
              [128.20134651000012, -3.6591683610000123],
              [127.94362532300028, -3.7746538819999484],
              [128.02582220000022, -3.592660001999973],
              [128.28879997600015, -3.4908205129999734]
            ]
          ],
          [
            [
              [126.71207168600017, -3.056501020000005],
              [127.06027240800015, -3.1840526949999868],
              [127.2586964360002, -3.373636697999941],
              [127.2234632970001, -3.659536418000001],
              [126.6742123790003, -3.8556956939999862],
              [126.19632706700025, -3.623441256999974],
              [126.0069543220002, -3.3585680299999785],
              [126.09096238800025, -3.1122222229999528],
              [126.71207168600017, -3.056501020000005]
            ]
          ],
          [
            [
              [129.5417899610002, -2.7879638809999916],
              [130.03599893400013, -3.0041125939999445],
              [130.35251113500016, -2.9748653949999513],
              [130.6034610820002, -3.1536815209999878],
              [130.67845842500006, -3.4051196009999094],
              [130.88084066600015, -3.614342483999958],
              [130.82129548000017, -3.8345994280000104],
              [130.01960017200025, -3.4841023629999333],
              [129.95928510500016, -3.358220234999979],
              [129.5263836540002, -3.298334745000001],
              [129.53738777800004, -3.470110792000006],
              [129.08489258200015, -3.3417462480000024],
              [128.88707051400016, -3.203668686999964],
              [128.67493176400018, -3.4336122279999968],
              [128.4051948120001, -3.4292472259999682],
              [128.0909673840001, -3.1305825609999536],
              [127.92358822100017, -3.565292274999968],
              [127.87351971000014, -3.1942661159999473],
              [128.1866744430001, -2.8671997619999976],
              [128.83694684900007, -2.8665900750000004],
              [129.06559617200014, -2.809643208999982],
              [129.1318190800001, -2.9695521589999805],
              [129.5417899610002, -2.7879638809999916]
            ]
          ]
        ]
      },
      "properties": { "PROVINSI": "MALUKU", "REGION": "", "NEGARA": "", "IBU_PROV": "", "id": 81 }
    },
    {
      "type": "Feature",
      "geometry": {
        "type": "MultiPolygon",
        "coordinates": [
          [
            [
              [125.91406934000017, -1.9741514589998763],
              [126.05914326000008, -2.3915086099999625],
              [125.85595674200016, -2.092572627999881],
              [125.91406934000017, -1.9741514589998763]
            ]
          ],
          [
            [
              [125.40467214500008, -1.7750921219999238],
              [126.32262228000019, -1.8409179129998874],
              [125.91860235800016, -1.9389535529999256],
              [125.43320331300006, -1.9494286079998622],
              [125.40467214500008, -1.7750921219999238]
            ]
          ],
          [
            [
              [124.53030874200007, -1.629839925999823],
              [125.1076898800001, -1.6919745750000015],
              [125.31823591300001, -1.8920311089998618],
              [124.8607425460003, -1.8915401649999195],
              [124.39226683500033, -2.0186901689999734],
              [124.34211233000018, -1.8151121089997977],
              [124.53030874200007, -1.629839925999823]
            ]
          ],
          [
            [
              [127.64255492500016, -1.3311827329999826],
              [127.9361164680001, -1.4488120390000159],
              [128.1551310770002, -1.6841858240000196],
              [127.4985635540002, -1.7246779899999698],
              [127.44345092200015, -1.4348947830000203],
              [127.64255492500016, -1.3311827329999826]
            ]
          ],
          [
            [
              [127.52628591200015, -0.3008882189999529],
              [127.69245305000005, -0.45576847499998685],
              [127.60205097600021, -0.5746800379999772],
              [127.88033854500016, -0.8114215609999942],
              [127.46309185600015, -0.8146293119999282],
              [127.48074421500019, -0.6299246510000156],
              [127.29149894800011, -0.4566213790000351],
              [127.52628591200015, -0.3008882189999529]
            ]
          ],
          [
            [
              [127.24056348200027, -0.24571929999996023],
              [127.26394477200031, -0.4922315449999015],
              [127.10607511200011, -0.4239267539999947],
              [127.24056348200027, -0.24571929999996023]
            ]
          ],
          [
            [
              [127.97908303000023, 2.1978111270000245],
              [127.85160943400012, 1.9248151970000382],
              [128.02188265400014, 1.7039783999999703],
              [128.01032810900014, 1.314158958000009],
              [127.6558736240002, 1.0273068570000188],
              [127.7980866890001, 0.795758434000069],
              [127.98169663600046, 1.0879083110000831],
              [128.16602308800017, 1.1246691820000354],
              [128.16083618100018, 1.359324922000047],
              [128.47242608700017, 1.5516576970000617],
              [128.72315652100016, 1.5720602980000198],
              [128.7005801510002, 1.0670571960000519],
              [128.19763423800018, 0.7894426930000176],
              [128.31291051600022, 0.6598247960000503],
              [128.67887613800013, 0.550219110999981],
              [128.67834065200023, 0.3362747899999885],
              [127.96901282600012, 0.48196817000000003],
              [127.88759458700021, 0.010238131999971145],
              [128.2133785700001, -0.6972009790000033],
              [128.45208347100004, -0.9127444109999683],
              [128.00245110100013, -0.6674874599999736],
              [127.8635910600002, -0.36506275499998075],
              [127.66134236900015, -0.2082101089999977],
              [127.73396721400019, 0.3019585509999789],
              [127.52729063800022, 0.5528283270000411],
              [127.62921312600025, 0.8612823750001031],
              [127.49276254800027, 0.8914688780000102],
              [127.4073907790001, 1.2339130710000124],
              [127.55237079800033, 1.7132810310001556],
              [127.97908303000023, 2.1978111270000245]
            ]
          ],
          [
            [
              [128.56746731800007, 2.6450315700000093],
              [128.68741471600015, 2.502106655000089],
              [128.50502391800012, 2.058553556000051],
              [128.29346867700016, 2.0303863149999746],
              [128.1969924720002, 2.279807754000016],
              [128.56746731800007, 2.6450315700000093]
            ]
          ]
        ]
      },
      "properties": {
        "PROVINSI": "MALUKU UTARA",
        "REGION": "",
        "NEGARA": "",
        "IBU_PROV": "",
        "id": 82
      }
    },
    {
      "type": "Feature",
      "geometry": {
        "type": "MultiPolygon",
        "coordinates": [
          [
            [
              [138.82060666500013, -8.144277843000031],
              [138.8893922960002, -8.388881849000002],
              [138.56631474200006, -8.355165398000059],
              [138.82060666500013, -8.144277843000031]
            ]
          ],
          [
            [
              [138.67672784500024, -7.368018619000056],
              [139.07830963400016, -7.567460536000043],
              [138.91117951500016, -8.076801965000053],
              [138.46443908400028, -8.350521756000068],
              [137.6404691680002, -8.424304311000059],
              [137.91494909600013, -7.776807593000063],
              [138.2266632770001, -7.466068565000034],
              [138.67672784500024, -7.368018619000056]
            ]
          ],
          [
            [
              [138.93345367200016, -6.843120818000054],
              [139.34449766100022, -7.047029494000052],
              [139.42937244400014, -7.2185268490000905],
              [138.7676798610002, -7.121102780000028],
              [138.56201097300013, -6.932726775000015],
              [138.93345367200016, -6.843120818000054]
            ]
          ],
          [
            [
              [138.50939246800021, -5.595427902000055],
              [138.40579502700015, -5.818525740000063],
              [138.1595841720001, -5.754116853000007],
              [138.50939246800021, -5.595427902000055]
            ]
          ],
          [
            [
              [138.17134216200023, -5.124323232000077],
              [138.14837227800004, -5.259402609000024],
              [137.87508404400012, -5.358188887999998],
              [138.17134216200023, -5.124323232000077]
            ]
          ],
          [
            [
              [135.48165964500026, -1.6017048850000926],
              [136.18255289400025, -1.6557448100000194],
              [136.90234881200016, -1.7900515180000731],
              [136.2671394180001, -1.8905465100000285],
              [135.48165964500026, -1.6017048850000926]
            ]
          ],
          [
            [
              [134.74236071300004, -4.195835906000039],
              [135.06489282700008, -3.9480701730000343],
              [135.08883778500012, -3.7411511110000015],
              [134.87819309600013, -3.6071657729999567],
              [134.80981967100013, -3.271851349999946],
              [134.61403216200017, -2.9477653449999695],
              [134.66117880800013, -2.753787324000073],
              [134.68862716600006, -2.9643597140000475],
              [134.8517107910002, -2.8858898570000955],
              [134.80028979000033, -3.131589689999964],
              [134.98418433200018, -3.3267811489999852],
              [135.47364127400022, -3.3719111050000636],
              [135.92378328700025, -2.9604144480000203],
              [136.05875883700014, -2.6686712710000835],
              [136.2781560800002, -2.517855100000049],
              [136.33248619800014, -2.2879359439999902],
              [136.51807530700015, -2.1909669560001],
              [136.75049537100008, -2.2517146660000975],
              [137.23261159100016, -2.047993349000059],
              [137.12434799100012, -1.777611061000055],
              [137.67990056600004, -1.504786125000095],
              [137.93174437100015, -1.4578890180000847],
              [138.06499005700016, -1.5996886110000652],
              [138.64514263400025, -1.7847463520000595],
              [139.80463216100026, -2.377789700000026],
              [140.05578243600016, -2.3599591919999874],
              [140.710511451, -2.487198941000007],
              [140.68676951500015, -2.6122804070000614],
              [141.00005100900015, -2.60435663700001],
              [140.99997365000013, -6.323231656000044],
              [140.84874359500023, -6.721656692000073],
              [141.02972465600024, -6.894282204000019],
              [141.02977635500017, -9.136650808000086],
              [140.61633141400003, -8.813432263000005],
              [140.50304637100018, -8.616393147000052],
              [139.99460533600015, -8.201072324000053],
              [139.71508610700008, -8.09867923999999],
              [139.34150401500006, -8.205895609000075],
              [139.22404905400015, -8.094858016000012],
              [138.96923100600017, -8.20298350200009],
              [138.83375249100015, -8.124320426000049],
              [139.10526150100011, -7.5481588440000476],
              [138.9571174370001, -7.509495221000046],
              [138.6783696400002, -7.19568795300008],
              [139.43697386600007, -7.22228200900002],
              [139.34659350800018, -7.0457557850000025],
              [138.8289259310002, -6.779227767000046],
              [138.4435811020001, -6.377243103000102],
              [138.2604404120002, -5.864636283000007],
              [138.38057959000005, -5.723773283000072],
              [138.08922657800017, -5.744106748999994],
              [137.99091957700006, -5.38529239800008],
              [138.16742506500023, -5.115860204000083],
              [137.84589745100007, -5.372504442999998],
              [137.23559886200016, -4.990021278000062],
              [136.83160916100013, -4.913730060000071],
              [135.92336046900007, -4.490916553999985],
              [135.20598068300015, -4.465702825000034],
              [134.74236071300004, -4.195835906000039]
            ]
          ],
          [
            [
              [135.8212078710001, -0.6896615720000376],
              [136.17253750200015, -1.0442476560000458],
              [136.38027751100006, -1.0899262370000429],
              [136.1357347890001, -1.1997923240000752],
              [135.85782700100015, -1.1665762240000532],
              [135.72059612300043, -0.7970431079999329],
              [135.8212078710001, -0.6896615720000376]
            ]
          ],
          [
            [
              [135.3924360110006, -0.6207639900000217],
              [135.74257109983384, -0.7362393837260051],
              [135.64282683800027, -0.887141089000103],
              [135.3924360110006, -0.6207639900000217]
            ]
          ]
        ]
      },
      "properties": { "PROVINSI": "PAPUA", "REGION": "", "NEGARA": "", "IBU_PROV": "", "id": 91 }
    },
    {
      "type": "Feature",
      "geometry": {
        "type": "MultiPolygon",
        "coordinates": [
          [
            [
              [130.35295972417893, -1.6727190429184375],
              [130.43903585697717, -1.9543001000013511],
              [130.13224786063455, -2.0606890423619646],
              [129.72088047736443, -1.88052777619885],
              [130.35295972417893, -1.6727190429184375]
            ]
          ],
          [
            [
              [130.90207225900022, -0.89043718499995],
              [131.08571213300024, -1.0066619729999466],
              [130.96022692900027, -1.3597780690000079],
              [130.73845232200006, -1.2174715800000087],
              [130.63508156100028, -0.9584444140000166],
              [130.90207225900022, -0.89043718499995]
            ]
          ],
          [
            [
              [130.80539564400036, -0.752626331000041],
              [130.85043414200015, -0.8601899589999036],
              [130.53569962300003, -0.9190331429999716],
              [130.45737689000026, -0.8016769289999743],
              [130.80539564400036, -0.752626331000041]
            ]
          ],
          [
            [
              [134.66117880800013, -2.753787324000073],
              [134.61403216200017, -2.9477653449999695],
              [134.80981967100013, -3.271851349999946],
              [134.87819309600013, -3.6071657729999567],
              [135.08883778500012, -3.7411511110000015],
              [135.06489282700008, -3.9480701730000343],
              [134.74236071300004, -4.195835906000039],
              [134.6769528750002, -3.919689079000002],
              [134.50648721500025, -4.043560455000031],
              [134.1685832440003, -3.773352623000073],
              [133.96006646200024, -3.8619673389996416],
              [133.62238062500003, -3.4732268699998707],
              [133.40293723300033, -3.6988645290000592],
              [133.4568483920001, -3.859324249000065],
              [133.24870906900034, -4.07348127000007],
              [132.9133781570002, -4.080790170000051],
              [132.7317552580002, -3.6298211180000566],
              [132.93881160700013, -3.5484485690000094],
              [132.64541678700033, -3.1919896420000287],
              [132.04368514600037, -2.76881839999992],
              [132.19645298300014, -2.6530630310000385],
              [132.79019415300013, -2.782474777000002],
              [133.21343508700022, -2.4114514970000407],
              [133.41276540000013, -2.694408835000009],
              [133.61460030600006, -2.53750293200006],
              [133.79686636929742, -2.647162809292916],
              [133.81956037400053, -2.4478156780000333],
              [133.98694579100015, -2.447883833999988],
              [133.9252015430002, -2.0906898490001176],
              [133.62143522500025, -2.231439967000039],
              [133.17829282300016, -2.194636643000038],
              [132.7106348050001, -2.2981418610000155],
              [132.57425587100016, -2.1888950519999746],
              [132.3180842800001, -2.2837248739999723],
              [132.0392859300001, -2.0739722959999725],
              [131.91384057700012, -1.5842218770000045],
              [131.7173320440002, -1.4235716440000452],
              [131.44423350600016, -1.5128512370000031],
              [130.99697417500016, -1.4579751310000795],
              [131.17607838000004, -1.2213453040000672],
              [131.22516098900013, -0.8217994220000264],
              [131.84423326500018, -0.7074824190000513],
              [132.0944605510001, -0.479788093000046],
              [132.42109981900006, -0.3433468160000359],
              [132.7221876550002, -0.36457624800001653],
              [133.39684414200013, -0.7414736649999938],
              [133.94556408600016, -0.7134418340000188],
              [134.13686198100015, -0.8643014350000939],
              [134.00973828400015, -0.9555059690000718],
              [134.24637768100015, -1.3132978420000292],
              [134.0762585970001, -1.6482126510000157],
              [134.10402528000026, -2.072284500000034],
              [134.21662668900012, -2.421469715000015],
              [134.47100497000014, -2.86584169300004],
              [134.4607467690001, -2.580844058999923],
              [134.6512890800003, -2.534004355000044],
              [134.66117880800013, -2.753787324000073]
            ]
          ],
          [
            [
              [130.79999239700024, -0.006588877000048399],
              [131.05244176200034, -0.02318916600008336],
              [131.31845989000038, -0.19794152700005796],
              [131.2478732160005, -0.38008789000003773],
              [130.94269120900017, -0.3425020680000408],
              [130.6992714990005, -0.0780537009999378],
              [130.6826040460005, -0.2920282080000298],
              [130.3306338620002, -0.2722950850000423],
              [130.39872110300016, -0.11208799299980043],
              [130.79999239700024, -0.006588877000048399]
            ]
          ]
        ]
      },
      "properties": {
        "PROVINSI": "PAPUA BARAT",
        "REGION": "",
        "NEGARA": "",
        "IBU_PROV": "",
        "id": 92
      }
    },
    {
      "type": "Feature",
      "geometry": {
        "type": "Polygon",
        "coordinates": [
          [
            [123.11543900500018, 0.9241455140000561],
            [123.24714501900009, 0.7169738670000854],
            [123.5333727000001, 0.5768744750000039],
            [123.47664362200017, 0.31659179600004705],
            [123.27860982700007, 0.3188360520000195],
            [123.06255760900011, 0.5051329080000428],
            [122.11768200000007, 0.49795000000000655],
            [121.80470691700013, 0.4096614699999819],
            [121.5256551650002, 0.5507085730000512],
            [121.33700273300013, 0.4736502980000097],
            [121.16124524800004, 0.6786533470000506],
            [121.24585096300008, 0.8011924390000686],
            [121.86289841300011, 0.9907939330000488],
            [122.19554703900018, 1.0384760249999943],
            [122.77211050400003, 0.8787533670000442],
            [123.11543900500018, 0.9241455140000561]
          ]
        ]
      },
      "properties": {
        "PROVINSI": "GORONTALO",
        "REGION": "",
        "NEGARA": "",
        "IBU_PROV": "",
        "id": 75
      }
    },
    {
      "type": "Feature",
      "geometry": {
        "type": "Polygon",
        "coordinates": [
          [
            [119.5614724650002, -0.8514337930000409],
            [119.60202689200014, -1.1714738150000308],
            [119.45199771100012, -1.3669043730000299],
            [119.70027168000007, -1.4575040639999672],
            [119.86765775000012, -1.7718143559999868],
            [119.8702713000001, -2.0180597149999615],
            [119.63257870100017, -2.242452403999992],
            [119.84368189100019, -2.6083915430000184],
            [119.55074385800015, -2.8977912130000307],
            [119.6307327440002, -3.12838927500004],
            [119.37027852700017, -3.199338992999942],
            [119.4743072240002, -3.5028828039999818],
            [119.2824823960002, -3.4320458769999975],
            [118.93432830000019, -3.569159874999891],
            [118.82487515700012, -3.1644662539999837],
            [118.87129120800013, -2.6811118239999567],
            [119.14211452100011, -2.472564116999995],
            [119.21748755300017, -1.9933896229999606],
            [119.33164994800013, -1.9609330799999904],
            [119.2817051180002, -1.685653153999941],
            [119.34012379200023, -1.1666673719999814],
            [119.5614724650002, -0.8514337930000409]
          ]
        ]
      },
      "properties": {
        "PROVINSI": "SULAWESI BARAT",
        "REGION": "",
        "NEGARA": "",
        "IBU_PROV": "",
        "id": 76
      }
    },
    {
      "type": "Feature",
      "geometry": {
        "type": "MultiPolygon",
        "coordinates": [
          [
            [
              [120.49070838500018, -5.767299534000001],
              [120.5683709230002, -6.054945273000021],
              [120.48333778000016, -6.4994174339999855],
              [120.49070838500018, -5.767299534000001]
            ]
          ],
          [
            [
              [121.68549370100014, -2.9007692279999633],
              [121.45946440500015, -3.012356859999973],
              [121.31923210000008, -2.8083333329999762],
              [120.98824760700013, -2.83133543499999],
              [121.0959365230005, -2.7158620179999007],
              [120.8151971750002, -2.6188071790000125],
              [120.57461585200018, -2.6989912799999596],
              [120.18972941000017, -2.966471080999974],
              [120.41621258000023, -3.2571280060000065],
              [120.43935936000014, -3.7459681499999755],
              [120.3362066280001, -3.9350781709999696],
              [120.40902243800022, -4.695583160000013],
              [120.2700862510002, -5.1416172609999835],
              [120.46042529500018, -5.620017406999986],
              [120.34465515300015, -5.513383965999994],
              [119.93428003900017, -5.5444306500000184],
              [119.79430457000012, -5.700706426999966],
              [119.4249819690002, -5.5764794129999995],
              [119.35321353200014, -5.327414328999955],
              [119.52321620000023, -4.912931008999974],
              [119.48126296100018, -4.751430916999952],
              [119.6397582340001, -4.302215645000026],
              [119.45025135200014, -3.6732049610000397],
              [119.4743072240002, -3.5028828039999818],
              [119.37027852700017, -3.199338992999942],
              [119.6307327440002, -3.12838927500004],
              [119.55074385800015, -2.8977912130000307],
              [119.84368189100019, -2.6083915430000184],
              [119.63257870100017, -2.242452403999992],
              [119.8702713000001, -2.0180597149999615],
              [120.33494008800011, -2.0615962740000073],
              [120.38877020700018, -1.897542578999997],
              [120.75660935100021, -2.2389793319999542],
              [121.09702971000009, -2.2747492889999856],
              [121.7040714210002, -2.5381409859999673],
              [121.78847189100021, -2.668783879000011],
              [121.68549370100014, -2.9007692279999633]
            ]
          ]
        ]
      },
      "properties": {
        "PROVINSI": "SULAWESI SELATAN",
        "REGION": "",
        "NEGARA": "",
        "IBU_PROV": "",
        "id": 73
      }
    },
    {
      "type": "Feature",
      "geometry": {
        "type": "MultiPolygon",
        "coordinates": [
          [
            [
              [123.17117001400032, -1.1490375949999425],
              [123.24659943500006, -1.3909247780000102],
              [123.38118446300014, -1.2206623280000075],
              [123.55932719700006, -1.281353684999961],
              [123.45687440800022, -1.5177610569999525],
              [123.12096709100008, -1.294422096999889],
              [122.87897616900014, -1.6005904860000166],
              [122.79619936599998, -1.3707798049999633],
              [122.91184749400014, -1.18030724500003],
              [123.17117001400032, -1.1490375949999425]
            ]
          ],
          [
            [
              [121.33700273300013, 0.4736502980000097],
              [120.89803889600012, 0.39588561900005104],
              [120.68799226600012, 0.5133127600000549],
              [120.30360947200013, 0.4182866959999849],
              [120.13553566600012, 0.19279421699999588],
              [120.01133650500014, -0.29071746699998613],
              [120.0589629040002, -0.628856628999948],
              [120.31612403000015, -0.9660072930000112],
              [120.58667914200016, -1.1137489349999434],
              [120.69400450500021, -1.4192213569999526],
              [121.11318876300003, -1.429582322999953],
              [121.47890958100011, -0.8998949689999662],
              [121.9459674700001, -0.9968403090000315],
              [122.2018130540001, -0.7884255179999649],
              [122.68721589100015, -0.81159116400001],
              [123.05644018300012, -0.5647306679999424],
              [123.26121728000021, -0.5801574589999596],
              [123.44772172400017, -0.7709696880000187],
              [123.3528900030002, -1.0336925919999977],
              [123.04037762500008, -0.9103168709999458],
              [122.79309913000016, -0.9503581659999831],
              [122.63217519700011, -1.2361286200000068],
              [122.21871944900015, -1.6025101979999592],
              [121.86228754300019, -1.670296282999936],
              [121.74274288300013, -1.8883171479999818],
              [121.55435447100015, -1.9559702829999717],
              [121.28892399200015, -1.8425090949999303],
              [121.55136538400019, -2.1677145630000085],
              [121.79921321400006, -2.2899787729999312],
              [122.01098796200004, -2.719362865000016],
              [122.32130064400015, -2.92080553699999],
              [122.25006672600009, -3.0213951800000496],
              [122.48884141700002, -3.1804513230000078],
              [122.31073665700013, -3.2729552500000283],
              [122.06113395700011, -2.949120687999959],
              [121.68549370100014, -2.9007692279999633],
              [121.78847189100021, -2.668783879000011],
              [121.7040714210002, -2.5381409859999673],
              [121.09702971000009, -2.2747492889999856],
              [120.75660935100021, -2.2389793319999542],
              [120.38877020700018, -1.897542578999997],
              [120.33494008800011, -2.0615962740000073],
              [119.8702713000001, -2.0180597149999615],
              [119.86765775000012, -1.7718143559999868],
              [119.70027168000007, -1.4575040639999672],
              [119.45199771100012, -1.3669043730000299],
              [119.60202689200014, -1.1714738150000308],
              [119.5614724650002, -0.8514337930000409],
              [119.72670403200014, -0.6470747649999957],
              [119.79307535700012, -0.1219811989999613],
              [119.88575352700008, -0.0015853639999967584],
              [119.90094400500017, 0.4785525949999965],
              [120.35426306700009, 0.9840261169999849],
              [120.39835242100014, 0.7917043079999893],
              [120.61007691800005, 0.8083106229999899],
              [120.78547994100012, 1.0299856000000425],
              [120.83884657600012, 1.3123677920000283],
              [121.40975578500003, 1.2657078170000098],
              [121.55619971000024, 1.0624607899999567],
              [121.93029750200013, 1.1020598489999962],
              [122.19554703900018, 1.0384760249999943],
              [121.86289841300011, 0.9907939330000488],
              [121.24585096300008, 0.8011924390000686],
              [121.16124524800004, 0.6786533470000506],
              [121.33700273300013, 0.4736502980000097]
            ]
          ]
        ]
      },
      "properties": {
        "PROVINSI": "SULAWESI TENGAH",
        "REGION": "",
        "NEGARA": "",
        "IBU_PROV": "",
        "id": 72
      }
    },
    {
      "type": "Feature",
      "geometry": {
        "type": "MultiPolygon",
        "coordinates": [
          [
            [
              [121.90056290500013, -5.065019164000003],
              [122.02344420000021, -5.149418224999999],
              [122.04964643600024, -5.459788457999979],
              [121.79557397100014, -5.277854462999985],
              [121.90056290500013, -5.065019164000003]
            ]
          ],
          [
            [
              [122.67742736100008, -4.612224245000015],
              [122.76476900100019, -4.895316210999931],
              [122.58880002700027, -5.16005783100005],
              [122.58995980200014, -5.433779943999992],
              [122.27878360100017, -5.393775867000015],
              [122.3846057900001, -4.992454572999979],
              [122.31821082600011, -4.832588556999981],
              [122.67742736100008, -4.612224245000015]
            ]
          ],
          [
            [
              [123.07497052200016, -4.3665479569999635],
              [123.20821662600021, -4.611936385000001],
              [123.03064797400017, -4.749924944999958],
              [122.95490819100026, -5.216900843000003],
              [123.22554374100007, -5.27787265999998],
              [122.9704940190001, -5.3963095249999515],
              [122.79951151500012, -5.6971451949999175],
              [122.5566125780001, -5.5186329249999755],
              [122.75570220300015, -5.2285031899999534],
              [122.9079719370002, -4.460339281000011],
              [123.07497052200016, -4.3665479569999635]
            ]
          ],
          [
            [
              [123.01460830200017, -3.9780733629999867],
              [123.24790208800012, -4.124154011999978],
              [123.11756308200007, -4.260821608999973],
              [122.93931945300007, -4.094904668999985],
              [123.01460830200017, -3.9780733629999867]
            ]
          ],
          [
            [
              [121.68549370100014, -2.9007692279999633],
              [122.06113395700011, -2.949120687999959],
              [122.31073665700013, -3.2729552500000283],
              [122.19571237000008, -3.60728698299991],
              [122.6662906110002, -3.8979594709999867],
              [122.66891665800014, -4.154493876999962],
              [122.88852227100013, -4.127303688999992],
              [122.83488400300013, -4.442183754999992],
              [122.66136596800014, -4.356613884000024],
              [122.09158982900018, -4.540816614999973],
              [122.10856466100013, -4.817617081999978],
              [121.68424789700018, -4.850922916999964],
              [121.47131536400015, -4.689094082000008],
              [121.60936124600015, -4.062076076999962],
              [121.36989621700012, -4.002047903999991],
              [120.90581240400009, -3.5759664120000503],
              [120.86607897200021, -3.4297296909999355],
              [121.05705922400004, -3.1886029209999913],
              [120.98824760700013, -2.83133543499999],
              [121.31923210000008, -2.8083333329999762],
              [121.45946440500015, -3.012356859999973],
              [121.68549370100014, -2.9007692279999633]
            ]
          ]
        ]
      },
      "properties": {
        "PROVINSI": "SULAWESI TENGGARA",
        "REGION": "",
        "NEGARA": "",
        "IBU_PROV": "",
        "id": 74
      }
    },
    {
      "type": "Feature",
      "geometry": {
        "type": "MultiPolygon",
        "coordinates": [
          [
            [
              [123.47664362200017, 0.31659179600004705],
              [123.5333727000001, 0.5768744750000039],
              [123.24714501900009, 0.7169738670000854],
              [123.11543900500018, 0.9241455140000561],
              [123.91690197900009, 0.8463244860000536],
              [124.29743087700015, 1.0096667719999992],
              [124.5123097200002, 1.315489268000018],
              [124.81638690700014, 1.4584881140000157],
              [124.96086987200019, 1.6846582890000334],
              [125.17555527000003, 1.6840998520000134],
              [125.24738053500018, 1.5077293790000041],
              [125.01215976000013, 1.1249098189999458],
              [124.71607918000014, 0.8891566769999955],
              [124.49310181500014, 0.5463445050000111],
              [124.27834815300007, 0.40204753399998694],
              [123.47664362200017, 0.31659179600004705]
            ]
          ],
          [
            [
              [125.4531101690002, 3.7356273690000315],
              [125.66676749500034, 3.5034291960001447],
              [125.48273869000012, 3.486491652000094],
              [125.4531101690002, 3.7356273690000315]
            ]
          ],
          [
            [
              [126.74397582400016, 4.54574879900002],
              [126.91179235700021, 4.268375107000015],
              [126.78128007800014, 4.248835057000015],
              [126.74397582400016, 4.54574879900002]
            ]
          ]
        ]
      },
      "properties": {
        "PROVINSI": "SULAWESI UTARA",
        "REGION": "",
        "NEGARA": "",
        "IBU_PROV": "",
        "id": 71
      }
    },
    {
      "type": "Feature",
      "geometry": {
        "type": "Polygon",
        "coordinates": [
          [
            [105.82985526900008, -4.172630154000001],
            [105.91273499700004, -4.436949538999999],
            [105.86356224300013, -5.257439383999972],
            [105.78987865400015, -5.807686435000055],
            [105.60736436400003, -5.831658378000017],
            [105.2898318300001, -5.444995705999945],
            [105.14730664100004, -5.808204154999987],
            [104.6050786070001, -5.496180577999987],
            [104.53100735500013, -5.544883351000007],
            [104.73057317100005, -5.932929797999991],
            [104.57028067600002, -5.8749286759999775],
            [103.57125416700003, -4.926142355000025],
            [103.76138403700013, -4.775119629000022],
            [103.93670620200007, -4.890686185000015],
            [104.31012600000008, -4.883267999999967],
            [104.34647900000004, -4.398063000000035],
            [104.60221600000013, -4.2319119999999355],
            [105.00000000000004, -4.177553999999992],
            [105.35261882800017, -3.7926177740000426],
            [105.52359841400009, -3.841476840000022],
            [105.82985526900008, -4.172630154000001]
          ]
        ]
      },
      "properties": {
        "PROVINSI": "LAMPUNG",
        "REGION": "SUMATERA",
        "NEGARA": "INDONESIA",
        "IBU_PROV": "Bandarlampung",
        "id": 18
      }
    },
    {
      "type": "Feature",
      "geometry": {
        "type": "MultiPolygon",
        "coordinates": [
          [
            [
              [100.22861223100017, -2.7849579290000013],
              [100.47016399300001, -3.04367770199995],
              [100.4414266330001, -3.3441446429999764],
              [100.23700531900015, -3.056385832000001],
              [100.22861223100017, -2.7849579290000013]
            ]
          ],
          [
            [
              [99.99519362900013, -2.5023835110000157],
              [100.22339538900009, -2.7513492710000076],
              [100.0210603770001, -2.850856349000024],
              [99.99519362900013, -2.5023835110000157]
            ]
          ],
          [
            [
              [99.59244028100005, -2.0308818849999435],
              [99.84734168800011, -2.3393400410000034],
              [99.6011904310001, -2.284141504999964],
              [99.59244028100005, -2.0308818849999435]
            ]
          ],
          [
            [
              [98.90749511700017, -0.9081948909999839],
              [99.30421231900002, -1.6862505709999989],
              [99.12551857100017, -1.8086012319999702],
              [98.87955280400013, -1.6804017610000372],
              [98.5966798040002, -1.1988737240000567],
              [98.66362382100016, -0.9797495420000153],
              [98.90749511700017, -0.9081948909999839]
            ]
          ],
          [
            [
              [100.19328707200007, 0.7638156909999484],
              [100.28961828600013, 0.3984468870000313],
              [100.48236319000014, 0.40111346700005557],
              [100.68068978200013, 0.18730928900000923],
              [100.84544426200013, -0.34192713400005603],
              [101.83240430700013, -0.9822651129999684],
              [101.72270779800019, -1.4388353659999569],
              [101.50160325300017, -1.679176825000032],
              [101.13162660800003, -1.6852085600000204],
              [101.28540329300014, -2.2767717920000203],
              [101.02266815900005, -2.4787099930000394],
              [100.82142689400004, -2.147873441999984],
              [100.84184638300006, -1.8791383050000183],
              [100.64359047000005, -1.621269133000002],
              [100.5471979190001, -1.3125257089999693],
              [100.40057174000006, -1.2705908800000225],
              [100.33123277800004, -0.8608140480000077],
              [99.81682421000018, -0.2983708080000483],
              [99.76352562500013, -0.06996028999993785],
              [99.36176474000011, 0.2266081649999955],
              [99.16726943300017, 0.2283656310000067],
              [99.46873310000002, 0.5236151509999862],
              [99.9052007270001, 0.47108852600004214],
              [99.87255928700012, 0.9072205439999692],
              [100.19328707200007, 0.7638156909999484]
            ]
          ]
        ]
      },
      "properties": {
        "PROVINSI": "SUMATERA BARAT",
        "REGION": "SUMATERA",
        "NEGARA": "INDONESIA",
        "IBU_PROV": "Padang",
        "id": 13
      }
    },
    {
      "type": "Feature",
      "geometry": {
        "type": "MultiPolygon",
        "coordinates": [
          [
            [
              [102.16229840700012, -5.287949880999951],
              [102.38116068600013, -5.385967187999992],
              [102.24791721100021, -5.496400754000008],
              [102.16229840700012, -5.287949880999951]
            ]
          ],
          [
            [
              [102.0670465220002, -2.7664778010000317],
              [102.25472698700011, -3.0365997159999787],
              [102.4332160780001, -3.0549513719999903],
              [102.49786291900011, -3.262865562000039],
              [102.98943819400017, -3.369712925999935],
              [102.61832193000008, -3.8012501890000134],
              [103.07384602200018, -4.261286560000006],
              [103.46375213200021, -4.337679031000024],
              [103.76138403700013, -4.775119629000022],
              [103.57125416700003, -4.926142355000025],
              [102.90318645200018, -4.491387325999982],
              [102.30374698500017, -3.985230159999996],
              [102.23447022300013, -3.680074501999993],
              [101.61684306800002, -3.24029817299999],
              [101.32206391400007, -2.738071622000001],
              [101.02266815900005, -2.4787099930000394],
              [101.28540329300014, -2.2767717920000203],
              [101.85992131000015, -2.729741747000011],
              [102.0670465220002, -2.7664778010000317]
            ]
          ]
        ]
      },
      "properties": {
        "PROVINSI": "BENGKULU",
        "REGION": "SUMATERA",
        "NEGARA": "INDONESIA",
        "IBU_PROV": "Bengkulu",
        "id": 17
      }
    },
    {
      "type": "Feature",
      "geometry": {
        "type": "MultiPolygon",
        "coordinates": [
          [
            [
              [102.7644376750002, 1.1592437649999938],
              [102.9775492250002, 1.0919252839999656],
              [103.0719933680002, 0.8313416929999804],
              [102.78895089100018, 1.0241007510000166],
              [102.7644376750002, 1.1592437649999938]
            ]
          ],
          [
            [
              [102.48981854000004, 1.1275187689999717],
              [103.0466406580002, 0.8244188089999802],
              [102.55065476400016, 0.7714205029999773],
              [102.41130316300003, 0.892144611999945],
              [102.48981854000004, 1.1275187689999717]
            ]
          ],
          [
            [
              [101.66657111300013, 2.118348682999981],
              [101.73176262300021, 1.7639004650000187],
              [101.45422186800015, 1.7250755810000031],
              [101.40554647700017, 2.0209249659999426],
              [101.66657111300013, 2.118348682999981]
            ]
          ],
          [
            [
              [102.28787606400009, 1.41465617099994],
              [102.48510314200014, 1.23769853200002],
              [102.48333312500014, 0.9446816889999503],
              [102.27582163400004, 1.005645623999999],
              [102.28787606400009, 1.41465617099994]
            ]
          ],
          [
            [
              [102.03271969600019, 1.6082485789999943],
              [102.46076799800014, 1.5180993999999346],
              [102.50807605300015, 1.2542954030000413],
              [102.03271969600019, 1.6082485789999943]
            ]
          ],
          [
            [
              [103.33179700000021, -0.35901999999990114],
              [103.59982600000019, -0.43979499999998173],
              [103.3958800000002, -0.513138000000001],
              [103.33179700000021, -0.35901999999990114]
            ]
          ],
          [
            [
              [103.55410809700005, -0.21638716199988506],
              [103.78533756000026, -0.33703237099998085],
              [103.45080000000013, -0.35752699999989856],
              [103.55410809700005, -0.21638716199988506]
            ]
          ],
          [
            [
              [101.83240430700013, -0.9822651129999684],
              [100.84544426200013, -0.34192713400005603],
              [100.68068978200013, 0.18730928900000923],
              [100.48236319000014, 0.40111346700005557],
              [100.28961828600013, 0.3984468870000313],
              [100.19328707200007, 0.7638156909999484],
              [100.02650540100012, 1.1613208959999906],
              [100.04246081400002, 1.3928012909999958],
              [100.41306352200017, 1.4650173659999521],
              [100.42286187800005, 1.7653537740000078],
              [100.28839494700017, 1.7997835109999953],
              [100.3655121020002, 2.2101530710000263],
              [100.32387482400001, 2.540081798000019],
              [100.57127542300017, 2.1552971139999997],
              [100.78882190000004, 2.1181732100000374],
              [100.78137509300012, 2.2829341290000333],
              [101.03975111500014, 2.291450122999967],
              [101.32277465800017, 1.997088526000015],
              [101.39304269000016, 1.7131106939999807],
              [101.75815941000016, 1.6609564630000317],
              [102.15903865300012, 1.3604386079999855],
              [102.22846598600012, 0.9966161710000337],
              [102.51188978400012, 0.7487070349999548],
              [102.91266878700004, 0.7150776460000293],
              [103.10856101200005, 0.456053725999957],
              [102.61709503500016, 0.23269981799997239],
              [102.85506862900016, 0.2485539190000101],
              [103.32637199900014, 0.5450229449999993],
              [103.71640404600011, 0.2949983369999619],
              [103.80429575200007, -0.012444424000015827],
              [103.59084, -0.022059999999974142],
              [103.325476, -0.354193999999909],
              [103.44464923000005, -0.7379270709999797],
              [103.02842241399996, -0.7439056570000143],
              [102.64213077400002, -1.127753030000026],
              [102.30760958200011, -0.9249336830000191],
              [102.0133149270001, -0.8766868540000633],
              [101.83240430700013, -0.9822651129999684]
            ]
          ]
        ]
      },
      "properties": {
        "PROVINSI": "RIAU",
        "REGION": "SUMATERA",
        "NEGARA": "INDONESIA",
        "IBU_PROV": "Pekanbaru",
        "id": 14
      }
    },
    {
      "type": "Feature",
      "geometry": {
        "type": "Polygon",
        "coordinates": [
          [
            [104.49288370500003, -1.668089060000017],
            [104.34043423300014, -1.7584731690000686],
            [103.59083789400017, -1.8449906960000104],
            [103.44424510400019, -2.3548228080000193],
            [103.26013655300012, -2.133023533999986],
            [103.14355130100016, -2.3608378539999766],
            [102.87448010600016, -2.4107164450000447],
            [102.59488267100014, -2.6790180620000017],
            [102.27651377100021, -2.613906246999964],
            [102.0670465220002, -2.7664778010000317],
            [101.85992131000015, -2.729741747000011],
            [101.28540329300014, -2.2767717920000203],
            [101.13162660800003, -1.6852085600000204],
            [101.50160325300017, -1.679176825000032],
            [101.72270779800019, -1.4388353659999569],
            [101.83240430700013, -0.9822651129999684],
            [102.0133149270001, -0.8766868540000633],
            [102.30760958200011, -0.9249336830000191],
            [102.64213077400002, -1.127753030000026],
            [103.02842241399996, -0.7439056570000143],
            [103.44464923000005, -0.7379270709999797],
            [103.67482740000004, -0.9522122480000067],
            [104.19574720500034, -1.0591598519999825],
            [104.35913443900009, -1.0198998390000251],
            [104.49288370500003, -1.668089060000017]
          ]
        ]
      },
      "properties": {
        "PROVINSI": "JAMBI",
        "REGION": "SUMATERA",
        "NEGARA": "INDONESIA",
        "IBU_PROV": "Jambi",
        "id": 15
      }
    },
    {
      "type": "Feature",
      "geometry": {
        "type": "MultiPolygon",
        "coordinates": [
          [
            [
              [98.41813841200018, -0.2412463970000021],
              [98.52238206300005, -0.3795849989999644],
              [98.34921836000015, -0.5147144869999877],
              [98.41813841200018, -0.2412463970000021]
            ]
          ],
          [
            [
              [97.35078628400005, 1.5412374670000226],
              [97.94688652900008, 0.9565377250000224],
              [97.89916539700013, 0.6237364530000339],
              [97.71005858100013, 0.5613127399999938],
              [97.60343957300017, 0.838596969000067],
              [97.41910904200013, 0.9505570169999836],
              [97.09783391100008, 1.4081398059999914],
              [97.35078628400005, 1.5412374670000226]
            ]
          ],
          [
            [
              [98.25448491900015, 4.2890768320000126],
              [98.23690886000013, 4.131022121999959],
              [98.54282952800008, 4.007723798000003],
              [98.70652818400012, 3.7728947470000596],
              [98.95110251700012, 3.674047756000019],
              [99.69826865600014, 3.2008542000000535],
              [99.99340861000012, 2.95011223399999],
              [99.99838977500015, 2.7241937650000287],
              [100.22012276100004, 2.7052396930000007],
              [100.32387482400001, 2.540081798000019],
              [100.3655121020002, 2.2101530710000263],
              [100.28839494700017, 1.7997835109999953],
              [100.42286187800005, 1.7653537740000078],
              [100.41306352200017, 1.4650173659999521],
              [100.04246081400002, 1.3928012909999958],
              [100.02650540100012, 1.1613208959999906],
              [100.19328707200007, 0.7638156909999484],
              [99.87255928700012, 0.9072205439999692],
              [99.9052007270001, 0.47108852600004214],
              [99.46873310000002, 0.5236151509999862],
              [99.16726943300017, 0.2283656310000067],
              [99.06027265100002, 0.7253967170000397],
              [98.78364509000004, 1.4244162589999756],
              [98.84064420700018, 1.6415243259999848],
              [98.46259230000017, 1.9884965930000083],
              [98.13049888800005, 2.1659701440000694],
              [98.10847702700005, 2.7761210059999226],
              [97.94207698100006, 2.902617970999968],
              [97.92243402200016, 3.2284750130000313],
              [98.02847301700008, 3.3305610009999964],
              [97.80027302000016, 3.7226659959999826],
              [98.25448491900015, 4.2890768320000126]
            ]
          ]
        ]
      },
      "properties": {
        "PROVINSI": "SUMATERA UTARA",
        "REGION": "SUMATERA",
        "NEGARA": "INDONESIA",
        "IBU_PROV": "Medan",
        "id": 12
      }
    },
    {
      "type": "Feature",
      "geometry": {
        "type": "MultiPolygon",
        "coordinates": [
          [
            [
              [104.4805571860002, -0.34188517899995413],
              [104.60193901300012, -0.4676272580000554],
              [104.35928438800013, -0.6825727409999952],
              [104.27726977400009, -0.3961956740000579],
              [104.4805571860002, -0.34188517899995413]
            ]
          ],
          [
            [
              [104.58265363800005, 0.005348972000055467],
              [104.75733616400001, -0.19561554500005687],
              [104.4294854720002, -0.23691923400000783],
              [104.58265363800005, 0.005348972000055467]
            ]
          ],
          [
            [
              [108.38009992600016, 3.886770415000014],
              [108.29556681274491, 3.657842184029075],
              [108.089751803089, 3.6810349652030503],
              [107.97385918661803, 4.014855165368619],
              [108.21948022353003, 4.230665160537367],
              [108.38009992600016, 3.886770415000014]
            ]
          ],
          [
            [
              [104.11393007700009, 1.1963931540000157],
              [104.10106776400016, 0.9824074999999983],
              [103.91871605800016, 1.1400059439999577],
              [104.11393007700009, 1.1963931540000157]
            ]
          ],
          [
            [
              [104.57038192800015, 1.2414285880000195],
              [104.65987122100013, 0.9141580849999497],
              [104.47532561300014, 0.8517111240000453],
              [104.40420621200015, 1.0541398129999768],
              [104.21394251300018, 1.0678666650000193],
              [104.57038192800015, 1.2414285880000195]
            ]
          ]
        ]
      },
      "properties": {
        "PROVINSI": "KEPULAUAN RIAU",
        "REGION": "SUMATERA",
        "NEGARA": "INDONESIA",
        "IBU_PROV": "Tanjungpinang",
        "id": 21
      }
    },
    {
      "type": "Feature",
      "geometry": {
        "type": "MultiPolygon",
        "coordinates": [
          [
            [
              [95.80207433500003, 2.929338340000058],
              [96.46679430600018, 2.460558991000009],
              [96.31447288600003, 2.3590991920000572],
              [95.6933882750002, 2.7694985970000072],
              [95.80207433500003, 2.929338340000058]
            ]
          ],
          [
            [
              [98.25448491900015, 4.2890768320000126],
              [97.80027302000016, 3.7226659959999826],
              [98.02847301700008, 3.3305610009999964],
              [97.92243402200016, 3.2284750130000313],
              [97.94207698100006, 2.902617970999968],
              [98.10847702700005, 2.7761210059999226],
              [98.13049888800005, 2.1659701440000694],
              [97.78151332300015, 2.2308984370000084],
              [97.6656549010001, 2.394156513000007],
              [97.58095631700019, 2.8895900520000013],
              [97.42661253600014, 2.9333725269999578],
              [97.00211409800008, 3.5468099699999973],
              [96.77443136500005, 3.7388205889999964],
              [96.53501116300008, 3.7300431720000216],
              [95.42025959200006, 4.819692344999965],
              [95.21376674400013, 5.303830187999993],
              [95.19438666600013, 5.52665723299998],
              [95.4321227990002, 5.656619576000114],
              [95.88795105100007, 5.503853127999985],
              [96.08757633200022, 5.2905781109999515],
              [96.39442049200004, 5.20937004400002],
              [96.81878669600025, 5.272508074000186],
              [97.23818684500009, 5.151853741000059],
              [97.4987569940001, 5.249438951999942],
              [97.9021249900001, 4.8890775570000224],
              [97.98675669300019, 4.5343744450000125],
              [98.28613720200019, 4.416770832999966],
              [98.25448491900015, 4.2890768320000126]
            ]
          ]
        ]
      },
      "properties": {
        "PROVINSI": "NANGGROE ACEH DARUSSALAM",
        "REGION": "SUMATERA",
        "NEGARA": "INDONESIA",
        "IBU_PROV": "Bandaaceh",
        "id": 11
      }
    },
    {
      "type": "Feature",
      "geometry": {
        "type": "MultiPolygon",
        "coordinates": [
          [
            [
              [107.81654064400017, -2.526470157000044],
              [108.10477961300013, -2.614916446999988],
              [108.2984308330001, -2.8487451649999525],
              [108.15247644200016, -3.1721366069999615],
              [107.98542779800006, -3.2735923350000045],
              [107.88931169000011, -3.0819568660000316],
              [107.64059462400019, -3.2395534650000255],
              [107.56085148100016, -3.001281732999968],
              [107.65770305500017, -2.55941323499995],
              [107.81654064400017, -2.526470157000044]
            ]
          ],
          [
            [
              [105.91661102900022, -1.5035399429999523],
              [106.17637485000013, -1.8800054880000083],
              [106.15893556500014, -2.086452399999965],
              [106.34538889200005, -2.4597297739999977],
              [106.84105634200012, -2.571996704999986],
              [106.5948031070002, -2.9475781759999684],
              [106.7374037560001, -3.085535224999987],
              [106.5137177280002, -3.1142214820000294],
              [106.42799974900005, -2.9738389649999712],
              [105.97768511000002, -2.8154898289999672],
              [105.78463025800012, -2.163859749000011],
              [105.56955828600019, -2.0692752829999823],
              [105.30273592800005, -2.1534323020000117],
              [105.12521927600014, -1.9586652260000383],
              [105.36960328000002, -1.8240395469999606],
              [105.34343913800002, -1.6516517559999628],
              [105.91661102900022, -1.5035399429999523]
            ]
          ]
        ]
      },
      "properties": {
        "PROVINSI": "KEPULAUAN BANGKA BELITUNG",
        "REGION": "SUMATERA",
        "NEGARA": "INDONESIA",
        "IBU_PROV": "Pangkalpinang",
        "id": 19
      }
    },
    {
      "type": "Feature",
      "geometry": {
        "type": "MultiPolygon",
        "coordinates": [
          [
            [
              [104.91087214500003, -2.3807526069999905],
              [104.95235173400016, -2.749635082000001],
              [104.76113850300011, -2.704754690999968],
              [104.91087214500003, -2.3807526069999905]
            ]
          ],
          [
            [
              [104.49288370500003, -1.668089060000017],
              [104.49378194300019, -1.6694319370000115],
              [104.49982824000007, -1.679713831000058],
              [104.57860316264582, -2.0053124325751415],
              [104.82942998600026, -2.0039477070000324],
              [104.91788227500025, -2.2898812760000586],
              [104.77602121100009, -2.5732340769999693],
              [104.90149075500017, -2.923847591000002],
              [105.06888500000018, -2.360908607999985],
              [105.61996600900005, -2.3909998159999875],
              [105.61023974500007, -2.5982837110000014],
              [105.78059995400017, -2.6850263610000376],
              [105.85671480900012, -2.9568916259999907],
              [106.04627819700016, -2.9916857780000123],
              [106.09676432900012, -3.2355398859999283],
              [105.91098582700009, -3.391930232999956],
              [105.82640913200005, -3.698984025999974],
              [105.96145907700014, -3.828027943999954],
              [105.82985526900008, -4.172630154000001],
              [105.52359841400009, -3.841476840000022],
              [105.35261882800017, -3.7926177740000426],
              [105.00000000000004, -4.177553999999992],
              [104.60221600000013, -4.2319119999999355],
              [104.34647900000004, -4.398063000000035],
              [104.31012600000008, -4.883267999999967],
              [103.93670620200007, -4.890686185000015],
              [103.76138403700013, -4.775119629000022],
              [103.46375213200021, -4.337679031000024],
              [103.07384602200018, -4.261286560000006],
              [102.61832193000008, -3.8012501890000134],
              [102.98943819400017, -3.369712925999935],
              [102.49786291900011, -3.262865562000039],
              [102.4332160780001, -3.0549513719999903],
              [102.25472698700011, -3.0365997159999787],
              [102.0670465220002, -2.7664778010000317],
              [102.27651377100021, -2.613906246999964],
              [102.59488267100014, -2.6790180620000017],
              [102.87448010600016, -2.4107164450000447],
              [103.14355130100016, -2.3608378539999766],
              [103.26013655300012, -2.133023533999986],
              [103.44424510400019, -2.3548228080000193],
              [103.59083789400017, -1.8449906960000104],
              [104.34043423300014, -1.7584731690000686],
              [104.49288370500003, -1.668089060000017]
            ]
          ]
        ]
      },
      "properties": {
        "PROVINSI": "SUMATERA SELATAN",
        "REGION": "SUMATERA",
        "NEGARA": "INDONESIA",
        "IBU_PROV": "Palembang",
        "id": 16
      }
    },
    {
      "type": "Feature",
      "geometry": {
        "type": "MultiPolygon",
        "coordinates": [
          [
            [
              [116.02268200000006, -8.90300200000001],
              [115.84541319900015, -8.825292566999915],
              [116.07187654000018, -8.67062282999998],
              [116.0320129470001, -8.446869865000034],
              [116.35004425400015, -8.211184503000007],
              [116.71813965500016, -8.348304749999974],
              [116.50093078500015, -8.805569634999971],
              [116.56209564000011, -8.895648952000018],
              [116.02268200000006, -8.90300200000001]
            ]
          ],
          [
            [
              [117.93657685300008, -8.083370204999968],
              [118.08071898600008, -8.100283623999976],
              [118.31742860000021, -8.370325092999936],
              [118.4634704600001, -8.245982179999972],
              [119.00418855100017, -8.314039219999986],
              [119.03578185900012, -8.64178465399999],
              [119.16531371500008, -8.722982400999962],
              [118.45056151600022, -8.884839991999987],
              [118.35868073700016, -8.683226577000008],
              [118.18495177700004, -8.854052545000007],
              [117.67645262100018, -8.92464925300001],
              [117.40935517700018, -9.049456585999943],
              [117.00948333000017, -9.107514371999953],
              [116.73918915900008, -8.996851929000021],
              [116.7640151950002, -8.65372943199994],
              [117.1550598020001, -8.364287394999975],
              [117.62512206600007, -8.444583890999985],
              [117.77285002500011, -8.711727155999954],
              [118.28809355600015, -8.623456964000026],
              [117.69086457600015, -8.234824185999928],
              [117.93657685300008, -8.083370204999968]
            ]
          ]
        ]
      },
      "properties": {
        "PROVINSI": "NUSA TENGGARA BARAT",
        "REGION": "",
        "NEGARA": "",
        "IBU_PROV": "",
        "id": 52
      }
    },
    {
      "type": "Feature",
      "geometry": {
        "type": "MultiPolygon",
        "coordinates": [
          [
            [
              [123.37868499300018, -10.431041701999982],
              [123.42673491800018, -10.656451218999946],
              [122.82479096600008, -10.923083299999986],
              [122.8100204510001, -10.781994823999957],
              [123.042289727, -10.729551301000045],
              [123.37868499300018, -10.431041701999982]
            ]
          ],
          [
            [
              [121.95289612300004, -10.433817872],
              [121.87485503800013, -10.618319521999991],
              [121.68535614200012, -10.575070382999924],
              [121.95289612300004, -10.433817872]
            ]
          ],
          [
            [
              [119.93894196500015, -9.278782852999973],
              [120.25225066000007, -9.647524844000005],
              [120.46808624300014, -9.616630569999979],
              [120.83851624400013, -10.09695052100002],
              [120.45388794000007, -10.313715935000017],
              [120.16478727300012, -10.239988341000045],
              [119.67105104000014, -9.780947697999936],
              [119.38450621600016, -9.795807823999963],
              [119.02618408500012, -9.67508413000005],
              [118.98983000900007, -9.456274030999984],
              [119.30157471100019, -9.357491491999964],
              [119.80700681600013, -9.393884667000046],
              [119.93894196500015, -9.278782852999973]
            ]
          ],
          [
            [
              [124.94663238900006, -8.958061214999985],
              [125.192839755, -9.153916892999986],
              [124.98274329100015, -9.191406923999962],
              [125.08615875900007, -9.462989824999918],
              [124.75075532000015, -9.881637556999939],
              [124.40896606800007, -10.164546961999937],
              [124.17072295199998, -10.155522342999928],
              [123.86546324800017, -10.332064636999943],
              [123.45548249200023, -10.349164964999963],
              [123.674499521, -9.628176696999985],
              [123.99521637200013, -9.34207535399994],
              [124.35478013600014, -9.485236284999937],
              [124.4779680070002, -9.175702333999963],
              [124.94663238900006, -8.958061214999985]
            ]
          ],
          [
            [
              [119.63475037600016, -8.60534382099996],
              [119.80497741300016, -8.625327120000042],
              [119.68997954700008, -8.810767184999962],
              [119.63475037600016, -8.60534382099996]
            ]
          ],
          [
            [
              [119.45699310000016, -8.42850017499997],
              [119.56561279300008, -8.484115593000046],
              [119.38213348500014, -8.731643670000016],
              [119.45699310000016, -8.42850017499997]
            ]
          ],
          [
            [
              [123.21135710400016, -8.225437161999954],
              [123.2946090630001, -8.388175015999982],
              [122.99787904300001, -8.405569078999969],
              [123.21135710400016, -8.225437161999954]
            ]
          ],
          [
            [
              [124.29164124400019, -8.177392000999989],
              [124.30156706400015, -8.330083837999963],
              [124.06467438500016, -8.550564754999984],
              [124.29164124400019, -8.177392000999989]
            ]
          ],
          [
            [
              [123.78266144300017, -8.170866961000028],
              [123.92279051700004, -8.24259566599999],
              [123.3938369680001, -8.584998116000003],
              [123.23223877700005, -8.51108073599996],
              [123.56254578500008, -8.247009285999956],
              [123.78266144300017, -8.170866961000028]
            ]
          ],
          [
            [
              [124.5296859660002, -8.122723582000019],
              [124.6089172490001, -8.19736574899999],
              [125.09510039200013, -8.147583009999964],
              [125.12349699800009, -8.338176738999975],
              [124.41759491300002, -8.459238053999934],
              [124.34185791200005, -8.39156341600003],
              [124.5296859660002, -8.122723582000019]
            ]
          ],
          [
            [
              [122.86659241800018, -8.063357359000017],
              [123.02069852600002, -8.315376261999946],
              [122.83111572600008, -8.589703560999956],
              [122.37622833600015, -8.752476692999972],
              [122.11380768300013, -8.730058665999968],
              [121.77419279200011, -8.882668508999997],
              [121.38796234100009, -8.789160725999961],
              [121.34243774500023, -8.905082690999949],
              [121.01508329800015, -8.956397045999958],
              [120.8379287740001, -8.829360029000016],
              [119.90975951900019, -8.839076041999943],
              [119.80058287100017, -8.757802008999965],
              [119.86081695200014, -8.453124044999965],
              [120.11333465800021, -8.43837833699999],
              [120.26061248800022, -8.282972327999977],
              [120.60052491100018, -8.255360596000033],
              [121.30780792400012, -8.48160839899999],
              [121.52342985600009, -8.613854425999984],
              [122.02525328300023, -8.447068211000014],
              [122.22145080600009, -8.620374678999992],
              [122.46160124200007, -8.603105552999951],
              [122.60364532500003, -8.392435069999943],
              [122.89312742700021, -8.277469654000052],
              [122.73066713200005, -8.224457739000007],
              [122.86659241800018, -8.063357359000017]
            ]
          ]
        ]
      },
      "properties": {
        "PROVINSI": "NUSA TENGGARA TIMUR",
        "REGION": "",
        "NEGARA": "",
        "IBU_PROV": "",
        "id": 53
      }
    }
  ]
}
